Washington, DC	20001 20002 20003 20004 20005 20006 20007 20008 20009 20010 20011 20012 20013 20015 20016 20017 20018 20019 20020 20022 20023 20024 20026 20027 20029 20030 20032 20033 20035 20036 20037 20038 20039 20040 20041 20042 20043 20044 20045 20046 20047 20049 20050 20051 20052 20053 20055 20056 20057 20058 20059 20060 20061 20062 20063 20064 20065 20066 20067 20068 20069 20070 20071 20073 20074 20075 20076 20077 20078 20080 20081 20082 20088 20090 20091 20097 20098 20201 20202 20203 20204 20206 20207 20208 20210 20211 20212 20213 20214 20215 20216 20217 20218 20219 20220 20221 20222 20223 20224 20226 20227 20228 20229 20230 20232 20233 20235 20237 20238 20239 20240 20241 20242 20244 20245 20250 20251 20252 20254 20260 20261 20262 20265 20266 20268 20270 20277 20289 20299 20301 20303 20306 20307 20310 20314 20317 20318 20319 20330 20340 20350 20355 20370 20372 20375 20380 20389 20390 20392 20393 20394 20395 20401 20402 20403 20404 20405 20406 20407 20408 20409 20410 20411 20412 20413 20414 20415 20416 20417 20418 20419 20420 20421 20422 20423 20424 20425 20426 20427 20428 20429 20431 20433 20434 20435 20436 20437 20439 20440 20441 20442 20444 20447 20451 20453 20456 20460 20463 20468 20469 20470 20472 20500 20501 20502 20503 20504 20505 20506 20507 20508 20509 20510 20511 20515 20520 20521 20522 20523 20524 20525 20526 20527 20528 20529 20530 20531 20532 20533 20534 20535 20536 20537 20538 20539 20540 20541 20542 20543 20544 20546 20547 20548 20549 20551 20552 20553 20554 20555 20557 20558 20559 20560 20565 20566 20570 20571 20572 20573 20575 20576 20577 20578 20579 20580 20581 20585 20586 20590 20591 20593 20594 20597 20599
Houston, TX	77001 77002 77003 77004 77005 77006 77007 77008 77009 77010 77011 77012 77013 77014 77015 77016 77017 77018 77019 77020 77021 77022 77023 77024 77025 77026 77027 77028 77029 77030 77031 77032 77033 77034 77035 77036 77037 77038 77039 77040 77041 77042 77043 77044 77045 77046 77047 77048 77049 77050 77051 77052 77053 77054 77055 77056 77057 77058 77059 77060 77061 77062 77063 77064 77065 77066 77067 77068 77069 77070 77071 77072 77073 77074 77075 77076 77077 77078 77079 77080 77081 77082 77083 77084 77085 77086 77087 77088 77089 77090 77091 77092 77093 77094 77095 77096 77097 77098 77099 77201 77202 77203 77204 77205 77206 77207 77208 77209 77210 77212 77213 77215 77216 77217 77218 77219 77220 77221 77222 77223 77224 77225 77226 77227 77228 77229 77230 77231 77233 77234 77235 77236 77237 77238 77240 77241 77242 77243 77244 77245 77246 77247 77248 77249 77250 77251 77252 77253 77254 77255 77256 77257 77258 77259 77260 77261 77262 77263 77265 77266 77267 77268 77269 77270 77271 77272 77273 77274 77275 77276 77277 77278 77279 77280 77282 77284 77285 77286 77287 77288 77289 77290 77291 77292 77293 77294 77296 77297 77298 77299
New York, NY	10001 10002 10003 10004 10005 10006 10007 10008 10009 10010 10011 10012 10013 10014 10015 10016 10017 10018 10019 10020 10021 10022 10023 10024 10025 10026 10027 10028 10029 10030 10031 10032 10033 10034 10035 10036 10037 10038 10039 10040 10041 10043 10044 10045 10046 10047 10048 10055 10060 10065 10069 10072 10075 10079 10080 10081 10082 10087 10090 10094 10095 10096 10098 10099 10101 10102 10103 10104 10105 10106 10107 10108 10109 10110 10111 10112 10113 10114 10115 10116 10117 10118 10119 10120 10121 10122 10123 10124 10125 10126 10128 10129 10130 10131 10132 10133 10138 10149 10150 10151 10152 10153 10154 10155 10156 10157 10158 10159 10160 10161 10162 10163 10164 10165 10166 10167 10168 10169 10170 10171 10172 10173 10174 10175 10176 10177 10178 10179 10184 10185 10196 10197 10199 10200 10203 10211 10212 10213 10242 10249 10256 10257 10258 10259 10260 10261 10265 10268 10269 10270 10271 10272 10273 10274 10275 10276 10277 10278 10279 10280 10281 10282 10285 10286 10292
El Paso, TX	79901 79902 79903 79904 79905 79906 79907 79908 79910 79911 79912 79913 79914 79915 79917 79920 79922 79923 79924 79925 79926 79927 79928 79929 79930 79931 79932 79934 79935 79936 79937 79938 79940 79941 79942 79943 79944 79945 79946 79947 79948 79949 79950 79951 79952 79953 79954 79955 79958 79960 79961 79968 79976 79978 79980 79990 79995 79996 79997 79998 79999 88510 88511 88512 88513 88514 88515 88516 88517 88518 88519 88520 88521 88523 88524 88525 88526 88527 88528 88529 88530 88531 88532 88533 88534 88535 88536 88538 88539 88540 88541 88542 88543 88544 88545 88546 88547 88548 88549 88550 88553 88554 88555 88556 88557 88558 88559 88560 88561 88562 88563 88565 88566 88567 88568 88569 88570 88571 88572 88573 88574 88575 88576 88577 88578 88579 88580 88581 88582 88583 88584 88585 88586 88587 88588 88589 88590 88595
Dallas, TX	75201 75202 75203 75204 75205 75206 75207 75208 75209 75210 75211 75212 75214 75215 75216 75217 75218 75219 75220 75221 75222 75223 75224 75225 75226 75227 75228 75229 75230 75231 75232 75233 75234 75235 75236 75237 75238 75240 75241 75242 75243 75244 75245 75246 75247 75248 75249 75250 75251 75252 75253 75254 75258 75260 75261 75262 75263 75264 75265 75266 75267 75270 75275 75277 75283 75284 75285 75286 75287 75301 75303 75310 75312 75313 75315 75320 75323 75326 75334 75336 75339 75340 75342 75343 75344 75353 75354 75355 75356 75357 75358 75359 75360 75363 75364 75367 75368 75370 75371 75372 75373 75374 75376 75378 75379 75380 75381 75382 75386 75387 75388 75389 75390 75391 75392 75393 75394 75395 75396 75397 75398
Atlanta, GA	30301 30302 30303 30304 30305 30306 30307 30308 30309 30310 30311 30312 30313 30314 30315 30316 30317 30318 30319 30320 30321 30322 30324 30325 30326 30327 30328 30329 30330 30331 30332 30333 30334 30336 30337 30338 30339 30340 30341 30342 30343 30344 30345 30346 30347 30348 30349 30350 30353 30354 30355 30356 30357 30358 30359 30360 30361 30362 30363 30364 30366 30368 30369 30370 30371 30374 30375 30376 30377 30378 30379 30380 30384 30385 30386 30387 30388 30389 30390 30392 30394 30396 30398 30399 31106 31107 31119 31120 31126 31131 31136 31139 31141 31145 31146 31150 31156 31191 31192 31193 31195 31196 31197 31198 31199 39901
Sacramento, CA	94203 94204 94205 94206 94207 94208 94209 94211 94229 94230 94232 94234 94235 94236 94237 94239 94240 94244 94245 94246 94247 94248 94249 94250 94252 94254 94256 94257 94258 94259 94261 94262 94263 94267 94268 94269 94271 94273 94274 94277 94278 94279 94280 94282 94283 94284 94285 94286 94287 94288 94289 94290 94291 94293 94294 94295 94296 94297 94298 94299 95811 95812 95813 95814 95815 95816 95817 95818 95819 95820 95821 95822 95823 95824 95825 95826 95827 95828 95829 95830 95831 95832 95833 95834 95835 95836 95837 95838 95840 95841 95842 95851 95852 95853 95860 95864 95865 95866 95867 95887 95894 95899
Miami, FL	33101 33102 33106 33107 33110 33111 33112 33116 33121 33122 33124 33125 33126 33127 33128 33129 33130 33131 33132 33133 33134 33135 33136 33137 33138 33142 33143 33144 33145 33146 33147 33148 33150 33151 33152 33153 33155 33156 33157 33158 33159 33161 33162 33163 33164 33165 33166 33167 33168 33169 33170 33172 33173 33174 33175 33176 33177 33178 33179 33180 33181 33182 33183 33184 33185 33186 33187 33188 33189 33190 33191 33192 33193 33194 33195 33196 33197 33198 33199 33206 33222 33231 33233 33234 33238 33242 33243 33245 33247 33255 33256 33257 33261 33265 33266 33269 33280 33283 33296 33299
Los Angeles, CA	90001 90002 90003 90004 90005 90006 90007 90008 90009 90010 90011 90012 90013 90014 90015 90016 90017 90018 90019 90020 90021 90022 90023 90024 90025 90026 90027 90028 90029 90030 90031 90032 90033 90034 90035 90036 90037 90038 90039 90040 90041 90042 90043 90044 90045 90046 90047 90048 90049 90050 90051 90052 90053 90054 90055 90056 90057 90058 90059 90060 90061 90062 90063 90064 90065 90066 90067 90068 90070 90071 90072 90073 90074 90075 90076 90077 90078 90079 90080 90081 90082 90083 90084 90085 90086 90087 90088 90089 90091 90093 90095 90096 90099 90101 90102 90103 90134 90189
Chicago, IL	60290 60601 60602 60603 60604 60605 60606 60607 60608 60609 60610 60611 60612 60613 60614 60615 60616 60617 60618 60619 60620 60621 60622 60623 60624 60625 60626 60628 60629 60630 60631 60632 60633 60634 60636 60637 60638 60639 60640 60641 60642 60643 60644 60645 60646 60647 60649 60651 60652 60653 60654 60655 60656 60657 60659 60660 60661 60663 60664 60666 60668 60669 60670 60673 60674 60675 60677 60678 60679 60680 60681 60682 60684 60685 60686 60687 60688 60689 60690 60691 60693 60694 60695 60696 60697 60699 60701
Philadelphia, PA	19019 19092 19093 19099 19101 19102 19103 19104 19105 19106 19107 19108 19109 19110 19111 19112 19113 19114 19115 19116 19118 19119 19120 19121 19122 19123 19124 19125 19126 19127 19128 19129 19130 19131 19132 19133 19134 19135 19136 19137 19138 19139 19140 19141 19142 19143 19144 19145 19146 19147 19148 19149 19150 19151 19152 19153 19154 19155 19160 19161 19162 19170 19171 19172 19173 19175 19176 19177 19178 19179 19181 19182 19183 19184 19185 19187 19188 19190 19191 19192 19193 19194 19195 19196 19197 19244 19255
San Antonio, TX	78201 78202 78203 78204 78205 78206 78207 78208 78209 78210 78211 78212 78213 78214 78215 78216 78217 78218 78219 78220 78221 78222 78223 78224 78225 78226 78227 78228 78229 78230 78231 78232 78233 78235 78237 78238 78239 78240 78241 78242 78243 78244 78245 78246 78247 78248 78249 78250 78251 78252 78253 78254 78255 78256 78257 78258 78259 78260 78261 78262 78263 78264 78265 78266 78268 78269 78270 78275 78278 78279 78280 78283 78284 78285 78286 78287 78288 78289 78291 78292 78293 78294 78295 78296 78297 78298 78299
Austin, TX	73301 73344 78701 78702 78703 78704 78705 78708 78709 78710 78711 78712 78713 78714 78715 78716 78717 78718 78719 78720 78721 78722 78723 78724 78725 78726 78727 78728 78729 78730 78731 78732 78733 78734 78735 78736 78737 78738 78739 78741 78742 78744 78745 78746 78747 78748 78749 78750 78751 78752 78753 78754 78755 78756 78757 78758 78759 78760 78761 78762 78763 78764 78765 78766 78767 78768 78769 78772 78773 78774 78778 78779 78780 78781 78783 78785 78786 78788 78789 78798 78799
Phoenix, AZ	85001 85002 85003 85004 85005 85006 85007 85008 85009 85010 85011 85012 85013 85014 85015 85016 85017 85018 85019 85020 85021 85022 85023 85024 85025 85026 85027 85028 85029 85030 85031 85032 85033 85034 85035 85036 85037 85038 85039 85040 85041 85042 85043 85044 85045 85046 85048 85050 85051 85053 85054 85055 85060 85061 85062 85063 85064 85065 85066 85067 85068 85069 85070 85071 85072 85073 85074 85075 85076 85077 85078 85079 85080 85082 85083 85085 85086 85096 85097 85098 85099
San Diego, CA	92101 92102 92103 92104 92105 92106 92107 92108 92109 92110 92111 92112 92113 92114 92115 92116 92117 92119 92120 92121 92122 92123 92124 92126 92127 92128 92129 92130 92131 92132 92133 92134 92135 92136 92137 92138 92139 92140 92142 92145 92147 92149 92150 92152 92153 92154 92155 92158 92159 92160 92161 92162 92163 92164 92165 92166 92167 92168 92169 92170 92171 92172 92174 92175 92176 92177 92179 92182 92184 92186 92187 92190 92191 92192 92193 92194 92195 92196 92197 92198 92199
Oklahoma City, OK	73101 73102 73103 73104 73105 73106 73107 73108 73109 73110 73111 73112 73113 73114 73115 73116 73117 73118 73119 73120 73121 73122 73123 73124 73125 73126 73127 73128 73129 73130 73131 73132 73134 73135 73136 73137 73139 73140 73141 73142 73143 73144 73145 73146 73147 73148 73149 73150 73151 73152 73153 73154 73155 73156 73157 73159 73160 73162 73163 73164 73165 73167 73169 73170 73172 73173 73175 73178 73179 73184 73185 73189 73190 73193 73194 73195 73196 73197 73198 73199
Pittsburgh, PA	15201 15202 15203 15204 15205 15206 15207 15208 15209 15210 15211 15212 15213 15214 15215 15216 15217 15218 15219 15220 15221 15222 15223 15224 15225 15226 15227 15228 15229 15230 15231 15232 15233 15234 15235 15236 15237 15238 15239 15240 15241 15242 15243 15244 15250 15251 15252 15253 15254 15255 15257 15258 15259 15260 15261 15262 15263 15264 15265 15266 15267 15268 15270 15272 15273 15274 15275 15276 15277 15278 15279 15281 15282 15283 15285 15286 15288 15289 15290 15295
Kansas City, MO	64101 64102 64105 64106 64108 64109 64110 64111 64112 64113 64114 64116 64117 64118 64119 64120 64121 64123 64124 64125 64126 64127 64128 64129 64130 64131 64132 64133 64134 64136 64137 64138 64139 64141 64144 64145 64146 64147 64148 64149 64151 64152 64153 64154 64155 64156 64157 64158 64161 64162 64163 64164 64165 64166 64167 64168 64170 64171 64172 64179 64180 64183 64184 64185 64187 64188 64190 64191 64192 64193 64194 64195 64196 64197 64198 64199 64944 64999
Las Vegas, NV	89101 89102 89103 89104 89105 89106 89107 89108 89109 89110 89111 89112 89113 89114 89115 89116 89117 89118 89119 89120 89121 89122 89123 89124 89125 89126 89127 89128 89129 89130 89131 89132 89133 89134 89135 89136 89137 89138 89139 89140 89141 89142 89143 89144 89145 89146 89147 89148 89149 89150 89151 89152 89153 89154 89155 89156 89157 89158 89159 89160 89161 89162 89164 89165 89166 89169 89170 89173 89177 89178 89179 89180 89183 89185 89193 89195 89199
Birmingham, AL	35201 35202 35203 35204 35205 35206 35207 35208 35209 35210 35211 35212 35213 35214 35215 35216 35217 35218 35219 35220 35221 35222 35223 35224 35225 35226 35228 35229 35230 35231 35232 35233 35234 35235 35236 35237 35238 35240 35242 35243 35244 35245 35246 35249 35253 35254 35255 35259 35260 35261 35263 35266 35270 35277 35278 35279 35280 35281 35282 35283 35285 35286 35287 35288 35289 35290 35291 35292 35293 35294 35295 35296 35297 35298 35299
Charlotte, NC	28201 28202 28203 28204 28205 28206 28207 28208 28209 28210 28211 28212 28213 28214 28215 28216 28217 28218 28219 28220 28221 28222 28223 28224 28226 28227 28228 28229 28230 28231 28232 28233 28234 28235 28236 28237 28241 28242 28243 28244 28246 28247 28250 28253 28254 28255 28256 28258 28260 28262 28263 28265 28266 28269 28270 28271 28272 28273 28274 28275 28277 28278 28280 28281 28282 28284 28285 28287 28288 28289 28290 28296 28297 28299
Cincinnati, OH	45201 45202 45203 45204 45205 45206 45207 45208 45209 45211 45212 45213 45214 45215 45216 45217 45218 45219 45220 45221 45222 45223 45224 45225 45226 45227 45228 45229 45230 45231 45232 45233 45234 45235 45236 45237 45238 45239 45240 45241 45242 45243 45244 45245 45246 45247 45248 45249 45250 45251 45252 45253 45254 45255 45258 45262 45263 45264 45267 45268 45269 45270 45271 45273 45274 45275 45277 45280 45296 45298 45299 45999
Saint Louis, MO	63101 63102 63103 63104 63105 63106 63107 63108 63109 63110 63111 63112 63113 63114 63115 63116 63117 63118 63119 63120 63121 63122 63123 63124 63125 63126 63127 63128 63129 63130 63131 63132 63133 63134 63135 63136 63137 63138 63139 63140 63141 63143 63144 63145 63146 63147 63150 63151 63155 63156 63157 63158 63160 63163 63164 63166 63167 63169 63171 63177 63178 63179 63180 63182 63188 63190 63195 63196 63197 63198 63199
Minneapolis, MN	55401 55402 55403 55404 55405 55406 55407 55408 55409 55410 55411 55412 55413 55414 55415 55416 55417 55418 55419 55420 55421 55422 55423 55424 55425 55426 55427 55428 55429 55430 55431 55432 55433 55434 55435 55436 55437 55438 55439 55440 55441 55442 55443 55444 55445 55446 55447 55448 55449 55450 55454 55455 55458 55459 55460 55467 55468 55470 55472 55473 55474 55478 55479 55480 55483 55484 55485 55486 55487 55488
Denver, CO	80201 80202 80203 80204 80205 80206 80207 80208 80209 80210 80211 80212 80214 80215 80216 80217 80218 80219 80220 80221 80222 80223 80224 80225 80226 80227 80228 80229 80230 80231 80232 80233 80234 80235 80236 80237 80238 80239 80243 80244 80246 80247 80248 80249 80250 80251 80252 80256 80257 80259 80260 80261 80262 80263 80264 80265 80266 80271 80273 80274 80279 80280 80281 80290 80291 80293 80294 80295 80299
Indianapolis, IN	46201 46202 46203 46204 46205 46206 46207 46208 46209 46210 46211 46213 46214 46216 46217 46218 46219 46220 46221 46222 46223 46224 46225 46226 46227 46228 46229 46230 46231 46234 46235 46236 46237 46239 46240 46241 46242 46244 46245 46247 46249 46250 46251 46253 46254 46255 46256 46259 46260 46262 46266 46268 46274 46275 46277 46278 46280 46282 46283 46285 46288 46290 46291 46295 46296 46298
Louisville, KY	40201 40202 40203 40204 40205 40206 40207 40208 40209 40210 40211 40212 40213 40214 40215 40216 40217 40218 40219 40220 40221 40222 40223 40224 40225 40228 40229 40231 40232 40233 40241 40242 40243 40245 40250 40251 40252 40253 40255 40256 40257 40258 40259 40261 40266 40268 40269 40270 40272 40280 40281 40282 40283 40285 40287 40289 40290 40291 40292 40293 40294 40295 40296 40297 40298 40299
San Francisco, CA	94101 94102 94103 94104 94105 94106 94107 94108 94109 94110 94111 94112 94114 94115 94116 94117 94118 94119 94120 94121 94122 94123 94124 94125 94126 94127 94128 94129 94130 94131 94132 94133 94134 94135 94136 94137 94138 94139 94140 94141 94142 94143 94144 94145 94146 94147 94150 94151 94152 94153 94154 94155 94156 94158 94159 94160 94161 94162 94163 94164 94171 94172 94175 94177 94188 94199
Memphis, TN	37501 37544 38101 38103 38104 38105 38106 38107 38108 38109 38110 38111 38112 38113 38114 38115 38116 38117 38118 38119 38120 38122 38124 38125 38126 38127 38128 38130 38131 38132 38133 38134 38135 38136 38137 38141 38142 38145 38147 38148 38150 38151 38152 38157 38159 38161 38163 38165 38166 38167 38168 38173 38174 38175 38177 38181 38182 38184 38186 38187 38188 38190 38193 38194 38197
Portland, OR	97201 97202 97203 97204 97205 97206 97207 97208 97209 97210 97211 97212 97213 97214 97215 97216 97217 97218 97219 97220 97221 97222 97223 97224 97225 97227 97228 97229 97230 97231 97232 97233 97236 97238 97239 97240 97242 97250 97251 97252 97253 97254 97255 97256 97258 97259 97266 97267 97268 97269 97271 97272 97280 97281 97282 97283 97286 97290 97291 97292 97293 97294 97296 97298 97299
Seattle, WA	98101 98102 98103 98104 98105 98106 98107 98108 98109 98111 98112 98113 98114 98115 98116 98117 98118 98119 98121 98122 98124 98125 98126 98127 98129 98131 98132 98133 98134 98136 98138 98139 98141 98144 98145 98146 98148 98151 98154 98155 98158 98160 98161 98164 98165 98166 98168 98170 98171 98174 98175 98177 98178 98181 98184 98185 98188 98189 98190 98191 98194 98195 98198 98199
New Orleans, LA	70112 70113 70114 70115 70116 70117 70118 70119 70121 70122 70123 70124 70125 70126 70127 70128 70129 70130 70131 70139 70140 70141 70142 70143 70145 70146 70148 70149 70150 70151 70152 70153 70154 70156 70157 70158 70159 70160 70161 70162 70163 70164 70165 70166 70167 70170 70172 70174 70175 70176 70177 70178 70179 70181 70182 70183 70184 70185 70186 70187 70189 70190 70195
Orlando, FL	32801 32802 32803 32804 32805 32806 32807 32808 32809 32810 32811 32812 32814 32815 32816 32817 32818 32819 32820 32821 32822 32824 32825 32826 32827 32828 32829 32830 32831 32832 32833 32834 32835 32836 32837 32839 32853 32854 32855 32856 32857 32858 32859 32860 32861 32862 32867 32868 32869 32872 32877 32878 32885 32886 32887 32890 32891 32893 32896 32897 32898 32899
Fresno, CA	93650 93701 93702 93703 93704 93705 93706 93707 93708 93709 93710 93711 93712 93714 93715 93716 93717 93718 93720 93721 93722 93723 93724 93725 93726 93727 93728 93729 93730 93737 93740 93741 93744 93745 93747 93750 93755 93760 93761 93764 93765 93771 93772 93773 93774 93775 93776 93777 93778 93779 93780 93784 93786 93790 93791 93792 93793 93794 93844 93888
Tampa, FL	33601 33602 33603 33604 33605 33606 33607 33608 33609 33610 33611 33612 33613 33614 33615 33616 33617 33618 33619 33620 33621 33622 33623 33624 33625 33626 33629 33630 33631 33633 33634 33635 33637 33646 33647 33650 33651 33655 33660 33661 33662 33663 33664 33672 33673 33674 33675 33677 33679 33680 33681 33682 33684 33685 33686 33687 33688 33689 33690 33694
Des Moines, IA	50301 50302 50303 50304 50305 50306 50307 50308 50309 50310 50311 50312 50313 50314 50315 50316 50317 50318 50319 50320 50321 50328 50329 50330 50331 50332 50333 50334 50335 50336 50339 50340 50347 50359 50360 50361 50362 50363 50364 50367 50368 50369 50380 50381 50391 50392 50393 50394 50395 50396 50397 50936 50940 50947 50980 50981 50982 50983
San Jose, CA	95025 95101 95103 95106 95108 95109 95110 95111 95112 95113 95115 95116 95117 95118 95119 95120 95121 95122 95123 95124 95125 95126 95127 95128 95129 95130 95131 95132 95133 95134 95135 95136 95138 95139 95141 95148 95150 95151 95152 95153 95154 95155 95156 95157 95158 95159 95160 95161 95164 95170 95172 95173 95190 95191 95192 95193 95194 95196
Colorado Springs, CO	80901 80902 80903 80904 80905 80906 80907 80908 80909 80910 80911 80912 80913 80914 80915 80916 80917 80918 80919 80920 80921 80922 80923 80924 80925 80926 80927 80928 80929 80930 80931 80932 80933 80934 80935 80936 80937 80938 80939 80940 80941 80942 80943 80944 80945 80946 80947 80949 80950 80951 80960 80962 80970 80977 80995 80997
Fort Worth, TX	76101 76102 76103 76104 76105 76106 76107 76108 76109 76110 76111 76112 76113 76114 76115 76116 76118 76119 76120 76121 76122 76123 76124 76126 76129 76130 76131 76132 76133 76134 76135 76136 76137 76140 76147 76148 76150 76155 76161 76162 76163 76164 76166 76177 76179 76181 76185 76190 76191 76192 76193 76195 76196 76197 76198 76199
Tulsa, OK	74101 74102 74103 74104 74105 74106 74107 74108 74110 74112 74114 74115 74116 74117 74119 74120 74121 74126 74127 74128 74129 74130 74131 74132 74133 74134 74135 74136 74137 74141 74145 74146 74147 74148 74149 74150 74152 74153 74155 74156 74157 74158 74159 74169 74170 74171 74172 74182 74183 74184 74186 74187 74189 74192 74193 74194
Tucson, AZ	85701 85702 85703 85704 85705 85706 85707 85708 85709 85710 85711 85712 85713 85714 85715 85716 85717 85718 85719 85720 85721 85722 85723 85724 85725 85726 85728 85730 85731 85732 85733 85734 85735 85736 85737 85739 85740 85741 85742 85743 85744 85745 85746 85747 85748 85749 85750 85751 85752 85754 85755 85756 85757 85775 85777
Salt Lake City, UT	84101 84102 84103 84104 84105 84106 84107 84108 84109 84110 84111 84112 84113 84114 84115 84116 84117 84118 84121 84122 84123 84124 84125 84126 84127 84129 84130 84131 84132 84133 84134 84136 84138 84139 84141 84143 84144 84145 84147 84148 84150 84151 84152 84157 84158 84165 84170 84171 84180 84184 84189 84190 84199
Brooklyn, NY	11201 11202 11203 11204 11205 11206 11207 11208 11209 11210 11211 11212 11213 11214 11215 11216 11217 11218 11219 11220 11221 11222 11223 11224 11225 11226 11228 11229 11230 11231 11232 11233 11234 11235 11236 11237 11238 11239 11240 11241 11242 11243 11244 11245 11247 11248 11249 11251 11252 11254 11255 11256
Jacksonville, FL	32099 32201 32202 32203 32204 32205 32206 32207 32208 32209 32210 32211 32212 32214 32215 32216 32217 32218 32219 32220 32221 32222 32223 32224 32225 32226 32227 32228 32229 32230 32231 32232 32234 32235 32236 32237 32238 32239 32241 32244 32245 32246 32247 32254 32255 32256 32257 32258 32260 32267 32277 32290
Albany, NY	12201 12202 12203 12204 12205 12206 12207 12208 12209 12210 12211 12212 12214 12220 12222 12223 12224 12225 12226 12227 12228 12229 12230 12231 12232 12233 12234 12235 12236 12237 12238 12239 12240 12241 12242 12243 12244 12245 12246 12247 12248 12249 12250 12252 12255 12256 12257 12260 12261 12288
Saint Paul, MN	55101 55102 55103 55104 55105 55106 55107 55108 55109 55110 55111 55112 55113 55114 55115 55116 55117 55118 55119 55120 55121 55122 55123 55124 55125 55126 55127 55128 55129 55130 55131 55133 55144 55145 55146 55155 55161 55164 55165 55166 55168 55169 55170 55171 55172 55175 55177 55187 55188 55191
Dayton, OH	45400 45401 45402 45403 45404 45405 45406 45408 45409 45410 45412 45413 45414 45415 45416 45417 45418 45419 45420 45422 45423 45424 45426 45427 45428 45429 45430 45431 45432 45433 45434 45435 45437 45439 45440 45441 45448 45449 45454 45458 45459 45463 45469 45470 45475 45479 45481 45482 45490
Omaha, NE	68101 68102 68103 68104 68105 68106 68107 68108 68109 68110 68111 68112 68114 68116 68117 68118 68119 68120 68122 68124 68127 68130 68131 68132 68134 68135 68136 68137 68138 68139 68142 68144 68145 68152 68154 68155 68157 68164 68172 68175 68176 68178 68179 68180 68181 68182 68183 68197 68198
Baltimore, MD	21201 21202 21203 21205 21206 21209 21210 21211 21212 21213 21214 21215 21216 21217 21218 21223 21224 21229 21230 21231 21233 21235 21239 21240 21241 21250 21251 21260 21261 21263 21264 21265 21268 21270 21273 21274 21275 21278 21279 21280 21281 21283 21287 21288 21289 21290 21297 21298
Columbus, OH	43085 43201 43202 43203 43204 43205 43206 43207 43209 43210 43211 43212 43213 43214 43215 43216 43217 43218 43219 43220 43221 43222 43223 43224 43226 43227 43228 43229 43230 43231 43232 43234 43235 43236 43240 43251 43260 43265 43266 43268 43270 43271 43272 43279 43287 43291 43299
Fort Lauderdale, FL	33301 33302 33303 33304 33305 33306 33307 33308 33309 33310 33311 33312 33313 33314 33315 33316 33317 33318 33319 33320 33321 33322 33323 33324 33325 33326 33327 33328 33329 33330 33331 33332 33334 33335 33336 33337 33338 33339 33340 33345 33346 33348 33349 33351 33355 33359 33394
Detroit, MI	48201 48202 48204 48205 48206 48207 48208 48209 48210 48211 48213 48214 48215 48216 48217 48219 48221 48222 48223 48224 48226 48227 48228 48231 48232 48233 48234 48235 48238 48242 48243 48244 48255 48260 48264 48265 48266 48267 48268 48269 48272 48275 48277 48278 48279 48288
Roanoke, VA	24001 24002 24003 24004 24005 24006 24007 24008 24009 24010 24011 24012 24013 24014 24015 24016 24017 24018 24019 24020 24022 24023 24024 24025 24026 24027 24028 24029 24030 24031 24032 24033 24034 24035 24036 24037 24038 24040 24042 24043 24044 24045 24048 24050 24155 24157
Charleston, WV	25301 25302 25304 25305 25306 25311 25312 25313 25314 25315 25317 25320 25321 25322 25323 25324 25325 25326 25327 25328 25329 25330 25331 25332 25333 25334 25335 25336 25337 25338 25339 25350 25356 25357 25358 25360 25361 25362 25364 25365 25375 25387 25389 25392 25396
Buffalo, NY	14201 14202 14203 14204 14205 14206 14207 14208 14209 14210 14211 14212 14213 14214 14215 14216 14217 14218 14219 14220 14221 14222 14223 14224 14225 14226 14227 14228 14231 14233 14240 14241 14260 14261 14263 14264 14265 14267 14269 14270 14272 14273 14276 14280
Nashville, TN	37201 37202 37203 37204 37205 37206 37207 37208 37209 37210 37211 37212 37213 37214 37215 37216 37217 37218 37219 37220 37221 37222 37224 37227 37228 37229 37230 37232 37234 37235 37236 37237 37238 37240 37241 37242 37243 37244 37245 37246 37247 37248 37249 37250
Raleigh, NC	27601 27602 27603 27604 27605 27606 27607 27608 27609 27610 27611 27612 27613 27614 27615 27616 27617 27619 27620 27621 27622 27623 27624 27625 27626 27627 27628 27629 27634 27635 27636 27640 27650 27656 27658 27661 27668 27675 27676 27690 27695 27697 27698 27699
Rochester, NY	14602 14603 14604 14605 14606 14607 14608 14609 14610 14611 14612 14613 14614 14615 14616 14617 14618 14619 14620 14621 14622 14623 14624 14625 14626 14627 14638 14639 14642 14643 14644 14645 14646 14647 14649 14650 14651 14652 14653 14664 14673 14683 14692 14694
Albuquerque, NM	87101 87102 87103 87104 87105 87106 87107 87108 87109 87110 87111 87112 87113 87114 87115 87116 87119 87120 87121 87122 87123 87125 87131 87151 87153 87154 87158 87165 87176 87181 87184 87185 87187 87190 87191 87192 87193 87194 87195 87196 87197 87198 87199
Baton Rouge, LA	70801 70802 70803 70804 70805 70806 70807 70808 70809 70810 70811 70812 70813 70814 70815 70816 70817 70818 70819 70820 70821 70822 70823 70825 70826 70827 70831 70833 70835 70836 70837 70873 70874 70879 70883 70884 70891 70892 70893 70894 70895 70896 70898
Cleveland, OH	44101 44102 44103 44104 44105 44106 44108 44109 44110 44111 44112 44113 44114 44115 44118 44119 44120 44121 44124 44125 44126 44127 44128 44129 44130 44134 44135 44143 44144 44178 44181 44185 44188 44189 44190 44191 44192 44193 44194 44195 44197 44198 44199
Fort Wayne, IN	46801 46802 46803 46804 46805 46806 46807 46808 46809 46814 46815 46816 46818 46819 46825 46835 46845 46850 46851 46852 46853 46854 46855 46856 46857 46858 46859 46860 46861 46862 46863 46864 46865 46866 46867 46868 46869 46885 46895 46896 46897 46898 46899
Honolulu, HI	96801 96802 96803 96804 96805 96806 96807 96808 96809 96810 96811 96812 96813 96814 96815 96816 96817 96818 96819 96820 96821 96822 96823 96824 96825 96826 96827 96828 96830 96835 96836 96837 96838 96839 96840 96841 96843 96844 96846 96847 96848 96849 96850
Milwaukee, WI	53201 53202 53203 53204 53205 53206 53207 53208 53209 53210 53211 53212 53213 53214 53215 53216 53217 53218 53219 53220 53221 53222 53223 53224 53225 53226 53227 53228 53233 53234 53237 53244 53259 53263 53267 53268 53274 53278 53288 53290 53293 53295
Huntington, WV	25701 25702 25703 25704 25705 25706 25707 25708 25709 25710 25711 25712 25713 25714 25715 25716 25717 25718 25719 25720 25721 25722 25723 25724 25725 25726 25727 25728 25729 25755 25770 25771 25772 25773 25774 25775 25776 25777 25778 25779
Richmond, VA	23173 23218 23219 23220 23221 23222 23223 23224 23225 23226 23227 23230 23232 23234 23235 23236 23237 23240 23241 23249 23250 23260 23261 23269 23274 23276 23278 23279 23282 23284 23285 23286 23289 23290 23291 23292 23293 23295 23297 23298
Tacoma, WA	98401 98402 98403 98404 98405 98406 98407 98408 98409 98411 98412 98413 98415 98416 98417 98418 98419 98421 98422 98431 98433 98442 98443 98444 98445 98446 98447 98448 98450 98455 98460 98464 98465 98466 98471 98477 98481 98490 98492 98493
Corpus Christi, TX	78401 78402 78403 78404 78405 78406 78407 78408 78409 78410 78411 78412 78413 78414 78415 78416 78417 78418 78419 78426 78427 78460 78461 78463 78465 78466 78467 78468 78469 78470 78471 78472 78473 78474 78475 78476 78477 78478 78480
Lexington, KY	40502 40503 40504 40505 40506 40507 40508 40509 40510 40511 40512 40513 40514 40515 40516 40517 40522 40523 40524 40526 40533 40536 40544 40546 40550 40555 40574 40575 40576 40577 40578 40579 40580 40581 40582 40583 40588 40591 40598
Mobile, AL	36601 36602 36603 36604 36605 36606 36607 36608 36609 36610 36611 36612 36615 36616 36617 36618 36619 36621 36622 36625 36628 36630 36633 36640 36641 36644 36652 36660 36663 36670 36671 36675 36685 36688 36689 36690 36691 36693 36695
Springfield, IL	62701 62702 62703 62704 62705 62706 62707 62708 62711 62712 62713 62715 62716 62719 62721 62722 62723 62726 62736 62739 62746 62756 62757 62761 62762 62763 62764 62765 62766 62767 62769 62776 62777 62781 62786 62791 62794 62796
Boston, MA	02108 02109 02110 02111 02112 02113 02114 02115 02116 02117 02118 02123 02133 02163 02196 02199 02201 02203 02204 02205 02206 02207 02210 02211 02212 02215 02216 02217 02222 02241 02266 02283 02284 02293 02295 02297 02298
Topeka, KS	66601 66603 66604 66605 66606 66607 66608 66609 66610 66611 66612 66614 66615 66616 66617 66618 66619 66620 66621 66622 66624 66625 66626 66628 66629 66630 66636 66637 66642 66647 66652 66653 66667 66675 66683 66692 66699
Evansville, IN	47701 47702 47703 47704 47705 47706 47708 47710 47711 47712 47713 47714 47715 47716 47719 47720 47721 47722 47724 47725 47727 47728 47730 47731 47732 47733 47734 47735 47736 47737 47739 47740 47741 47744 47747 47750
Hartford, CT	06101 06102 06103 06104 06105 06106 06112 06114 06115 06120 06123 06126 06132 06134 06140 06141 06142 06143 06144 06145 06146 06147 06150 06151 06152 06153 06154 06155 06156 06160 06161 06167 06176 06180 06183 06199
Madison, WI	53701 53702 53703 53704 53705 53706 53707 53708 53711 53713 53714 53715 53716 53717 53718 53719 53725 53726 53744 53774 53777 53778 53779 53782 53783 53784 53785 53786 53788 53789 53790 53791 53792 53793 53794
Montgomery, AL	36101 36102 36103 36104 36105 36106 36107 36108 36109 36110 36111 36112 36113 36114 36115 36116 36117 36118 36119 36120 36121 36123 36124 36125 36130 36131 36132 36133 36134 36135 36140 36141 36142 36177 36191
Shreveport, LA	71101 71102 71103 71104 71105 71106 71107 71108 71109 71115 71118 71119 71120 71129 71130 71133 71134 71135 71136 71137 71138 71148 71149 71150 71151 71152 71153 71154 71156 71161 71162 71163 71164 71165 71166
Columbia, SC	29201 29202 29203 29204 29205 29206 29207 29208 29209 29210 29211 29212 29214 29215 29216 29217 29218 29219 29220 29221 29222 29223 29224 29225 29226 29227 29228 29229 29230 29240 29250 29260 29290 29292
Boise, ID	83701 83702 83703 83704 83705 83706 83707 83708 83709 83711 83712 83713 83715 83716 83717 83719 83720 83721 83722 83724 83725 83726 83727 83728 83729 83730 83731 83732 83733 83735 83756 83757 83799
Arlington, VA	22201 22202 22203 22204 22205 22206 22207 22209 22210 22212 22213 22214 22215 22216 22217 22218 22219 22222 22223 22225 22226 22227 22229 22230 22234 22240 22241 22242 22243 22244 22245 22246
Toledo, OH	43405 43601 43603 43604 43605 43606 43607 43608 43609 43610 43611 43612 43613 43614 43615 43617 43620 43623 43635 43652 43654 43656 43657 43659 43660 43661 43666 43667 43681 43682 43697 43699
Wichita, KS	67201 67202 67203 67204 67205 67206 67207 67208 67209 67210 67211 67212 67213 67214 67215 67216 67217 67218 67219 67220 67223 67226 67227 67228 67230 67232 67235 67260 67275 67276 67277 67278
Knoxville, TN	37901 37902 37909 37912 37914 37915 37916 37917 37918 37919 37920 37921 37922 37923 37924 37927 37928 37929 37930 37931 37932 37933 37938 37939 37940 37950 37990 37995 37996 37997 37998
Saint Petersburg, FL	33701 33702 33703 33704 33705 33706 33707 33708 33709 33710 33711 33712 33713 33714 33715 33716 33729 33730 33731 33732 33733 33734 33736 33737 33738 33740 33741 33742 33743 33747 33784
Akron, OH	44301 44302 44303 44304 44305 44306 44307 44308 44309 44310 44311 44312 44313 44314 44315 44316 44317 44319 44320 44321 44322 44325 44326 44328 44333 44372 44393 44396 44398 44399
Greensboro, NC	27395 27401 27402 27403 27404 27405 27406 27407 27408 27409 27410 27411 27412 27413 27415 27416 27417 27419 27420 27425 27427 27429 27435 27438 27455 27480 27495 27497 27498 27499
Erie, PA	16501 16502 16503 16504 16505 16506 16507 16508 16509 16510 16511 16512 16514 16515 16522 16530 16531 16532 16533 16534 16538 16541 16544 16546 16550 16553 16554 16563 16565
Lincoln, NE	68501 68502 68503 68504 68505 68506 68507 68508 68509 68510 68512 68514 68516 68517 68520 68521 68522 68523 68524 68526 68527 68528 68529 68531 68532 68542 68544 68583 68588
Long Beach, CA	90801 90802 90803 90804 90805 90806 90807 90808 90809 90810 90813 90814 90815 90822 90831 90832 90833 90834 90835 90840 90842 90844 90845 90846 90847 90848 90853 90888 90899
Peoria, IL	61601 61602 61603 61604 61605 61606 61607 61612 61613 61614 61615 61625 61629 61630 61633 61634 61636 61637 61638 61639 61641 61643 61650 61651 61652 61653 61654 61655 61656
Spokane, WA	99201 99202 99203 99204 99205 99206 99207 99208 99209 99210 99211 99212 99213 99214 99215 99216 99217 99218 99219 99220 99223 99224 99228 99251 99252 99256 99258 99260 99299
Amarillo, TX	79101 79102 79103 79104 79105 79106 79107 79108 79109 79110 79111 79114 79116 79117 79118 79119 79120 79121 79124 79159 79166 79168 79172 79174 79178 79185 79187 79189
Jackson, MS	39201 39202 39203 39204 39205 39206 39207 39209 39210 39211 39212 39213 39215 39216 39217 39225 39235 39236 39250 39269 39271 39282 39283 39284 39286 39289 39296 39298
Syracuse, NY	13201 13202 13203 13204 13205 13206 13207 13208 13209 13210 13211 13212 13214 13215 13217 13218 13219 13220 13221 13224 13225 13235 13244 13250 13251 13252 13261 13290
Grand Rapids, MI	49501 49502 49503 49504 49505 49506 49507 49508 49510 49512 49514 49515 49516 49518 49523 49525 49528 49530 49534 49544 49546 49548 49550 49555 49560 49588 49599
Lubbock, TX	79401 79402 79403 79404 79405 79406 79407 79408 79409 79410 79411 79412 79413 79414 79415 79416 79423 79424 79430 79452 79453 79457 79464 79490 79491 79493 79499
Oakland, CA	94601 94602 94603 94604 94605 94606 94607 94609 94610 94611 94612 94613 94614 94615 94617 94618 94619 94621 94622 94623 94624 94625 94649 94659 94660 94661 94666
Pasadena, CA	91101 91102 91103 91104 91105 91106 91107 91109 91110 91114 91115 91116 91117 91121 91123 91124 91125 91126 91129 91131 91182 91184 91185 91188 91189 91191 91199
Wilmington, DE	19801 19802 19803 19804 19805 19806 19807 19808 19809 19810 19850 19880 19884 19885 19886 19887 19889 19890 19891 19892 19893 19894 19895 19896 19897 19898 19899
Winston Salem, NC	27101 27102 27103 27104 27105 27106 27107 27108 27109 27110 27111 27113 27114 27115 27116 27117 27120 27127 27130 27150 27151 27152 27155 27156 27157 27198 27199
Bronx, NY	10451 10452 10453 10454 10455 10456 10457 10458 10459 10460 10461 10462 10463 10464 10465 10466 10467 10468 10469 10470 10471 10472 10473 10474 10475 10499
Harrisburg, PA	17101 17102 17103 17104 17105 17106 17107 17108 17109 17110 17111 17112 17113 17120 17121 17122 17123 17124 17125 17126 17127 17128 17129 17130 17140 17177
New Haven, CT	06501 06502 06503 06504 06505 06506 06507 06508 06509 06510 06511 06513 06515 06519 06520 06521 06530 06531 06532 06533 06534 06535 06536 06537 06538 06540
Trenton, NJ	08601 08602 08603 08604 08605 08606 08607 08608 08609 08610 08611 08618 08619 08620 08625 08628 08629 08638 08644 08645 08646 08647 08650 08666 08690 08695
Anchorage, AK	99501 99502 99503 99504 99507 99508 99509 99510 99511 99513 99514 99515 99516 99517 99518 99519 99520 99521 99522 99523 99524 99529 99530 99599 99695
Little Rock, AR	72201 72202 72203 72204 72205 72206 72207 72209 72210 72211 72212 72214 72215 72216 72217 72219 72221 72222 72223 72225 72227 72231 72255 72260 72295
Pensacola, FL	32501 32502 32503 32504 32505 32506 32507 32508 32509 32511 32512 32513 32514 32516 32520 32521 32522 32523 32524 32526 32534 32559 32590 32591 32592
Bakersfield, CA	93301 93302 93303 93304 93305 93306 93307 93308 93309 93311 93312 93313 93314 93380 93381 93382 93383 93384 93385 93386 93387 93388 93389 93390
Huntsville, AL	35801 35802 35803 35804 35805 35806 35807 35808 35809 35810 35811 35812 35813 35814 35815 35816 35824 35893 35894 35895 35896 35897 35898 35899
Lansing, MI	48901 48906 48908 48909 48910 48911 48912 48913 48915 48916 48917 48918 48919 48921 48922 48924 48929 48930 48933 48937 48950 48951 48956 48980
Norfolk, VA	23501 23502 23503 23504 23505 23506 23507 23508 23509 23510 23511 23512 23513 23514 23515 23517 23518 23519 23520 23521 23523 23529 23541 23551
Reno, NV	89501 89502 89503 89504 89505 89506 89507 89508 89509 89510 89511 89512 89513 89515 89519 89520 89521 89523 89533 89555 89557 89570 89595 89599
Alexandria, VA	22301 22302 22303 22304 22305 22306 22307 22308 22309 22310 22311 22312 22313 22314 22315 22320 22321 22331 22332 22333 22334 22336 22350
Newark, NJ	07101 07102 07103 07104 07105 07106 07107 07108 07112 07114 07175 07182 07184 07188 07189 07191 07192 07193 07194 07195 07198 07199
Macon, GA	31201 31202 31203 31204 31205 31206 31207 31208 31209 31210 31211 31212 31213 31216 31217 31220 31221 31294 31295 31296 31297
Sioux Falls, SD	57101 57103 57104 57105 57106 57107 57108 57109 57110 57117 57118 57186 57188 57189 57192 57193 57194 57195 57196 57197 57198
Springfield, MA	01101 01102 01103 01104 01105 01107 01108 01109 01111 01115 01118 01119 01128 01129 01133 01138 01139 01144 01152 01195 01199
Chattanooga, TN	37401 37402 37403 37404 37405 37406 37407 37408 37409 37410 37411 37412 37414 37415 37416 37419 37421 37422 37424 37450
Stockton, CA	95201 95202 95203 95204 95205 95206 95207 95208 95209 95210 95211 95212 95213 95214 95215 95219 95267 95269 95296 95297
Tallahassee, FL	32301 32302 32303 32304 32305 32306 32307 32308 32309 32310 32311 32312 32313 32314 32315 32316 32317 32318 32395 32399
Virginia Beach, VA	23450 23451 23452 23453 23454 23455 23456 23457 23458 23459 23460 23461 23462 23463 23464 23465 23466 23467 23471 23479
Young America, MN	55394 55397 55399 55550 55551 55552 55553 55555 55556 55557 55558 55559 55560 55562 55564 55566 55567 55568 55573 55594
Arlington, TX	76001 76002 76003 76004 76005 76006 76007 76010 76011 76012 76013 76014 76015 76016 76017 76018 76019 76094 76096
Mesa, AZ	85201 85202 85203 85204 85205 85206 85207 85208 85209 85210 85211 85212 85213 85214 85215 85216 85274 85275 85277
Sarasota, FL	34230 34231 34232 34233 34234 34235 34236 34237 34238 34239 34240 34241 34242 34243 34249 34260 34276 34277 34278
Stamford, CT	06901 06902 06903 06904 06905 06906 06907 06910 06911 06912 06913 06914 06920 06921 06922 06925 06926 06927 06928
Canton, OH	44701 44702 44703 44704 44705 44706 44707 44708 44709 44710 44711 44714 44718 44721 44735 44750 44767 44799
Flint, MI	48501 48502 48503 48504 48505 48506 48507 48531 48532 48550 48551 48552 48553 48554 48555 48556 48557 48559
Gainesville, FL	32601 32602 32603 32604 32605 32606 32607 32608 32609 32610 32611 32612 32613 32614 32627 32635 32641 32653
Greenville, SC	29601 29602 29603 29604 29605 29606 29607 29608 29609 29610 29611 29612 29613 29614 29615 29616 29617 29698
San Bernardino, CA	92401 92402 92403 92404 92405 92406 92407 92408 92410 92411 92412 92413 92414 92415 92418 92423 92424 92427
Savannah, GA	31401 31402 31403 31404 31405 31406 31408 31409 31410 31411 31412 31414 31415 31416 31418 31419 31420 31421
South Bend, IN	46601 46604 46613 46614 46615 46616 46617 46619 46620 46624 46626 46628 46634 46635 46637 46660 46680 46699
Anaheim, CA	92801 92802 92803 92804 92805 92806 92807 92808 92809 92812 92814 92815 92816 92817 92825 92850 92899
Aurora, CO	80010 80011 80012 80013 80014 80015 80016 80017 80018 80019 80040 80041 80042 80044 80045 80046 80047
Naples, FL	34101 34102 34103 34104 34105 34106 34107 34108 34109 34110 34112 34113 34114 34116 34117 34119 34120
Santa Barbara, CA	93101 93102 93103 93105 93106 93107 93108 93109 93110 93111 93120 93121 93130 93140 93150 93160 93190
Waco, TX	76701 76702 76703 76704 76705 76706 76707 76708 76710 76711 76714 76715 76716 76795 76797 76798 76799
West Palm Beach, FL	33401 33402 33403 33404 33405 33406 33407 33409 33411 33412 33413 33415 33416 33417 33419 33420 33422
Boca Raton, FL	33427 33428 33429 33431 33432 33433 33434 33464 33481 33486 33487 33488 33496 33497 33498 33499
Boulder, CO	80301 80302 80303 80304 80305 80306 80307 80308 80309 80310 80314 80321 80322 80323 80328 80329
Charleston, SC	29401 29402 29403 29406 29407 29409 29412 29413 29414 29416 29417 29422 29423 29424 29425 29492
Durham, NC	27701 27702 27703 27704 27705 27706 27707 27708 27709 27710 27711 27712 27713 27715 27717 27722
Fort Myers, FL	33900 33901 33902 33905 33906 33907 33908 33911 33912 33913 33916 33919 33965 33966 33967 33994
Littleton, CO	80120 80121 80122 80123 80125 80126 80127 80128 80129 80130 80160 80161 80162 80163 80165 80166
Monticello, MN	55362 55365 55561 55563 55565 55580 55581 55582 55584 55585 55586 55587 55588 55589 55590 55591
Riverside, CA	92501 92502 92503 92504 92505 92506 92507 92508 92513 92514 92515 92516 92517 92519 92521 92522
Silver Spring, MD	20901 20902 20903 20904 20905 20906 20907 20908 20910 20911 20914 20915 20916 20918 20993 20997
Springfield, MO	65801 65802 65803 65804 65805 65806 65807 65808 65809 65810 65814 65817 65890 65897 65898 65899
Waterbury, CT	06701 06702 06703 06704 06705 06706 06708 06710 06720 06721 06722 06723 06724 06725 06726 06749
Worcester, MA	01601 01602 01603 01604 01605 01606 01607 01608 01609 01610 01613 01614 01615 01653 01654 01655
Augusta, GA	30901 30903 30904 30905 30906 30907 30909 30911 30912 30913 30914 30916 30917 30919 30999
Bradenton, FL	34201 34202 34203 34204 34205 34206 34207 34208 34209 34210 34211 34212 34280 34281 34282
Inglewood, CA	90301 90302 90303 90304 90305 90306 90307 90308 90309 90310 90311 90312 90313 90397 90398
Irvine, CA	92602 92603 92604 92606 92612 92614 92616 92617 92618 92619 92620 92623 92697 92709 92710
Kansas City, KS	66101 66102 66103 66104 66105 66106 66109 66110 66111 66112 66115 66117 66118 66119 66160
Scottsdale, AZ	85250 85251 85252 85254 85255 85256 85257 85258 85259 85260 85261 85262 85266 85267 85271
Scranton, PA	18501 18502 18503 18504 18505 18508 18509 18510 18512 18514 18515 18519 18522 18540 18577
Tyler, TX	75701 75702 75703 75704 75705 75706 75707 75708 75709 75710 75711 75712 75713 75798 75799
Van Nuys, CA	91388 91401 91404 91405 91406 91407 91408 91409 91410 91411 91470 91482 91496 91497 91499
Vancouver, WA	98660 98661 98662 98663 98664 98665 98666 98667 98668 98682 98683 98684 98685 98686 98687
Youngstown, OH	44501 44502 44503 44504 44505 44506 44507 44509 44510 44511 44512 44513 44514 44515 44555
Beaumont, TX	77701 77702 77703 77704 77705 77706 77707 77708 77709 77710 77713 77720 77725 77726
Billings, MT	59101 59102 59103 59104 59105 59106 59107 59108 59111 59112 59114 59115 59116 59117
Cedar Rapids, IA	52401 52402 52403 52404 52405 52406 52407 52408 52409 52410 52411 52497 52498 52499
Columbus, GA	31901 31902 31903 31904 31906 31907 31908 31909 31914 31917 31993 31997 31998 31999
Duluth, MN	55801 55802 55803 55804 55805 55806 55807 55808 55810 55811 55812 55814 55815 55816
Glendale, CA	91201 91202 91203 91204 91205 91206 91207 91208 91209 91210 91221 91222 91225 91226
Jamaica, NY	11405 11424 11425 11430 11431 11432 11433 11434 11435 11436 11437 11439 11451 11499
Lafayette, LA	70500 70501 70502 70503 70504 70505 70506 70507 70508 70509 70593 70595 70596 70598
Marietta, GA	30006 30007 30008 30060 30061 30062 30063 30064 30065 30066 30067 30068 30069 30090
Ocala, FL	34470 34471 34472 34473 34474 34475 34476 34477 34478 34479 34480 34481 34482 34483
Paterson, NJ	07501 07502 07503 07504 07505 07509 07510 07513 07514 07522 07524 07533 07543 07544
Pompano Beach, FL	33060 33061 33062 33063 33064 33066 33067 33068 33069 33072 33073 33074 33076 33077
Rockford, IL	61101 61102 61103 61104 61105 61106 61107 61108 61109 61110 61112 61114 61125 61126
Salem, OR	97301 97302 97303 97304 97305 97306 97308 97309 97310 97311 97312 97313 97314 97317
Staten Island, NY	10301 10302 10303 10304 10305 10306 10307 10308 10309 10310 10311 10312 10313 10314
Wilkes Barre, PA	18701 18702 18703 18705 18706 18710 18711 18762 18764 18765 18766 18767 18769 18773
Burbank, CA	91501 91502 91503 91504 91505 91506 91507 91508 91510 91521 91522 91523 91526
Clearwater, FL	33755 33756 33757 33758 33759 33760 33761 33762 33763 33764 33765 33766 33769
Daytona Beach, FL	32114 32115 32116 32117 32118 32119 32120 32121 32122 32124 32125 32126 32198
Fargo, ND	58102 58103 58104 58105 58106 58107 58108 58109 58121 58122 58124 58125 58126
Fort Smith, AR	72901 72902 72903 72904 72905 72906 72908 72913 72914 72916 72917 72918 72919
Glendale, AZ	85301 85302 85303 85304 85305 85306 85307 85308 85310 85311 85312 85313 85318
Hollywood, FL	33019 33020 33021 33022 33023 33024 33025 33026 33027 33029 33081 33083 33084
Irving, TX	75014 75015 75016 75017 75037 75038 75039 75059 75060 75061 75062 75063 75064
Jersey City, NJ	07097 07302 07303 07304 07305 07306 07307 07308 07309 07310 07311 07395 07399
Lakeland, FL	33801 33802 33803 33804 33805 33806 33807 33809 33810 33811 33812 33813 33815
Ogden, UT	84201 84244 84401 84402 84403 84404 84405 84407 84408 84409 84412 84414 84415
Overland Park, KS	66204 66207 66210 66212 66213 66214 66221 66223 66224 66225 66251 66282 66283
Reading, PA	19601 19602 19603 19604 19605 19606 19607 19608 19609 19610 19611 19612 19640
Green Bay, WI	54301 54302 54303 54304 54305 54306 54307 54308 54311 54313 54324 54344
Henderson, NV	89002 89009 89011 89012 89014 89015 89016 89044 89052 89053 89074 89077
Lancaster, PA	17573 17601 17602 17603 17604 17605 17606 17607 17608 17611 17622 17699
Metairie, LA	70001 70002 70003 70004 70005 70006 70009 70010 70011 70033 70055 70060
Providence, RI	02901 02902 02903 02904 02905 02906 02907 02908 02909 02912 02918 02940
Pueblo, CO	81001 81002 81003 81004 81005 81006 81007 81008 81009 81010 81011 81012
Saint Cloud, MN	56301 56302 56303 56304 56372 56388 56393 56395 56396 56397 56398 56399
Santa Ana, CA	92701 92702 92703 92704 92705 92706 92707 92711 92712 92725 92735 92799
Spring, TX	77373 77379 77380 77381 77382 77383 77386 77387 77388 77389 77391 77393
Wilmington, NC	28401 28402 28403 28404 28405 28406 28407 28408 28409 28410 28411 28412
Asheville, NC	28801 28802 28803 28804 28805 28806 28810 28813 28814 28815 28816
Berkeley, CA	94701 94702 94703 94704 94705 94707 94708 94709 94710 94712 94720
Bethesda, MD	20810 20811 20813 20814 20816 20817 20824 20827 20889 20892 20894
Bridgeport, CT	06601 06602 06604 06605 06606 06607 06608 06610 06650 06673 06699
Charlottesville, VA	22901 22902 22903 22904 22905 22906 22907 22908 22909 22910 22911
Columbia, MO	65201 65202 65203 65205 65211 65212 65215 65216 65217 65218 65299
Fort Pierce, FL	34945 34946 34947 34948 34949 34950 34951 34954 34979 34981 34982
Hampton, VA	23630 23661 23663 23664 23665 23666 23667 23668 23669 23670 23681
Henrico, VA	23075 23228 23229 23231 23233 23238 23242 23255 23273 23288 23294
Jefferson City, MO	65101 65102 65103 65104 65105 65106 65107 65108 65109 65110 65111
Lake Charles, LA	70601 70602 70605 70606 70607 70609 70611 70612 70615 70616 70629
Maple Plain, MN	55348 55359 55393 55570 55571 55574 55576 55578 55579 55592 55593
Midland, TX	79701 79702 79703 79704 79705 79706 79707 79708 79710 79711 79712
Monroe, LA	71201 71202 71203 71207 71208 71209 71210 71211 71212 71213 71217
North Hollywood, CA	91601 91602 91603 91605 91606 91609 91611 91612 91615 91616 91618
Norwalk, CT	06850 06851 06852 06853 06854 06855 06856 06857 06858 06859 06860
Olympia, WA	98501 98502 98504 98505 98506 98507 98508 98512 98513 98516 98599
Orange, CA	92856 92857 92859 92862 92863 92864 92865 92866 92867 92868 92869
Panama City, FL	32401 32402 32403 32404 32405 32406 32408 32409 32411 32412 32417
Saginaw, MI	48601 48602 48603 48604 48605 48606 48607 48608 48609 48638 48663
Santa Fe, NM	87501 87502 87503 87504 87505 87506 87507 87508 87509 87592 87594
Santa Monica, CA	90401 90402 90403 90404 90405 90406 90407 90408 90409 90410 90411
Schenectady, NY	12301 12302 12303 12304 12305 12306 12307 12308 12309 12325 12345
Whittier, CA	90601 90602 90603 90604 90605 90606 90607 90608 90609 90610 90612
Abilene, TX	79601 79602 79603 79604 79605 79606 79608 79697 79698 79699
Apache Junction, AZ	85117 85119 85120 85178 85217 85218 85219 85220 85278 85290
Athens, GA	30601 30602 30603 30604 30605 30606 30607 30608 30609 30612
Aurora, IL	60502 60503 60504 60505 60506 60507 60568 60569 60572 60598
Beaverton, OR	97003 97005 97006 97007 97008 97075 97076 97077 97078 97079
Carson City, NV	89701 89702 89703 89705 89706 89711 89712 89713 89714 89721
Denton, TX	76201 76202 76203 76204 76205 76206 76207 76208 76209 76210
Fairbanks, AK	99701 99706 99707 99708 99709 99710 99711 99712 99775 99790
Fayetteville, NC	28301 28302 28303 28304 28305 28306 28309 28311 28312 28314
Hialeah, FL	33002 33010 33011 33012 33013 33014 33015 33016 33017 33018
Kalamazoo, MI	49001 49003 49004 49005 49006 49007 49008 49009 49019 49048
Lynchburg, VA	24501 24502 24503 24504 24505 24506 24512 24513 24514 24515
Melbourne, FL	32901 32902 32904 32912 32919 32934 32935 32936 32940 32941
Modesto, CA	95350 95351 95352 95353 95354 95355 95356 95357 95358 95397
Newark, DE	19702 19711 19712 19713 19714 19715 19716 19717 19718 19725
Newport News, VA	23601 23602 23603 23605 23606 23607 23608 23609 23612 23628
North Las Vegas, NV	89030 89031 89032 89033 89036 89081 89084 89085 89086 89087
North Little Rock, AR	72114 72115 72116 72117 72118 72119 72124 72190 72198 72199
Terre Haute, IN	47801 47802 47803 47804 47805 47807 47808 47809 47811 47812
Torrance, CA	90501 90502 90503 90504 90505 90506 90507 90508 90509 90510
Tuscaloosa, AL	35401 35402 35403 35404 35405 35406 35407 35485 35486 35487
Vero Beach, FL	32960 32961 32962 32963 32964 32965 32966 32967 32968 32969
Albany, GA	31701 31702 31703 31704 31705 31706 31707 31708 31721
Allentown, PA	18101 18102 18103 18104 18105 18106 18109 18175 18195
Bloomington, IN	47401 47402 47403 47404 47405 47406 47407 47408 47490
Boynton Beach, FL	33424 33425 33426 33435 33436 33437 33472 33473 33474
Chesapeake, VA	23320 23321 23322 23323 23324 23325 23326 23327 23328
Davenport, IA	52801 52802 52803 52804 52805 52806 52807 52808 52809
Decatur, GA	30030 30031 30032 30033 30034 30035 30036 30037 30073
Fairfax, VA	22030 22031 22032 22033 22034 22035 22036 22037 22038
Flushing, NY	11351 11352 11354 11355 11358 11367 11371 11381 11390
Fort Collins, CO	80521 80522 80523 80524 80525 80526 80527 80528 80553
Frankfort, KY	40601 40602 40603 40604 40618 40619 40620 40621 40622
Fredericksburg, VA	22401 22402 22403 22404 22405 22406 22407 22408 22412
Gaithersburg, MD	20877 20878 20879 20882 20883 20884 20885 20898 20899
Garland, TX	75040 75041 75042 75043 75044 75045 75046 75047 75049
Homestead, FL	33030 33031 33032 33033 33034 33035 33039 33090 33092
Independence, MO	64050 64051 64052 64053 64054 64055 64056 64057 64058
Kissimmee, FL	34741 34742 34743 34744 34745 34746 34747 34758 34759
Las Cruces, NM	88001 88003 88004 88005 88006 88007 88011 88012 88013
Longview, TX	75601 75602 75603 75604 75605 75606 75607 75608 75615
Manchester, NH	03101 03102 03103 03104 03105 03107 03108 03109 03111
Odessa, TX	79760 79761 79762 79763 79764 79765 79766 79768 79769
Plano, TX	75023 75024 75025 75026 75074 75075 75086 75093 75094
Portland, ME	04101 04102 04103 04104 04109 04112 04122 04123 04124
Ridgely, MD	21660 21681 21682 21683 21684 21685 21686 21687 21688
Sioux City, IA	51101 51102 51103 51104 51105 51106 51108 51109 51111
Springfield, VA	22150 22151 22152 22153 22156 22158 22159 22160 22161
Tempe, AZ	85280 85281 85282 85283 85284 85285 85287 85288 85289
Valley Forge, PA	19481 19482 19483 19484 19485 19493 19494 19495 19496
York, PA	17401 17402 17403 17404 17405 17406 17407 17408 17415
Anderson, IN	46011 46012 46013 46014 46015 46016 46017 46018
Ann Arbor, MI	48103 48104 48105 48106 48107 48108 48109 48113
Annapolis, MD	21401 21402 21403 21404 21405 21409 21411 21412
Bloomington, IL	61701 61702 61704 61705 61709 61710 61791 61799
Cape Coral, FL	33904 33909 33910 33914 33915 33990 33991 33993
Carol Stream, IL	60116 60122 60125 60128 60132 60188 60197 60199
Casa Grande, AZ	85122 85130 85193 85194 85222 85230 85293 85294
Chandler, AZ	85224 85225 85226 85244 85246 85248 85249 85286
Cheyenne, WY	82001 82002 82003 82006 82007 82008 82009 82010
Chula Vista, CA	91909 91910 91911 91912 91913 91914 91915 91921
Concord, CA	94518 94519 94520 94521 94522 94524 94527 94529
Conroe, TX	77301 77302 77303 77304 77305 77306 77384 77385
Delray Beach, FL	33444 33445 33446 33447 33448 33482 33483 33484
Everett, WA	98201 98203 98204 98205 98206 98207 98208 98213
Fullerton, CA	92831 92832 92833 92834 92835 92836 92837 92838
Gary, IN	46401 46402 46403 46404 46406 46407 46408 46409
Great Neck, NY	11020 11021 11022 11023 11024 11025 11026 11027
Helena, MT	59601 59602 59604 59620 59623 59624 59625 59626
Huntsville, TX	77320 77340 77341 77342 77343 77344 77348 77349
Jeffersonville, IN	47130 47131 47132 47133 47134 47144 47190 47199
Johnstown, PA	15901 15902 15904 15905 15906 15907 15909 15915
Killeen, TX	76540 76541 76542 76543 76545 76546 76547 76549
Laredo, TX	78040 78041 78042 78043 78044 78045 78046 78049
Mansfield, OH	44901 44902 44903 44904 44905 44906 44907 44999
Missoula, MT	59801 59802 59803 59804 59806 59807 59808 59812
New Brunswick, NJ	08901 08903 08905 08906 08922 08933 08988 08989
Pasadena, TX	77501 77502 77503 77504 77505 77506 77507 77508
Port Saint Lucie, FL	34952 34953 34983 34984 34985 34986 34987 34988
Portsmouth, VA	23701 23702 23703 23704 23705 23707 23708 23709
Racine, WI	53401 53402 53403 53404 53405 53406 53407 53408
Rockville, MD	20847 20848 20849 20850 20851 20852 20853 20857
Saint Joseph, MO	64501 64502 64503 64504 64505 64506 64507 64508
Salinas, CA	93901 93902 93905 93906 93907 93908 93912 93915
San Luis Obispo, CA	93401 93403 93405 93406 93407 93408 93409 93410
Santa Rosa, CA	95401 95402 95403 95404 95405 95406 95407 95409
South Lake Tahoe, CA	96150 96151 96152 96154 96155 96156 96157 96158
Spartanburg, SC	29301 29302 29303 29304 29305 29306 29307 29319
Suffolk, VA	23432 23433 23434 23435 23436 23437 23438 23439
Ventura, CA	93001 93002 93003 93004 93005 93006 93007 93009
Wichita Falls, TX	76301 76302 76305 76306 76307 76308 76309 76310
Alexandria, LA	71301 71302 71303 71306 71307 71309 71315
Alhambra, CA	91801 91802 91803 91804 91841 91896 91899
Anniston, AL	36201 36202 36204 36205 36206 36207 36210
Arvada, CO	80001 80002 80003 80004 80005 80006 80007
Bellevue, WA	98004 98005 98006 98007 98008 98009 98015
Bismarck, ND	58501 58502 58503 58504 58505 58506 58507
Bowie, MD	20715 20716 20717 20718 20719 20720 20721
Bozeman, MT	59715 59717 59718 59719 59771 59772 59773
Brooksville, FL	34601 34602 34603 34604 34605 34613 34614
Bryan, TX	77801 77802 77803 77805 77806 77807 77808
Cambridge, MA	02138 02139 02140 02141 02142 02238 02239
Corona, CA	92877 92878 92879 92880 92881 92882 92883
Crawfordsville, IN	47933 47934 47935 47936 47937 47938 47939
East Saint Louis, IL	62201 62202 62203 62204 62205 62206 62207
Englewood, CO	80110 80111 80112 80113 80150 80151 80155
Escondido, CA	92025 92026 92027 92029 92030 92033 92046
Eugene, OR	97401 97402 97403 97404 97405 97408 97440
Falls Church, VA	22040 22041 22042 22043 22044 22046 22047
Garden Grove, CA	92840 92841 92842 92843 92844 92845 92846
Gilbert, AZ	85233 85234 85295 85296 85297 85298 85299
Grand Junction, CO	81501 81502 81503 81504 81505 81506 81507
Hagerstown, MD	21740 21741 21742 21746 21747 21748 21749
Hayward, CA	94540 94541 94542 94543 94544 94545 94557
Hicksville, NY	11801 11802 11805 11815 11819 11854 11855
High Point, NC	27260 27261 27262 27263 27264 27265 27268
Hyattsville, MD	20781 20782 20783 20784 20785 20787 20788
Idaho Falls, ID	83401 83402 83403 83404 83405 83406 83415
Kent, WA	98030 98031 98032 98035 98042 98064 98089
Lake Worth, FL	33449 33461 33462 33463 33465 33466 33467
Laurel, MD	20707 20708 20709 20723 20724 20725 20726
Lees Summit, MO	64002 64063 64064 64065 64081 64082 64086
Lehigh Acres, FL	33936 33970 33971 33972 33973 33974 33976
Lenexa, KS	66215 66219 66220 66227 66250 66276 66285
Meridian, MS	39301 39302 39303 39304 39305 39307 39309
Miami Beach, FL	33109 33119 33139 33140 33141 33154 33239
Midland, MI	48640 48641 48642 48667 48670 48674 48686
Montpelier, VT	05601 05602 05603 05604 05609 05620 05633
Moreno Valley, CA	92551 92552 92553 92554 92555 92556 92557
Morgantown, WV	26501 26502 26504 26505 26506 26507 26508
Muncie, IN	47302 47303 47304 47305 47306 47307 47308
Murfreesboro, TN	37127 37128 37129 37130 37131 37132 37133
Myrtle Beach, SC	29572 29575 29577 29578 29579 29587 29588
Oceanside, CA	92049 92051 92052 92054 92056 92057 92058
Oxnard, CA	93030 93031 93032 93033 93034 93035 93036
Palatine, IL	60038 60055 60067 60074 60078 60094 60095
Palm Bay, FL	32905 32906 32907 32908 32909 32910 32911
Prescott, AZ	86301 86302 86303 86304 86305 86313 86330
Reston, VA	20190 20191 20193 20194 20195 20196 22096
Richmond, CA	94801 94802 94804 94805 94807 94808 94850
San Angelo, TX	76901 76902 76903 76904 76905 76906 76909
Santa Clara, CA	95050 95051 95052 95053 95054 95055 95056
Schaumburg, IL	60159 60168 60173 60193 60194 60195 60196
Sparks, NV	89431 89432 89434 89435 89436 89437 89441
Valdosta, GA	31601 31602 31603 31604 31605 31606 31698
Warren, MI	48088 48089 48090 48091 48092 48093 48397
Warren, OH	44481 44482 44483 44484 44485 44486 44488
West Hartford, CT	06107 06110 06117 06119 06127 06133 06137
White Plains, NY	10601 10602 10603 10605 10606 10607 10610
Winter Haven, FL	33880 33881 33882 33883 33884 33885 33888
Woburn, MA	01801 01806 01807 01808 01813 01815 01888
Yakima, WA	98901 98902 98903 98904 98907 98908 98909
Aiken, SC	29801 29802 29803 29804 29805 29808
Anderson, SC	29621 29622 29623 29624 29625 29626
Appleton, WI	54911 54912 54913 54914 54915 54919
Battle Creek, MI	49014 49015 49016 49017 49018 49037
Beaufort, SC	29901 29902 29903 29904 29906 29907
Bend, OR	97701 97702 97703 97707 97708 97709
Bethlehem, PA	18015 18016 18017 18018 18020 18025
Biloxi, MS	39530 39531 39532 39533 39534 39535
Carlsbad, CA	92008 92009 92010 92011 92013 92018
Champaign, IL	61820 61821 61822 61824 61825 61826
Chico, CA	95926 95927 95928 95929 95973 95976
College Station, TX	77840 77841 77842 77843 77844 77845
Columbus, MS	39701 39702 39703 39704 39705 39710
Danbury, CT	06810 06811 06813 06814 06816 06817
Dearborn, MI	48120 48121 48123 48124 48126 48128
Decatur, IL	62521 62522 62523 62524 62525 62526
Dulles, VA	20101 20102 20103 20104 20189 20199
Edmond, OK	73003 73012 73013 73025 73034 73083
Elmira, NY	14901 14902 14903 14904 14905 14925
Evanston, IL	60201 60202 60203 60204 60208 60209
Farmington, MI	48331 48332 48333 48334 48335 48336
Flagstaff, AZ	86001 86002 86003 86004 86005 86011
Florence, SC	29501 29502 29503 29504 29505 29506
Frederick, MD	21701 21702 21703 21704 21705 21709
Gadsden, AL	35901 35902 35903 35904 35905 35907
Galveston, TX	77550 77551 77552 77553 77554 77555
Grand Forks, ND	58201 58202 58203 58206 58207 58208
Greeley, CO	80631 80632 80633 80634 80638 80639
Groveport, OH	43125 43165 43195 43196 43198 43199
Gulfport, MS	39501 39502 39503 39505 39506 39507
Hamilton, OH	45011 45012 45013 45015 45025 45026
Hattiesburg, MS	39401 39402 39403 39404 39406 39407
Herndon, VA	20170 20171 20172 20192 22092 22095
Hot Springs National Park, AR	71901 71902 71903 71913 71914 71951
Huntington Beach, CA	92605 92615 92646 92647 92648 92649
Iowa City, IA	52240 52242 52243 52244 52245 52246
Jackson, TN	38301 38302 38303 38305 38308 38314
Johnson City, TN	37601 37602 37604 37605 37614 37615
Joliet, IL	60431 60432 60433 60434 60435 60436
Juneau, AK	99801 99802 99803 99811 99812 99850
Katy, TX	77449 77450 77491 77492 77493 77494
Kingsport, TN	37660 37662 37663 37664 37665 37669
Lafayette, IN	47901 47902 47903 47904 47905 47909
Lancaster, CA	93534 93535 93536 93539 93584 93586
Largo, FL	33770 33771 33773 33774 33778 33779
Lawrenceville, GA	30042 30043 30044 30045 30046 30049
Lima, OH	45801 45802 45804 45805 45806 45807
London, KY	40741 40742 40743 40744 40745 40750
Loretto, MN	55357 55595 55596 55597 55598 55599
Lynn, MA	01901 01902 01903 01904 01905 01910
Manassas, VA	20108 20109 20110 20111 20112 20113
Martinsburg, WV	25401 25402 25403 25404 25405 25429
Mc Lean, VA	22101 22102 22106 22107 22108 22109
Merrifield, VA	22081 22082 22116 22118 22119 22120
Mount Vernon, NY	10550 10551 10552 10553 10557 10558
Mountain View, CA	94035 94039 94040 94041 94042 94043
Muskegon, MI	49440 49441 49442 49443 49444 49445
Naperville, IL	60540 60563 60564 60565 60566 60567
New Bedford, MA	02740 02741 02742 02744 02745 02746
New Castle, PA	16101 16102 16103 16105 16107 16108
New Hyde Park, NY	11040 11041 11042 11043 11044 11099
Newport Beach, CA	92658 92659 92660 92661 92662 92663
Norman, OK	73019 73026 73069 73070 73071 73072
North Port, FL	34286 34287 34288 34289 34290 34291
Northridge, CA	91324 91325 91327 91328 91329 91330
Palmdale, CA	93550 93551 93552 93590 93591 93599
Palo Alto, CA	94301 94302 94303 94304 94306 94309
Peoria, AZ	85345 85380 85381 85382 85383 85385
Petaluma, CA	94952 94953 94954 94955 94975 94999
Pocatello, ID	83201 83202 83204 83205 83206 83209
Pomona, CA	91766 91767 91768 91769 91797 91799
Port Charlotte, FL	33948 33949 33952 33953 33954 33981
Port Washington, NY	11050 11051 11052 11053 11054 11055
Provo, UT	84601 84602 84603 84604 84605 84606
Punta Gorda, FL	33950 33951 33955 33980 33982 33983
Rochester, MN	55901 55902 55903 55904 55905 55906
Round Rock, TX	78664 78665 78680 78681 78682 78683
Saint Augustine, FL	32080 32084 32085 32086 32092 32095
Sandy, UT	84070 84090 84091 84092 84093 84094
Santa Cruz, CA	95060 95061 95062 95063 95064 95065
Shawnee, KS	66203 66216 66217 66218 66226 66286
Simi Valley, CA	93062 93063 93065 93093 93094 93099
Southfield, MI	48033 48034 48037 48075 48076 48086
Spring Hill, FL	34606 34607 34608 34609 34610 34611
Springfield, OH	45501 45502 45503 45504 45505 45506
Temple, TX	76501 76502 76503 76504 76505 76508
Texarkana, TX	75501 75503 75504 75505 75507 75599
Troy, MI	48007 48083 48084 48085 48098 48099
Utica, NY	13501 13502 13503 13504 13505 13599
Vienna, VA	22180 22181 22182 22183 22184 22185
Visalia, CA	93277 93278 93279 93290 93291 93292
Yonkers, NY	10701 10702 10703 10704 10705 10710
Alpharetta, GA	30004 30005 30009 30022 30023
Ames, IA	50010 50011 50012 50013 50014
Andover, MA	01810 01812 01899 05501 05544
Ardmore, OK	73401 73402 73403 73451 73454
Ashburn, VA	20146 20147 20148 20149 22093
Augusta, ME	04330 04332 04333 04336 04338
Belleville, IL	62220 62221 62222 62223 62226
Bellingham, WA	98225 98226 98227 98228 98229
Beverly Hills, CA	90209 90210 90211 90212 90213
Binghamton, NY	13901 13902 13903 13904 13905
Bossier City, LA	71111 71112 71113 71171 71172
Bowling Green, KY	42101 42102 42103 42104 42128
Bremerton, WA	98310 98311 98312 98314 98337
Bristol, VA	24201 24202 24203 24205 24209
Brockton, MA	02301 02302 02303 02304 02305
Brownsville, TX	78520 78521 78522 78523 78526
Brunswick, GA	31520 31521 31523 31524 31525
Burlington, VT	05401 05402 05405 05406 05408
Butte, MT	59701 59702 59703 59707 59750
Camden, NJ	08101 08102 08103 08104 08105
Capitol Heights, MD	20731 20743 20790 20791 20799
Carrollton, GA	30112 30116 30117 30118 30119
Carson, CA	90745 90746 90747 90749 90895
Cary, NC	27511 27512 27513 27518 27519
Casper, WY	82601 82602 82604 82605 82609
Chapel Hill, NC	27514 27515 27516 27517 27599
Chicopee, MA	01013 01014 01020 01021 01022
Clarksville, TN	37040 37041 37042 37043 37044
Clermont, FL	34711 34712 34713 34714 34715
Cleveland, TN	37311 37312 37320 37323 37364
Clifton, NJ	07011 07012 07013 07014 07015
Cocoa, FL	32922 32923 32924 32926 32927
Compton, CA	90220 90221 90222 90223 90224
Cookeville, TN	38501 38502 38503 38505 38506
Covington, KY	41011 41012 41014 41016 41019
Crossville, TN	38555 38557 38558 38571 38572
Cumberland, MD	21501 21502 21503 21504 21505
Daly City, CA	94013 94014 94015 94016 94017
Decatur, AL	35601 35602 35603 35609 35699
Dothan, AL	36301 36302 36303 36304 36305
Dover, DE	19901 19903 19904 19905 19906
Dpo, NJ	09980 09981 09982 09983 09984
Dubuque, IA	52001 52002 52003 52004 52099
Duluth, GA	30095 30096 30097 30098 30099
Dunnellon, FL	34430 34431 34432 34433 34434
Easton, PA	18040 18042 18043 18044 18045
Edison, NJ	08817 08818 08820 08837 08899
El Cajon, CA	92019 92020 92021 92022 92090
Enid, OK	73701 73702 73703 73705 73706
Fall River, MA	02720 02721 02722 02723 02724
Florence, AL	35630 35631 35632 35633 35634
Fontana, CA	92331 92334 92335 92336 92337
Framingham, MA	01701 01702 01703 01704 01705
Franklin, TN	37064 37065 37067 37068 37069
Fremont, CA	94536 94537 94538 94539 94555
Gainesville, GA	30501 30503 30504 30506 30507
Garden City, NY	11530 11531 11535 11536 11599
Gastonia, NC	28052 28053 28054 28055 28056
Gatesville, TX	76528 76596 76597 76598 76599
Goldsboro, NC	27530 27531 27532 27533 27534
Grand Prairie, TX	75050 75051 75052 75053 75054
Great Falls, MT	59401 59403 59404 59405 59406
Greenville, NC	27833 27834 27835 27836 27858
Hammond, IN	46320 46323 46324 46325 46327
Hanover, PA	17331 17332 17333 17334 17335
Humble, TX	77338 77346 77346 77347 77396
Jonesboro, AR	72401 72402 72403 72404 72405
Jupiter, FL	33458 33468 33469 33477 33478
Kenner, LA	70062 70063 70064 70065 70097
Kennesaw, GA	30144 30152 30156 30160 31144
Kenosha, WI	53140 53141 53142 53143 53144
La Jolla, CA	92037 92038 92039 92092 92093
Lakewood, CA	90711 90712 90713 90714 90715
Lakewood, WA	98439 98496 98497 98498 98499
Lawrence, KS	66044 66045 66046 66047 66049
Lawton, OK	73501 73502 73505 73506 73507
Levittown, PA	19054 19055 19056 19057 19058
Livonia, MI	48150 48151 48152 48153 48154
Lowell, MA	01850 01851 01852 01853 01854
Lufkin, TX	75901 75902 75903 75904 75915
Mcallen, TX	78501 78502 78503 78504 78505
Mckeesport, PA	15131 15132 15133 15134 15135
Merced, CA	95340 95341 95343 95344 95348
Mesquite, TX	75149 75150 75181 75185 75187
Nacogdoches, TX	75961 75962 75963 75964 75965
Nampa, ID	83651 83652 83653 83686 83687
Nashua, NH	03060 03061 03062 03063 03064
New Bern, NC	28560 28561 28562 28563 28564
New Port Richey, FL	34652 34653 34654 34655 34656
Niagara Falls, NY	14301 14302 14303 14304 14305
Norcross, GA	30003 30010 30071 30091 30093
Norristown, PA	19401 19403 19404 19488 19489
North Charleston, SC	29405 29415 29418 29419 29420
Novato, CA	94945 94947 94948 94949 94998
Ontario, CA	91758 91761 91762 91764 91798
Oshkosh, WI	54901 54902 54903 54904 54906
Palm Coast, FL	32135 32137 32142 32143 32164
Parkersburg, WV	26101 26102 26103 26104 26106
Pascagoula, MS	39567 39568 39569 39581 39595
Plant City, FL	33563 33564 33565 33566 33567
Pontiac, MI	48055 48340 48341 48342 48343
Princeton, NJ	08540 08541 08542 08543 08544
Puyallup, WA	98371 98372 98373 98374 98375
Queen Creek, AZ	85142 85144 85240 85242 85243
Rancho Cucamonga, CA	91701 91729 91730 91737 91739
Redding, CA	96001 96002 96003 96049 96099
Redwood City, CA	94061 94062 94063 94064 94065
Renton, WA	98055 98056 98057 98058 98059
Richardson, TX	75080 75081 75082 75083 75085
Rock Hill, SC	29730 29731 29732 29733 29734
Rocky Mount, NC	27801 27802 27803 27804 27815
Rome, GA	30161 30162 30163 30164 30165
Saint Cloud, FL	34769 34770 34771 34772 34773
San Mateo, CA	94401 94402 94403 94404 94497
San Rafael, CA	94901 94903 94912 94913 94915
Santa Clarita, CA	91350 91380 91382 91383 91390
Santa Maria, CA	93454 93455 93456 93457 93458
Sebring, FL	33870 33871 33872 33875 33876
Sedona, AZ	86336 86339 86340 86341 86351
Slidell, LA	70458 70459 70460 70461 70469
Sterling Heights, MI	48310 48311 48312 48313 48314
Sterling, VA	20163 20164 20165 20166 20167
Stillwater, OK	74074 74075 74076 74077 74078
Sugar Land, TX	77478 77479 77487 77496 77498
Sunnyvale, CA	94085 94086 94087 94088 94089
Surprise, AZ	85374 85378 85379 85387 85388
Temecula, CA	92589 92590 92591 92592 92593
Titusville, FL	32780 32781 32782 32783 32796
Toms River, NJ	08753 08754 08755 08756 08757
Towson, MD	21204 21252 21284 21285 21286
Tracy, CA	95304 95376 95377 95378 95391
Upper Marlboro, MD	20772 20773 20774 20775 20792
Victoria, TX	77901 77902 77903 77904 77905
Warner Robins, GA	31088 31093 31095 31098 31099
Warren, PA	16365 16366 16367 16368 16369
Washington Navy Yard, DC	20374 20376 20388 20391 20398
Waterloo, IA	50701 50702 50703 50704 50706
West Chester, PA	19380 19381 19382 19383 19388
Woodbridge, VA	22191 22192 22193 22194 22195
Woodland Hills, CA	91364 91365 91367 91371 91399
Yuma, AZ	85364 85365 85366 85367 85369
Ada, MI	49301 49355 49356 49357
Altamonte Springs, FL	32701 32714 32715 32716
Arcadia, CA	91006 91007 91066 91077
Ashland, KY	41101 41102 41105 41114
Astoria, NY	11102 11103 11105 11106
Athens, AL	35611 35612 35613 35614
Auburn, WA	98001 98002 98071 98092
Ballwin, MO	63011 63021 63022 63024
Bartlesville, OK	74003 74004 74005 74006
Baytown, TX	77520 77521 77522 77523
Benton, AR	72015 72018 72019 72158
Bessemer, AL	35020 35021 35022 35023
Blacksburg, VA	24060 24061 24062 24063
Bloomfield Hills, MI	48301 48302 48303 48304
Bonita Springs, FL	34133 34134 34135 34136
Boone, IA	50036 50037 50099 50950
Bothell, WA	98011 98012 98021 98041
Boyers, PA	16016 16017 16018 16020
Brandon, FL	33508 33509 33510 33511
Brattleboro, VT	05301 05302 05303 05304
Broken Arrow, OK	74011 74012 74013 74014
Broomfield, CO	80020 80021 80023 80038
Buena Park, CA	90620 90621 90622 90624
Bullhead City, AZ	86429 86430 86439 86442
Burlington, NC	27215 27216 27217 27220
Camp Hill, PA	17001 17011 17012 17089
Canoga Park, CA	91303 91304 91305 91309
Carrollton, TX	75006 75007 75010 75011
Clemson, SC	29631 29632 29633 29634
Clinton, IA	52732 52733 52734 52736
Clovis, CA	93611 93612 93613 93619
Concord, NH	03301 03302 03303 03305
Conway, AR	72032 72033 72034 72035
Corvallis, OR	97330 97331 97333 97339
Cullman, AL	35055 35056 35057 35058
Culver City, CA	90230 90231 90232 90233
Dalton, GA	30719 30720 30721 30722
Danville, VA	24540 24541 24543 24544
Davenport, FL	33836 33837 33896 33897
Del Rio, TX	78840 78841 78842 78847
Deland, FL	32720 32721 32723 32724
Deltona, FL	32725 32728 32738 32739
Des Plaines, IL	60016 60017 60018 60019
Douglas, AZ	85607 85608 85655 86555
Douglasville, GA	30133 30134 30135 30154
Downey, CA	90239 90240 90241 90242
East Hartford, CT	06108 06118 06128 06138
East Lansing, MI	48823 48824 48825 48826
Edinburg, TX	78539 78540 78541 78542
El Monte, CA	91731 91732 91734 91735
Elgin, IL	60120 60121 60123 60124
Elizabeth, NJ	07201 07202 07207 07208
Elk Grove, CA	95624 95757 95758 95759
Elkhart, IN	46514 46515 46516 46517
Encino, CA	91316 91416 91426 91436
Far Rockaway, NY	11690 11691 11693 11695
Farmingdale, NY	11735 11736 11737 11774
Fayetteville, AR	72701 72702 72703 72704
Federal Way, WA	98003 98023 98063 98093
Florissant, MO	63031 63032 63033 63034
Fort Mill, SC	29707 29708 29715 29716
Frisco, TX	75033 75034 75035 75036
Georgetown, TX	78626 78627 78628 78633
Golden, CO	80401 80402 80403 80419
Goleta, CA	93116 93117 93118 93199
Greenville, MS	38701 38702 38703 38704
Greenville, TX	75401 75402 75403 75404
Greenwich, CT	06830 06831 06832 06836
Greenwood, SC	29646 29647 29648 29649
Hammond, LA	70401 70402 70403 70404
Harlingen, TX	78550 78551 78552 78553
Harrisonburg, VA	22801 22802 22803 22807
Haverhill, MA	01830 01831 01832 01835
Hemet, CA	92543 92544 92545 92546
Hendersonville, NC	28739 28791 28792 28793
Hilton Head Island, SC	29925 29926 29928 29938
Hobbs, NM	88240 88241 88242 88244
Houma, LA	70360 70361 70363 70364
Howell, MI	48843 48844 48855 48863
Inverness, FL	34450 34451 34452 34453
Ithaca, NY	14850 14851 14852 14853
Jackson, MI	49201 49202 49203 49204
Janesville, WI	53545 53546 53547 53548
Jasper, AL	35501 35502 35503 35504
Jesup, GA	31545 31546 31598 31599
Joplin, MO	64801 64802 64803 64804
Kearney, NE	68845 68847 68848 68849
Kincheloe, MI	49784 49785 49786 49788
Kinston, NC	28501 28502 28503 28504
Kokomo, IN	46901 46902 46903 46904
La Mesa, CA	91941 91942 91943 91944
La Puente, CA	91744 91746 91747 91749
Lake City, FL	32024 32025 32055 32056
Lake Havasu City, AZ	86403 86404 86405 86406
Lake Orion, MI	48359 48360 48361 48362
Laramie, WY	82070 82071 82072 82073
Laurel, MS	39440 39441 39442 39443
Lawrence, MA	01840 01841 01842 01843
Leesburg, FL	34748 34749 34788 34789
Leesburg, VA	20175 20176 20177 20178
Lehigh Valley, PA	18001 18002 18003 18005
Lewisville, TX	75029 75057 75067 75077
Lexington, NC	27292 27293 27294 27295
Logan, UT	84321 84322 84323 84341
Longmont, CO	80501 80502 80503 80504
Longwood, FL	32750 32752 32779 32791
Los Gatos, CA	95030 95031 95032 95033
Loves Park, IL	61111 61130 61131 61132
Lutz, FL	33548 33549 33558 33559
Lynnwood, WA	98036 98037 98046 98087
Madera, CA	93636 93637 93638 93639
Manchester, CT	06040 06041 06042 06045
Manhattan, KS	66502 66503 66505 66506
Mankato, MN	56001 56002 56003 56006
Maricopa, AZ	85138 85139 85238 85239
Marion, OH	43301 43302 43306 43307
Martinsville, VA	24112 24113 24114 24115
Maryville, TN	37801 37802 37803 37804
Mckinney, TX	75069 75070 75071 75072
Melville, NY	11747 11760 11773 11775
Menifee, CA	92584 92585 92586 92587
Millington, TN	38053 38054 38055 38083
Milton, FL	32570 32571 32572 32583
Minot, ND	58701 58702 58703 58707
Mission, KS	66201 66202 66205 66222
Monterey, CA	93940 93942 93943 93944
Moorhead, MN	56560 56561 56562 56563
Morristown, TN	37813 37814 37815 37816
New Braunfels, TX	78130 78131 78132 78135
New Britain, CT	06050 06051 06052 06053
New Rochelle, NY	10801 10802 10804 10805
Newburgh, NY	12550 12551 12552 12555
Newnan, GA	30263 30264 30265 30271
Newport, KY	41071 41072 41076 41099
Norwalk, CA	90650 90651 90652 90659
Novi, MI	48374 48375 48376 48377
Oak Park, IL	60301 60302 60303 60304
Olathe, KS	66051 66061 66062 66063
Opelika, AL	36801 36802 36803 36804
Orangeburg, SC	29115 29116 29117 29118
Ormond Beach, FL	32173 32174 32175 32176
Owensboro, KY	42301 42302 42303 42304
Pahrump, NV	89041 89048 89060 89061
Palestine, TX	75801 75802 75803 75882
Palm Desert, CA	92211 92255 92260 92261
Palm Harbor, FL	34682 34683 34684 34685
Palm Springs, CA	92262 92263 92264 92292
Perris, CA	92570 92571 92572 92599
Phenix City, AL	36867 36868 36869 36870
Pine Bluff, AR	71601 71603 71611 71613
Plainfield, NJ	07060 07061 07062 07063
Port Arthur, TX	77640 77641 77642 77643
Port Orange, FL	32123 32127 32128 32129
Portsmouth, NH	03801 03802 03803 03804
Poughkeepsie, NY	12601 12602 12603 12604
Quincy, MA	02169 02170 02171 02269
Rapid City, SD	57701 57702 57703 57709
Reidsville, NC	27320 27321 27322 27323
Riverview, FL	33568 33569 33578 33579
Rochester, MI	48306 48307 48308 48309
Rochester, NH	03839 03866 03867 03868
Rome, NY	13440 13441 13442 13449
Rural Hall, NC	27045 27094 27098 27099
Russellville, AR	72801 72802 72811 72812
Saint Charles, MO	63301 63302 63303 63304
Saint George, UT	84770 84771 84790 84791
Salisbury, MD	21801 21802 21803 21804
Salisbury, NC	28144 28145 28146 28147
San Marcos, CA	92069 92078 92079 92096
San Pedro, CA	90731 90732 90733 90734
Seminole, FL	33772 33775 33776 33777
Sherman Oaks, CA	91403 91413 91423 91495
Sierra Vista, AZ	85635 85636 85650 85671
Spring Valley, CA	91976 91977 91978 91979
Springdale, AR	72762 72764 72765 72766
State College, PA	16801 16803 16804 16805
Statesboro, GA	30458 30459 30460 30461
Stone Mountain, GA	30083 30086 30087 30088
Stuart, FL	34994 34995 34996 34997
Summerville, SC	29483 29484 29485 29486
Sumter, SC	29150 29151 29153 29154
Tennessee Colony, TX	75861 75880 75884 75886
Thomasville, GA	31757 31758 31792 31799
Thousand Oaks, CA	91358 91360 91362 91363
Traverse City, MI	49684 49685 49686 49696
Troy, NY	12180 12181 12182 12183
Tupelo, MS	38801 38802 38803 38804
Utica, MI	48315 48316 48317 48318
Vallejo, CA	94589 94590 94591 94592
Venice, FL	34284 34285 34292 34293
Vicksburg, MS	39180 39181 39182 39183
Victorville, CA	92392 92393 92394 92395
Vista, CA	92081 92083 92084 92085
Waldorf, MD	20601 20602 20603 20604
Wallingford, CT	06492 06493 06494 06495
Walnut Creek, CA	94595 94596 94597 94598
Waltham, MA	02451 02452 02453 02454
Warwick, RI	02886 02887 02888 02889
Wasilla, AK	99623 99629 99654 99687
Waukesha, WI	53186 53187 53188 53189
Wayne, PA	19080 19087 19088 19089
Weatherford, TX	76085 76086 76087 76088
West Bloomfield, MI	48322 48323 48324 48325
West Columbia, SC	29169 29170 29171 29172
West Covina, CA	91790 91791 91792 91793
West Sacramento, CA	95605 95691 95798 95799
Westbury, NY	11590 11594 11595 11597
Westminster, CO	80030 80031 80035 80036
Westport, CT	06880 06881 06888 06889
Williamsburg, VA	23185 23186 23187 23188
Williamsport, PA	17701 17702 17703 17705
Wilson, NC	27893 27894 27895 27896
Winchester, VA	22601 22602 22603 22604
Winter Park, FL	32789 32790 32792 32793
Yorktown, VA	23690 23691 23692 23693
Zephyrhills, FL	33539 33540 33541 33542
Abingdon, VA	24210 24211 24212
Alpine, TX	79830 79831 79832
Altoona, PA	16601 16602 16603
Amherst, MA	01002 01003 01004
Apex, NC	27502 27523 27539
Apopka, FL	32703 32704 32712
Arcadia, FL	34265 34266 34269
Arkadelphia, AR	71923 71998 71999
Arlington Heights, IL	60004 60005 60006
Asheboro, NC	27203 27204 27205
Atlantic City, NJ	08401 08404 08405
Atmore, AL	36502 36503 36504
Auburn, AL	36830 36831 36832
Auburn, CA	95602 95603 95604
Auburn, ME	04210 04211 04212
Auburn, NY	13021 13022 13024
Bainbridge, GA	39817 39818 39819
Bay City, MI	48706 48707 48708
Bayside, NY	11359 11360 11361
Beckley, WV	25801 25802 25926
Bedford, TX	76021 76022 76095
Bellevue, NE	68005 68123 68147
Bentonville, AR	72712 72713 72716
Blue Springs, MO	64013 64014 64015
Brandon, MS	39042 39043 39047
Brea, CA	92821 92822 92823
Brighton, CO	80601 80602 80603
Bristol, TN	37620 37621 37625
Brookfield, WI	53005 53008 53045
Brookhaven, MS	39601 39602 39603
Buford, GA	30515 30518 30519
Burton, MI	48509 48519 48529
Butler, PA	16001 16002 16003
Caldwell, ID	83605 83606 83607
Camarillo, CA	93010 93011 93012
Campbell, CA	95008 95009 95011
Canton, GA	30114 30115 30169
Canyon Country, CA	91351 91386 91387
Cape Girardeau, MO	63701 63702 63703
Carbondale, IL	62901 62902 62903
Carmel, IN	46032 46033 46082
Casselberry, FL	32707 32718 32730
Castle Rock, CO	80104 80108 80109
Centerville, MA	02632 02634 02636
Centreville, VA	20120 20121 20122
Chantilly, VA	20151 20152 20153
Cherry Hill, NJ	08002 08003 08034
Cheshire, CT	06408 06410 06411
Chesterfield, MO	63005 63006 63017
Citrus Heights, CA	95610 95611 95621
City Of Industry, CA	91714 91715 91716
Claremore, OK	74017 74018 74019
Clarksburg, WV	26301 26302 26306
Clarkston, MI	48346 48347 48348
Clayton, NC	27520 27527 27528
Clearfield, UT	84015 84016 84089
Clinton Township, MI	48035 48036 48038
Clinton, MS	39056 39058 39060
Coeur D Alene, ID	83814 83815 83816
Colchester, VT	05439 05446 05449
College Park, MD	20740 20741 20742
Columbia, MD	21044 21045 21046
Columbus, IN	47201 47202 47203
Commerce, GA	30529 30530 30599
Concord, NC	28025 28026 28027
Concordville, PA	19331 19339 19340
Conway, SC	29526 29527 29528
Conyers, GA	30012 30013 30094
Coral Springs, FL	33065 33071 33075
Cordova, TN	38016 38018 38088
Corsicana, TX	75109 75110 75151
Costa Mesa, CA	92626 92627 92628
Council Bluffs, IA	51501 51502 51503
Covina, CA	91722 91723 91724
Covington, GA	30014 30015 30016
Covington, LA	70433 70434 70435
Cranston, RI	02910 02920 02921
Crystal Lake, IL	60012 60014 60039
Crystal River, FL	34423 34428 34429
Cumming, GA	30028 30040 30041
Cuyahoga Falls, OH	44221 44222 44223
Cypress, TX	77410 77429 77433
Dade City, FL	33523 33525 33526
Davis, CA	95616 95617 95618
Deerfield Beach, FL	33441 33442 33443
Denham Springs, LA	70706 70726 70727
Dorchester, MA	02121 02122 02125
Douglas, GA	31533 31534 31535
Dover, NH	03820 03821 03822
Duarte, CA	91008 91009 91010
Duncan, OK	73533 73534 73536
Duncan, SC	29334 29390 29391
Duncanville, TX	75116 75137 75138
Durango, CO	81301 81302 81303
Easley, SC	29640 29641 29642
East Orange, NJ	07017 07018 07019
Eau Claire, WI	54701 54702 54703
Eden Prairie, MN	55344 55346 55347
El Dorado, AR	71730 71731 71768
Elizabeth City, NC	27906 27907 27909
Elko, NV	89801 89802 89803
Ellicott City, MD	21041 21042 21043
Emmaus, PA	18049 18098 18099
Endicott, NY	13760 13761 13763
Englewood, FL	34223 34224 34295
Essex Junction, VT	05452 05453 05479
Euclid, OH	44117 44123 44132
Eureka, CA	95501 95502 95503
Eustis, FL	32726 32727 32736
Fairfield, CT	06824 06825 06828
Fallon, NV	89406 89407 89496
Farmington, CT	06030 06032 06034
Farmington, NM	87401 87402 87499
Fishers, IN	46037 46038 46085
Floral Park, NY	11001 11002 11005
Florence, AZ	85132 85232 85279
Flower Mound, TX	75022 75027 75028
Fond Du Lac, WI	54935 54936 54937
Fort Walton Beach, FL	32547 32548 32549
Fort Washington, PA	19034 19048 19049
Freeport, ME	04032 04033 04034
Gaffney, SC	29340 29341 29342
Gallup, NM	87301 87302 87305
Gardena, CA	90247 90248 90249
Germantown, MD	20874 20875 20876
Germantown, TN	38138 38139 38183
Gig Harbor, WA	98329 98332 98335
Gillette, WY	82716 82717 82718
Glen Allen, VA	23058 23059 23060
Glen Burnie, MD	21060 21061 21062
Goshen, IN	46526 46527 46528
Grand Island, NE	68801 68802 68803
Grand Rapids, MN	55730 55744 55745
Grants Pass, OR	97526 97527 97528
Greenbelt, MD	20768 20770 20771
Greeneville, TN	37743 37744 37745
Greensburg, PA	15601 15605 15606
Greenwood, MS	38930 38935 38945
Greer, SC	29650 29651 29652
Gretna, LA	70053 70054 70056
Groton, MA	01450 01470 01471
Gulf Breeze, FL	32561 32562 32563
Gunnison, CO	81230 81231 81247
Hamden, CT	06514 06517 06518
Hempstead, NY	11549 11550 11551
Henderson, TX	75652 75653 75654
Hesperia, CA	92340 92344 92345
Hickory, NC	28601 28602 28603
Hillsboro, OR	97123 97124 97129
Hinsdale, IL	60521 60522 60570
Hoffman Estates, IL	60169 60179 60192
Holiday, FL	34690 34691 34692
Holland, MI	49422 49423 49424
Holtsville, NY	00501 00544 11742
Homosassa, FL	34446 34448 34487
Hudson, FL	34667 34669 34674
Hutchinson, KS	67501 67502 67504
Incline Village, NV	89450 89451 89452
Indio, CA	92201 92202 92203
Jacksonville, NC	28540 28541 28546
Jamestown, ND	58401 58402 58405
Jasper, IN	47546 47547 47549
Jonesboro, GA	30236 30237 30238
Kalispell, MT	59901 59903 59904
Kannapolis, NC	28081 28082 28083
Keeseville, NY	12911 12924 12944
Kennewick, WA	99336 99337 99338
Kent, OH	44240 44242 44243
Key West, FL	33040 33041 33045
Kingman, AZ	86401 86402 86409
Kingwood, TX	77325 77339 77345
Kirkland, WA	98033 98034 98083
Klamath Falls, OR	97601 97602 97603
Kodiak, AK	99615 99619 99697
La Crosse, WI	54601 54602 54603
La Habra, CA	90631 90632 90633
La Mirada, CA	90637 90638 90639
La Quinta, CA	92247 92248 92253
Lagrange, GA	30240 30241 30261
Lake Elsinore, CA	92530 92531 92532
Lake Wales, FL	33853 33859 33898
Lancaster, SC	29720 29721 29722
Land O Lakes, FL	34637 34638 34639
Leander, TX	78641 78645 78646
Leawood, KS	66206 66209 66211
Lebanon, PA	17042 17046 17091
Lebanon, TN	37087 37088 37090
Lewiston, ME	04240 04241 04243
Lexington, SC	29071 29072 29073
Liverpool, NY	13088 13089 13090
Livingston, TX	77351 77352 77399
Lodi, CA	95240 95241 95242
Loma Linda, CA	92350 92354 92357
Lompoc, CA	93436 93437 93438
Long Island City, NY	11101 11109 11120
Lorain, OH	44052 44053 44055
Los Altos, CA	94022 94023 94024
Loveland, CO	80537 80538 80539
Lumberton, NC	28358 28359 28360
Madison, AL	35756 35757 35758
Magnolia, TX	77353 77354 77355
Malibu, CA	90263 90264 90265
Mandeville, LA	70448 70470 70471
Marianna, FL	32446 32447 32448
Marshall, TX	75670 75671 75672
Marshfield, WI	54404 54449 54472
Massillon, OH	44646 44647 44648
Matthews, NC	28104 28105 28106
Media, PA	19063 19065 19091
Melrose Park, IL	60160 60161 60164
Meriden, CT	06450 06451 06454
Meridian, ID	83642 83646 83680
Merritt Island, FL	32952 32953 32954
Mesquite, NV	89024 89027 89034
Middleboro, MA	02344 02346 02349
Middletown, NY	10940 10941 10943
Middletown, OH	45042 45043 45044
Midlothian, VA	23112 23113 23114
Milledgeville, GA	31059 31061 31062
Mineral Wells, WV	26120 26121 26150
Mishawaka, IN	46544 46545 46546
Mission Hills, CA	91345 91346 91395
Mission Viejo, CA	92690 92691 92692
Mission, TX	78572 78573 78574
Monroe, NC	28110 28111 28112
Monroeville, AL	36460 36461 36462
Monterey Park, CA	91754 91755 91756
Monticello, AR	71655 71656 71657
Montrose, CO	81401 81402 81403
Moraga, CA	94556 94570 94575
Morristown, NJ	07960 07962 07963
Moultrie, GA	31768 31776 31788
Mount Pleasant, MI	48804 48858 48859
Mount Pleasant, SC	29464 29465 29466
Murrieta, CA	92562 92563 92564
Muskogee, OK	74401 74402 74403
Napa, CA	94558 94559 94581
Natchez, MS	39120 39121 39122
Natchitoches, LA	71457 71458 71497
New Castle, DE	19720 19721 19726
New Iberia, LA	70560 70562 70563
New Smyrna Beach, FL	32168 32169 32170
Newark, OH	43055 43058 43093
Noblesville, IN	46060 46061 46062
Nogales, AZ	85621 85628 85662
North Augusta, SC	29841 29860 29861
North Fort Myers, FL	33903 33917 33918
North Myrtle Beach, SC	29582 29597 29598
North Reading, MA	01825 01864 01889
North Wilkesboro, NC	28656 28659 28674
Northampton, MA	01060 01061 01063
Northport, AL	35473 35475 35476
Norwood, MN	55383 55554 55583
Okeechobee, FL	34972 34973 34974
Orange Park, FL	32065 32067 32073
Orange, TX	77630 77631 77632
Orem, UT	84057 84058 84097
Oviedo, FL	32762 32765 32766
Pacoima, CA	91331 91333 91334
Paducah, KY	42001 42002 42003
Paris, TX	75460 75461 75462
Park City, UT	84060 84068 84098
Pawtucket, RI	02860 02861 02862
Peachtree City, GA	30269 30270 31169
Pearland, TX	77581 77584 77588
Pekin, IL	61554 61555 61558
Petersburg, VA	23803 23804 23805
Pico Rivera, CA	90660 90661 90662
Pinellas Park, FL	33780 33781 33782
Pineville, LA	71359 71360 71361
Pittsfield, MA	01201 01202 01203
Pittston, PA	18640 18641 18643
Plainfield, IL	60544 60585 60586
Pleasantville, NY	10570 10571 10572
Plymouth, MA	02360 02361 02362
Ponca City, OK	74601 74602 74604
Portage, MI	49002 49024 49081
Prattville, AL	36066 36067 36068
Prescott Valley, AZ	86312 86314 86315
Pullman, WA	99163 99164 99165
Queens Village, NY	11427 11428 11429
Quincy, FL	32351 32352 32353
Quincy, IL	62301 62305 62306
Radford, VA	24141 24142 24143
Rancho Cordova, CA	95670 95741 95742
Redlands, CA	92373 92374 92375
Redmond, WA	98052 98053 98073
Rexburg, ID	83440 83441 83460
Richmond, TX	77406 77407 77469
Rio Rancho, NM	87124 87144 87174
Rock Island, IL	61201 61204 61299
Rockford, MN	55373 55572 55577
Rogers, AR	72756 72757 72758
Rohnert Park, CA	94926 94927 94928
Rolla, MO	65401 65402 65409
Rosemead, CA	91770 91771 91772
Roseville, CA	95661 95678 95747
Roswell, GA	30075 30076 30077
Roswell, NM	88201 88202 88203
Rowlett, TX	75030 75088 75089
Royal Oak, MI	48067 48068 48073
Ruston, LA	71270 71272 71273
Saint Clair Shores, MI	48080 48081 48082
San Clemente, CA	92672 92673 92674
San Gabriel, CA	91775 91776 91778
San Jacinto, CA	92581 92582 92583
San Leandro, CA	94577 94578 94579
Sanford, FL	32771 32772 32773
Sanford, NC	27330 27331 27332
Searcy, AR	72143 72145 72149
Sebastian, FL	32958 32976 32978
Selma, AL	36701 36702 36703
Seneca, SC	29672 29678 29679
Sevierville, TN	37862 37864 37876
Shasta Lake, CA	96019 96079 96089
Shawnee, OK	74801 74802 74804
Sheboygan, WI	53081 53082 53083
Shelby, NC	28150 28151 28152
Shelbyville, TN	37160 37161 37162
Shenandoah, IA	51601 51602 51603
Sherman, TX	75090 75091 75092
Smyrna, GA	30080 30081 30082
Snohomish, WA	98290 98291 98296
Somerset, KY	42501 42502 42503
Somerville, MA	02143 02144 02145
Southeastern, PA	19397 19398 19399
Springfield, OR	97475 97477 97478
Stafford, VA	22554 22555 22556
Statesville, NC	28625 28677 28687
Steamboat Springs, CO	80477 80487 80488
Stevens Point, WI	54481 54482 54492
Stratford, CT	06497 06614 06615
Sulphur, LA	70663 70664 70665
Sun City, AZ	85351 85372 85373
Texas City, TX	77590 77591 77592
The Lakes, NV	88901 88905 89163
Thibodaux, LA	70301 70302 70310
Tilton, NH	03276 03298 03299
Troy, AL	36079 36081 36082
Truckee, CA	96160 96161 96162
Turlock, CA	95380 95381 95382
Tustin, CA	92780 92781 92782
Uniondale, NY	11553 11555 11556
Upland, CA	91784 91785 91786
Urbana, IL	61801 61802 61803
Urbandale, IA	50322 50323 50398
Vacaville, CA	95687 95688 95696
Valencia, CA	91354 91355 91385
Valley Stream, NY	11580 11581 11582
Valparaiso, IN	46383 46384 46385
Valrico, FL	33594 33595 33596
Versailles, KY	40383 40384 40386
Vineland, NJ	08360 08361 08362
Wahpeton, ND	58074 58075 58076
Walnut, CA	91788 91789 91795
Warrendale, PA	15086 15095 15096
Warrenton, VA	20186 20187 20188
Warsaw, IN	46580 46581 46582
Waterford, MI	48327 48328 48329
Watertown, MA	02471 02472 02477
Waukegan, IL	60079 60085 60087
Wausau, WI	54401 54402 54403
Waxahachie, TX	75165 75167 75168
Waycross, GA	31501 31502 31503
Wayne, NJ	07470 07474 07477
Wesley Chapel, FL	33543 33544 33545
West Jordan, UT	84081 84084 84088
West Lafayette, IN	47906 47907 47996
West Monroe, LA	71291 71292 71294
West Valley City, UT	84119 84120 84128
Westborough, MA	01580 01581 01582
Westerville, OH	43081 43082 43086
Westminster, CA	92683 92684 92685
Whippany, NJ	07981 07983 07999
Williston, ND	58801 58802 58803
Winter Garden, FL	34777 34778 34787
Yorba Linda, CA	92885 92886 92887
Yuba City, CA	95991 95992 95993
Abbeville, LA	70510 70511
Aberdeen, SD	57401 57402
Absecon, NJ	08201 08205
Acton, MA	01718 01720
Acworth, GA	30101 30102
Ada, OK	74820 74821
Agoura Hills, CA	91301 91376
Alabaster, AL	35007 35114
Alachua, FL	32615 32616
Alameda, CA	94501 94502
Alamogordo, NM	88310 88311
Alamosa, CO	81101 81102
Albany, OR	97321 97322
Albemarle, NC	28001 28002
Albertville, AL	35950 35951
Albion, PA	16401 16475
Alexander City, AL	35010 35011
Alice, TX	78332 78333
Aliso Viejo, CA	92656 92698
Allen, TX	75002 75013
Alma, MI	48801 48802
Alpine, CA	91901 91903
Altadena, CA	91001 91003
Alto, GA	30510 30596
Altus, OK	73521 73522
Alvin, TX	77511 77512
Amana, IA	52203 52204
Americus, GA	31709 31719
Amityville, NY	11701 11708
Andalusia, AL	36420 36421
Angleton, TX	77515 77516
Ankeny, IA	50021 50023
Antioch, CA	94509 94531
Antioch, TN	37011 37013
Antwerp, NY	13608 13671
Apalachicola, FL	32320 32329
Apple Valley, CA	92307 92308
Aptos, CA	95001 95003
Aransas Pass, TX	78335 78336
Arcata, CA	95518 95521
Arizona City, AZ	85123 85223
Arlington, MA	02474 02476
Arroyo Grande, CA	93420 93421
Artesia, CA	90701 90702
Artesia, NM	88210 88211
Ashland, MT	59003 59004
Ashtabula, OH	44004 44005
Aspen, CO	81611 81612
Atascadero, CA	93422 93423
Athens, TN	37303 37371
Athens, TX	75751 75752
Atoka, OK	74525 74542
Auburn Hills, MI	48321 48326
Austell, GA	30106 30168
Avon Park, FL	33825 33826
Avondale, AZ	85323 85392
Azle, TX	76020 76098
Baker, LA	70704 70714
Bangor, ME	04401 04402
Bapchule, AZ	85121 85221
Barrington, IL	60010 60011
Barstow, CA	92311 92312
Barton, VT	05822 05875
Bartow, FL	33830 33831
Bastrop, LA	71220 71221
Batavia, NY	14020 14021
Batesville, AR	72501 72503
Baxley, GA	31513 31515
Bay City, TX	77404 77414
Bay Saint Louis, MS	39520 39521
Beaver Springs, PA	17812 17843
Beeville, TX	78102 78104
Bel Air, MD	21014 21015
Bell Gardens, CA	90201 90205
Bella Vista, AR	72714 72715
Bellaire, TX	77401 77402
Belle Chasse, LA	70037 70093
Belleview, FL	34420 34421
Belleville, MI	48111 48112
Bellflower, CA	90706 90707
Bellmawr, NJ	08031 08099
Belmar, NJ	07715 07719
Beloit, WI	53511 53512
Beltsville, MD	20704 20705
Bemidji, MN	56601 56619
Bensenville, IL	60105 60106
Benton Harbor, MI	49022 49023
Berea, KY	40403 40404
Berrien Springs, MI	49103 49104
Beverly Hills, FL	34464 34465
Biddeford, ME	04005 04007
Big Sandy, TX	75755 75797
Big Spring, TX	79720 79721
Billerica, MA	01821 01822
Birmingham, MI	48009 48012
Bishop, CA	93514 93515
Blackstone, VA	23824 23825
Blaine, WA	98230 98231
Blair, NE	68008 68009
Blairsville, GA	30512 30514
Bloomingdale, IL	60108 60117
Blue Bell, PA	19422 19424
Blythe, CA	92225 92226
Blytheville, AR	72315 72316
Boaz, AL	35956 35957
Boerne, TX	78006 78015
Bogalusa, LA	70427 70429
Boiling Springs, SC	29316 29318
Bolingbrook, IL	60440 60490
Bonita, CA	91902 91908
Boone, NC	28607 28608
Borger, TX	79007 79008
Boron, CA	93516 93596
Boulder City, NV	89005 89006
Bountiful, UT	84010 84011
Bowling Green, OH	43402 43403
Bowling Green, VA	22427 22428
Braggs, OK	74423 74439
Braintree, MA	02184 02185
Branchville, NJ	07826 07890
Branson, MO	65615 65616
Brenham, TX	77833 77834
Brentwood, TN	37024 37027
Brewton, AL	36426 36427
Brick, NJ	08723 08724
Bridgewater, MA	02324 02325
Brighton, MI	48114 48116
Bristol, CT	06010 06011
Brookings, SD	57006 57007
Brookline, MA	02445 02446
Brownwood, TX	76801 76804
Bryant, AR	72022 72089
Buckeye, AZ	85326 85396
Burke, VA	22009 22015
Burleson, TX	76028 76097
Burlingame, CA	94010 94011
Burlington, MA	01803 01805
Burnsville, MN	55306 55337
Buzzards Bay, MA	02532 02542
Cairo, GA	39827 39828
Calabasas, CA	91302 91372
Caldwell, NJ	07006 07007
Calexico, CA	92231 92232
Calhoun, GA	30701 30703
California City, CA	93504 93505
Camden, AR	71701 71711
Camden, SC	29020 29021
Camp Lejeune, NC	28542 28547
Campbellsville, KY	42718 42719
Canal Point, FL	33438 33439
Canon City, CO	81212 81215
Canton, MI	48187 48188
Canyon, TX	79015 79016
Carlisle, PA	17013 17015
Carlsbad, NM	88220 88221
Carmel, CA	93922 93923
Carmichael, CA	95608 95609
Carpinteria, CA	93013 93014
Cartersville, GA	30120 30121
Castaic, CA	91310 91384
Castine, ME	04420 04421
Castro Valley, CA	94546 94552
Cathedral City, CA	92234 92235
Cave Creek, AZ	85327 85331
Cedar City, UT	84720 84721
Cedar Falls, IA	50613 50614
Cedar Hill, TX	75104 75106
Cedar Park, TX	78613 78630
Chagrin Falls, OH	44022 44023
Chalmette, LA	70043 70044
Chamberlain, SD	57325 57326
Chambersburg, PA	17201 17202
Chandler Heights, AZ	85127 85227
Chatsworth, CA	91311 91313
Cherokee Village, AR	72525 72529
Chester, PA	19013 19016
Chester, VA	23831 23836
Chesterfield, VA	23832 23838
Chestertown, MD	21620 21690
Chevy Chase, MD	20815 20825
Chicago Heights, IL	60411 60412
Chickasha, OK	73018 73023
Chiefland, FL	32626 32644
Chino, CA	91708 91710
Chippewa Falls, WI	54729 54774
Christiansburg, VA	24068 24073
Clanton, AL	35045 35046
Clarion, IA	50525 50526
Cleburne, TX	76031 76033
Cleveland, MS	38732 38733
Cleveland, TX	77327 77328
Clinton, NC	28328 28329
Clinton, TN	37716 37717
Clovis, NM	88101 88102
Cochecton, NY	12726 12727
Cocoa Beach, FL	32931 32932
Collierville, TN	38017 38027
Columbia, TN	38401 38402
Columbus, NE	68601 68602
Commerce City, CO	80022 80037
Commerce, TX	75428 75429
Conshohocken, PA	19428 19429
Coolidge, AZ	85128 85228
Coppell, TX	75019 75099
Corbin, KY	40701 40702
Cordele, GA	31010 31015
Corinth, MS	38834 38835
Corning, NY	14830 14831
Coronado, CA	92118 92178
Corte Madera, CA	94925 94976
Cottage Grove, OR	97424 97472
Coyote Springs, NV	89037 89067
Craig, CO	81625 81626
Crawfordville, FL	32326 32327
Creedmoor, NC	27522 27564
Crescent City, CA	95531 95532
Cresson, PA	16630 16699
Crested Butte, CO	81224 81225
Crestview, FL	32536 32539
Croton On Hudson, NY	10520 10521
Crowley, LA	70526 70527
Crown Point, IN	46307 46308
Cupertino, CA	95014 95015
Dahlonega, GA	30533 30597
Dallas, GA	30132 30157
Dallas, PA	18612 18690
Dalton, MA	01226 01227
Danville, CA	94506 94526
Danville, IL	61832 61834
Danville, KY	40422 40423
Danville, PA	17821 17822
Daphne, AL	36526 36527
Darlington, SC	29532 29540
Davidson, NC	28035 28036
Davis, OK	73030 73039
Dearborn Heights, MI	48125 48127
Debary, FL	32713 32753
Dedham, MA	02026 02027
Defuniak Springs, FL	32433 32435
Delano, CA	93215 93216
Deming, NM	88030 88031
Denison, TX	75020 75021
Desert Hot Springs, CA	92240 92241
Desoto, TX	75115 75123
Destin, FL	32540 32541
Detroit Lakes, MN	56501 56502
Dickinson, ND	58601 58602
Dickson, TN	37055 37056
Dinosaur, CO	81610 81633
District Heights, MD	20747 20753
Dodgeville, WI	53533 53595
Dover, NJ	07801 07802
Downers Grove, IL	60515 60516
Doylestown, PA	18901 18902
Dublin, GA	31021 31040
Dublin, OH	43016 43017
Dumfries, VA	22025 22026
Dunedin, FL	34697 34698
Dunn, NC	28334 28335
Durant, OK	74701 74702
Duxbury, MA	02331 02332
Dyersburg, TN	38024 38025
Eagle Pass, TX	78852 78853
Eagleville, PA	19408 19415
Early, TX	76802 76803
East Boston, MA	02128 02228
East Elmhurst, NY	11369 11370
East Peoria, IL	61611 61635
East Stroudsburg, PA	18301 18302
Eastlake, OH	44095 44097
Easton, MD	21601 21606
Eatonton, GA	31024 31026
Eatontown, NJ	07724 07799
Eckerman, MI	49728 49790
Eden, NC	27288 27289
Edgewater, FL	32132 32141
Edinboro, PA	16412 16444
Edmonds, WA	98020 98026
Edwards, CA	93523 93524
Edwardsville, IL	62025 62026
El Centro, CA	92243 92244
El Sobrante, CA	94803 94820
Elizabethton, TN	37643 37644
Elizabethtown, KY	42701 42702
Elk City, OK	73644 73648
Elk Grove Village, IL	60007 60009
Elko New Market, MN	55020 55054
Elkton, MD	21921 21922
Ellijay, GA	30536 30540
Elmhurst, NY	11373 11380
Eloy, AZ	85131 85231
Ely, NV	89301 89315
Elyria, OH	44035 44036
Emeryville, CA	94608 94662
Encinitas, CA	92023 92024
Enfield, CT	06082 06083
Ennis, TX	75119 75120
Enterprise, AL	36330 36331
Erlanger, KY	41018 41025
Espanola, NM	87532 87533
Estero, FL	33928 33929
Estes Park, CO	80511 80517
Eufaula, AL	36027 36072
Euless, TX	76039 76040
Eureka Springs, AR	72631 72632
Evanston, WY	82930 82931
Evergreen, CO	80437 80439
Fairfax, CA	94930 94978
Fairfield, CA	94533 94534
Fairfield, IA	52556 52557
Fairfield, OH	45014 45018
Fairhope, AL	36532 36533
Fairmont, WV	26554 26555
Fallbrook, CA	92028 92088
Falmouth, MA	02540 02541
Farmville, VA	23901 23909
Fayette, MS	39069 39081
Fayetteville, GA	30214 30215
Fenton, MO	63026 63099
Fergus Falls, MN	56537 56538
Fernandina Beach, FL	32034 32035
Fillmore, CA	93015 93016
Findlay, OH	45839 45840
Fleming Island, FL	32003 32006
Florence, CO	81226 81290
Florence, KY	41022 41042
Foley, AL	36535 36536
Folsom, CA	95630 95763
Forest Park, GA	30297 30298
Forrest City, AR	72335 72336
Fort Benning, GA	31905 31995
Fort Bliss, TX	79916 79918
Fort Bragg, NC	28307 28310
Fort Huachuca, AZ	85613 85670
Fort Knox, KY	40121 40122
Fort Mohave, AZ	86426 86427
Fort Myers Beach, FL	33931 33932
Fort Payne, AL	35967 35968
Fort Stewart, GA	31314 31315
Fort Washington, MD	20744 20749
Fountain Hills, AZ	85268 85269
Fountain Valley, CA	92708 92728
Fox Valley, IL	60597 60599
Frackville, PA	17931 17932
Frankenmuth, MI	48734 48787
Franklin, KY	42134 42135
Franklin, NC	28734 28744
Freeport, TX	77541 77542
Fremont, MI	49412 49413
Fremont, NE	68025 68026
Fresh Meadows, NY	11365 11366
Friendswood, TX	77546 77549
Gainesville, TX	76240 76241
Gainesville, VA	20155 20156
Galesburg, IL	61401 61402
Garden City, MI	48135 48136
Gardnerville, NV	89410 89460
Gaylord, MI	49734 49735
Genesee, PA	16923 16941
Georgetown, SC	29440 29442
Gettysburg, PA	17325 17326
Gilmer, TX	75644 75645
Gilroy, CA	95020 95021
Glasgow, KY	42141 42142
Glen Ellyn, IL	60137 60138
Glendora, CA	91740 91741
Glenview, IL	60025 60026
Glenwood Springs, CO	81601 81602
Globe, AZ	85501 85502
Gloucester, MA	01930 01931
Gonzales, LA	70707 70737
Goodlettsville, TN	37070 37072
Goodyear, AZ	85338 85395
Granada Hills, CA	91344 91394
Granbury, TX	76048 76049
Grand Blanc, MI	48439 48480
Grand Forks AFB, ND	58204 58205
Grandville, MI	49418 49468
Grapevine, TX	76051 76099
Grass Valley, CA	95945 95949
Grayling, MI	49738 49739
Green Valley, AZ	85614 85622
Greenfield, MA	01301 01302
Greenwood, IN	46142 46143
Grenada, MS	38901 38902
Gresham, OR	97030 97080
Griffin, GA	30223 30224
Grosse Pointe, MI	48230 48236
Groton, CT	06340 06349
Grove, OK	74344 74345
Grover Beach, CA	93433 93483
Gulf Shores, AL	36542 36547
Hackensack, NJ	07601 07602
Haines City, FL	33844 33845
Haledon, NJ	07508 07538
Hallandale, FL	33008 33009
Hamilton, VA	20158 20159
Hampton, NH	03842 03843
Hanford, CA	93230 93232
Hanover, MA	02339 02340
Hanover, MD	21076 21098
Harlan, IA	51537 51593
Harleysville, PA	19438 19441
Harrison, AR	72601 72602
Hartsville, SC	29550 29551
Harvey, LA	70058 70059
Hastings, NE	68901 68902
Hawesville, KY	42348 42364
Hawthorne, CA	90250 90251
Hawthorne, NJ	07506 07507
Hayden, AZ	85135 85235
Haymarket, VA	20168 20169
Hazard, KY	41701 41702
Hazleton, PA	18201 18202
Heber Springs, AR	72543 72545
Hebron, KY	41021 41048
Hebron, OH	43025 43098
Henderson, KY	42419 42420
Henderson, NC	27536 27537
Hendersonville, TN	37075 37077
Hernando, FL	34441 34442
Hertford, NC	27930 27944
Hibbing, MN	55746 55747
High Springs, FL	32643 32655
Highland, MI	48356 48357
Hilo, HI	96720 96721
Hinesville, GA	31310 31313
Hingham, MA	02043 02044
Hobe Sound, FL	33455 33475
Hodges, SC	29653 29695
Hollister, CA	95023 95024
Hollister, MO	65672 65673
Holly Springs, MS	38634 38635
Holmes, PA	19043 19098
Holyoke, MA	01040 01041
Hope, AR	71801 71802
Hopkins, MN	55305 55343
Hopkinsville, KY	42240 42241
Hot Springs Village, AR	71909 71910
Houtzdale, PA	16651 16698
Howard Lake, MN	55349 55575
Hudson, OH	44236 44237
Hunt Valley, MD	21031 21065
Huntersville, NC	28070 28078
Huntingdon, PA	16652 16654
Huntington Station, NY	11746 11750
Huron, SD	57350 57399
Hurst, TX	76053 76054
Immokalee, FL	34142 34143
Imperial Beach, CA	91932 91933
Indian Springs, NV	89018 89070
Indiana, PA	15701 15705
Indianola, MS	38749 38751
Interlachen, FL	32148 32149
Inver Grove Heights, MN	55076 55077
Iola, WI	54945 54990
Issaquah, WA	98027 98029
Jackson, AL	36501 36545
Jackson, WY	83001 83002
Jacksonville Beach, FL	32240 32250
Jacksonville, AR	72076 72078
Jacksonville, IL	62650 62651
Jamestown, NY	14701 14702
Jarratt, VA	23867 23870
Jber, AK	99505 99506
Jbphh, HI	96853 96860
Jean, NV	89019 89026
Jenison, MI	49428 49429
Jensen Beach, FL	34957 34958
Jericho, NY	11753 11853
Johns Island, SC	29455 29457
Joint Base Mdl, NJ	08640 08641
Jonesville, SC	29353 29395
Kahului, HI	96732 96733
Kailua Kona, HI	96740 96745
Kapolei, HI	96707 96709
Kearny, AZ	85137 85237
Kearny, NJ	07032 07099
Keene, NH	03431 03435
Keller, TX	76244 76248
Kensington, MD	20891 20895
Kernersville, NC	27284 27285
Kerrville, TX	78028 78029
Ketchikan, AK	99901 99950
Kilgore, TX	75662 75663
King Of Prussia, PA	19406 19487
Kingston, NY	12401 12402
Kingsville, TX	78363 78364
Kittanning, PA	16201 16215
La Canada Flintridge, CA	91011 91012
La Crescenta, CA	91214 91224
La Grange, KY	40031 40032
La Place, LA	70068 70069
La Porte, IN	46350 46352
La Porte, TX	77571 77572
La Vergne, TN	37086 37089
Labelle, FL	33935 33975
Lacey, WA	98503 98509
Laconia, NH	03246 03247
Lady Lake, FL	32158 32159
Laguna Beach, CA	92651 92652
Laguna Hills, CA	92653 92654
Laguna Niguel, CA	92607 92677
Lahaina, HI	96761 96767
Lake Mary, FL	32746 32795
Lake Oswego, OR	97034 97035
Lake Placid, FL	33852 33862
Lake Zurich, IL	60047 60049
Lakeville, MA	02347 02348
Lancaster, KY	40444 40446
Lancaster, TX	75134 75146
Lanham, MD	20703 20706
Larkspur, CA	94939 94977
Laughlin, NV	89028 89029
Laurinburg, NC	28352 28353
Lawndale, CA	90260 90261
Layton, UT	84040 84041
League City, TX	77573 77574
Lebanon, NH	03756 03766
Lecanto, FL	34460 34461
Leesville, LA	71446 71496
Lehi, UT	84043 84048
Leitchfield, KY	42754 42755
Lemon Grove, CA	91945 91946
Lemoore, CA	93245 93246
Lenoir City, TN	37771 37772
Lenoir, NC	28633 28645
Levelland, TX	79336 79338
Lexington, MA	02420 02421
Liberal, KS	67901 67905
Liberty, MO	64068 64069
Libertyville, IL	60048 60092
Lilburn, GA	30047 30048
Limestone, ME	04750 04751
Limon, CO	80826 80828
Lincolnton, NC	28092 28093
Lithonia, GA	30038 30058
Little Neck, NY	11362 11363
Live Oak, FL	32060 32064
Livermore, CA	94550 94551
Lockbourne, OH	43137 43194
Lockport, NY	14094 14095
Longmeadow, MA	01106 01116
Lorton, VA	22079 22199
Los Alamitos, CA	90720 90721
Los Alamos, NM	87544 87545
Los Osos, CA	93402 93412
Louisville, CO	80027 80028
Lucasville, OH	45648 45699
Lutherville Timonium, MD	21093 21094
Lyon Mountain, NY	12952 12955
Mabank, TX	75147 75156
Macomb, MI	48042 48044
Madison, FL	32340 32341
Madison, MS	39110 39130
Madison, TN	37115 37116
Magnolia, AR	71753 71754
Mahwah, NJ	07430 07495
Maitland, FL	32751 32794
Manchester, TN	37349 37355
Manhattan Beach, CA	90266 90267
Manitowoc, WI	54220 54221
Manteca, CA	95336 95337
Marana, AZ	85653 85658
Marco Island, FL	34145 34146
Marina Del Rey, CA	90292 90295
Marion, IN	46952 46953
Marks, MS	38609 38646
Marrero, LA	70072 70073
Marshall, MI	49068 49069
Marshall, VA	20115 20116
Martin, TN	38237 38238
Marysville, OH	43040 43041
Marysville, WA	98270 98271
Mascoutah, IL	62224 62258
Mason City, IA	50401 50402
Maysville, MO	64447 64469
Mc Cormick, SC	29835 29899
Mc Crory, AR	72101 72189
Mc Rae Helena, GA	31037 31055
Mcalester, OK	74501 74502
Mccomb, MS	39648 39649
Mcdonough, GA	30252 30253
Mchenry, IL	60050 60051
Mcminnville, TN	37110 37111
Meadville, PA	16335 16388
Mechanicsburg, PA	17050 17055
Mechanicsville, VA	23111 23116
Medford, MA	02153 02155
Medford, OR	97501 97504
Medina, OH	44256 44258
Melcher Dallas, IA	50062 50163
Menlo Park, CA	94025 94026
Menomonee Falls, WI	53051 53052
Mentor, OH	44060 44061
Mequon, WI	53092 53097
Merrillville, IN	46410 46411
Miami, OK	74354 74355
Miamisburg, OH	45342 45343
Michigan City, IN	46360 46361
Mid Florida, FL	32745 32799
Middleburg, FL	32050 32068
Middleburg, VA	20117 20118
Middletown, CT	06457 06459
Middletown, VA	22645 22649
Milbank, SD	57252 57253
Milford, CT	06460 06461
Milford, MI	48380 48381
Mill Valley, CA	94941 94942
Millstone Township, NJ	08510 08535
Milpitas, CA	95035 95036
Minden, LA	71055 71058
Mineral Wells, TX	76067 76068
Minot AFB, ND	58704 58705
Missouri City, TX	77459 77489
Mohave Valley, AZ	86440 86446
Mojave, CA	93501 93502
Moline, IL	61265 61266
Monroe, GA	30655 30656
Monroe, MI	48161 48162
Monroe, NY	10949 10950
Monrovia, CA	91016 91017
Montclair, NJ	07042 07043
Montgomery, TX	77316 77356
Monticello, FL	32344 32345
Montrose, CA	91020 91021
Mooresville, NC	28115 28117
Moorpark, CA	93020 93021
Morgan City, LA	70380 70381
Morgan Hill, CA	95037 95038
Morganton, NC	28655 28680
Morrisville, MO	65645 65710
Morro Bay, CA	93442 93443
Morrow, GA	30260 30287
Moscow, ID	83843 83844
Moss Point, MS	39562 39563
Mount Airy, NC	27030 27031
Mount Clemens, MI	48043 48046
Mount Dora, FL	32756 32757
Mount Hope, WV	25880 25888
Mount Juliet, TN	37121 37122
Mount Pleasant, TX	75455 75456
Mount Vernon, WA	98273 98274
Mountain Home, AR	72653 72654
Muscle Shoals, AL	35661 35662
Naches, WA	98929 98937
Nantucket, MA	02554 02584
National City, CA	91950 91951
Navasota, TX	77868 77869
Neenah, WI	54956 54957
Neptune, NJ	07753 07754
New Albany, IN	47150 47151
New Baltimore, MI	48047 48051
New Berlin, WI	53146 53151
New Canaan, CT	06840 06842
New Haven, MI	48048 48050
New Holstein, WI	53061 53062
New Kensington, PA	15068 15069
New Portland, ME	04954 04961
New Tazewell, TN	37824 37825
New Wilmington, PA	16142 16172
Newburgh, IN	47629 47630
Newbury Park, CA	91319 91320
Newcomb, NY	12852 12879
Newhall, CA	91321 91322
Newington, CT	06111 06131
Newport, RI	02840 02841
Newport, TN	37821 37822
Niceville, FL	32578 32588
Nicholasville, KY	40340 40356
Niles, MI	49120 49121
Nokesville, VA	20181 20182
Nokomis, FL	34274 34275
Norfolk, NE	68701 68702
Norfork, AR	72658 72659
Normal, IL	61761 61790
North Attleboro, MA	02760 02761
North Bend, PA	17738 17760
North Chicago, IL	60064 60086
North Easton, MA	02356 02357
North Hills, CA	91343 91393
North Kingstown, RI	02852 02854
North Metro, GA	30026 30029
North Platte, NE	69101 69103
North Richland Hills, TX	76180 76182
North Wales, PA	19454 19455
Northbrook, IL	60062 60065
Northville, MI	48167 48168
Novelty, OH	44072 44073
O Fallon, MO	63366 63368
Oak Hall, VA	23396 23416
Oak Harbor, WA	98277 98278
Oak Lawn, IL	60453 60454
Oak Ridge, TN	37830 37831
Ocean City, MD	21842 21843
Ocean Springs, MS	39564 39566
Oceano, CA	93445 93475
Ocklawaha, FL	32179 32183
Oden, AR	71961 71966
Ojai, CA	93023 93024
Okemos, MI	48805 48864
Olney, MD	20830 20832
Olyphant, PA	18447 18448
Opa Locka, FL	33054 33055
Opelousas, LA	70570 70571
Orange City, FL	32763 32774
Orange, NJ	07050 07051
Ordway, CO	81034 81063
Oregon, OH	43616 43618
Orland Park, IL	60462 60467
Orono, ME	04469 04473
Oroville, CA	95965 95966
Osceola, MO	64776 64789
Oshkosh, NE	69154 69190
Osseo, MN	55369 55569
Oxford, MI	48370 48371
Oxon Hill, MD	20745 20750
Ozark, AL	36360 36361
Ozone Park, NY	11416 11417
Pagosa Springs, CO	81147 81157
Palatka, FL	32177 32178
Palm Beach Gardens, FL	33410 33418
Palm City, FL	34990 34991
Palmetto, FL	34220 34221
Pampa, TX	79065 79066
Panama City Beach, FL	32407 32413
Panorama City, CA	91402 91412
Papillion, NE	68046 68133
Paradise, CA	95967 95969
Paragould, AR	72450 72451
Paramus, NJ	07652 07653
Paris, KY	40361 40362
Parker, CO	80134 80138
Pasadena, MD	21122 21123
Pasco, WA	99301 99302
Paso Robles, CA	93446 93447
Payson, AZ	85541 85547
Peabody, MA	01960 01961
Pearl, MS	39208 39288
Pell City, AL	35125 35128
Pembroke Pines, FL	33028 33082
Perry, FL	32347 32348
Perrysburg, OH	43551 43552
Perth Amboy, NJ	08861 08862
Pflugerville, TX	78660 78691
Phelan, CA	92329 92371
Picacho, AZ	85141 85241
Pigeon Forge, TN	37863 37868
Pikesville, MD	21208 21282
Pikeville, KY	41501 41502
Pinecrest, CA	95314 95364
Pinehurst, NC	28370 28374
Piney Flats, TN	37686 37699
Piscataway, NJ	08854 08855
Pismo Beach, CA	93448 93449
Placentia, CA	92870 92871
Plainfield, IN	46168 46197
Plainview, TX	79072 79073
Plaquemine, LA	70764 70765
Plattsburgh, NY	12901 12903
Playa Del Rey, CA	90293 90296
Pleasanton, CA	94566 94588
Ponte Vedra Beach, FL	32004 32082
Poplar Bluff, MO	63901 63902
Port Angeles, WA	98362 98363
Port Hueneme, CA	93041 93044
Port Huron, MI	48060 48061
Port Orchard, WA	98366 98367
Port Richey, FL	34668 34673
Port Saint Joe, FL	32456 32457
Porterville, CA	93257 93258
Post Falls, ID	83854 83877
Potomac, MD	20854 20859
Potrero, CA	91963 91990
Potsdam, NY	13676 13699
Pottstown, PA	19464 19465
Poway, CA	92064 92074
Princeton, WV	24739 24740
Pryor, OK	74361 74362
Purcellville, VA	20132 20134
Quantico, VA	22134 22135
Quartzsite, AZ	85346 85359
Radcliff, KY	40159 40160
Raiford, FL	32026 32083
Rancho Santa Fe, CA	92067 92091
Randolph, WI	53956 53957
Red Bank, NJ	07701 07709
Red Oak, IA	51566 51591
Red Rock, AZ	85145 85245
Redford, MI	48239 48240
Redondo Beach, CA	90277 90278
Reedsburg, WI	53958 53959
Reidsville, GA	30453 30499
Reseda, CA	91335 91337
Reynoldsburg, OH	43068 43069
Rialto, CA	92376 92377
Richland, WA	99352 99354
Richmond, IN	47374 47375
Richmond, KY	40475 40476
Ridgecrest, CA	93555 93556
Ridgefield, CT	06877 06879
Ridgeland, MS	39157 39158
Ridgewood, NJ	07450 07451
Ridgewood, NY	11385 11386
Riverdale, GA	30274 30296
Riverdale, MD	20737 20738
Riverton, NJ	08076 08077
Roanoke, TX	76262 76299
Rock Springs, WY	82901 82902
Rockford, MI	49341 49351
Rockingham, NC	28379 28380
Rockledge, FL	32955 32956
Rocklin, CA	95677 95765
Rockport, TX	78381 78382
Rockville Centre, NY	11570 11571
Rockwall, TX	75032 75087
Roseburg, OR	97470 97471
Round Hill, VA	20141 20142
Roundup, MT	59072 59073
Roxboro, NC	27573 27574
Ruidoso, NM	88345 88355
Rule, TX	79547 79548
Ruskin, FL	33570 33575
Russellville, AL	35653 35654
Rutland, VT	05701 05702
Sacaton, AZ	85147 85247
Safford, AZ	85546 85548
Saint Charles, IL	60174 60175
Salem, MA	01970 01971
Salina, KS	67401 67402
Sammamish, WA	98074 98075
San Andreas, CA	95249 95250
San Anselmo, CA	94960 94979
San Fernando, CA	91340 91341
San Juan Capistrano, CA	92675 92693
San Luis, AZ	85336 85349
San Luis, CO	81134 81152
San Marcos, TX	78666 78667
San Marino, CA	91108 91118
San Quentin, CA	94964 94974
San Ramon, CA	94582 94583
San Tan Valley, AZ	85140 85143
San Ysidro, CA	92143 92173
Sandusky, OH	44870 44871
Santa Fe Springs, CA	90670 90671
Santa Fe, TX	77510 77517
Santa Paula, CA	93060 93061
Santee, CA	92071 92072
Sapulpa, OK	74066 74067
Saratoga, CA	95070 95071
Sausalito, CA	94965 94966
Sayreville, NJ	08871 08872
Scarborough, ME	04070 04074
Scotts Valley, CA	95066 95067
Scottsbluff, NE	69361 69363
Scottsboro, AL	35768 35769
Sebastopol, CA	95472 95473
Secaucus, NJ	07094 07096
Sedalia, MO	65301 65302
Seffner, FL	33583 33584
Seguin, TX	78155 78156
Seminole, OK	74818 74868
Sewanee, TN	37375 37383
Shallotte, NC	28459 28470
Shelbyville, KY	40065 40066
Shepherdsville, KY	40165 40166
Show Low, AZ	85901 85902
Shrewsbury, MA	01545 01546
Sidney, NE	69160 69162
Sidney, OH	45365 45367
Sierra Madre, CA	91024 91025
Silver City, NM	88061 88062
Silver Lake, WI	53170 53199
Silver Springs, FL	34488 34489
Silverdale, WA	98315 98383
Silverthorne, CO	80497 80498
Simpsonville, SC	29680 29681
Skokie, IL	60076 60077
Sledge, MS	38628 38670
Smithfield, VA	23430 23431
Snellville, GA	30039 30078
Snyder, TX	79549 79550
Soddy Daisy, TN	37379 37384
Solvang, CA	93463 93464
Somerset, MA	02725 02726
Somerset, NJ	08873 08875
Somerset, PA	15501 15510
South Burlington, VT	05403 05407
South Charleston, WV	25303 25309
South Jordan, UT	84009 84095
South Pasadena, CA	91030 91031
South Portland, ME	04106 04116
South San Francisco, CA	94080 94083
Southampton, NY	11968 11969
Southaven, MS	38671 38672
Southern Pines, NC	28387 28388
Spearfish, SD	57783 57799
Spotsylvania, VA	22551 22553
Stacy, MN	55078 55079
Stafford, TX	77477 77497
Stanfield, AZ	85172 85272
Starkville, MS	39759 39760
Staunton, VA	24401 24402
Stennis Space Center, MS	39522 39529
Stephentown, NY	12168 12169
Stephenville, TX	76401 76402
Steubenville, OH	43952 43953
Stillwater, MN	55082 55083
Stockbridge, MA	01262 01263
Stony Brook, NY	11790 11794
Storrs Mansfield, CT	06268 06269
Strasburg, VA	22641 22657
Strongsville, OH	44136 44149
Studio City, CA	91604 91614
Suffield, CT	06078 06080
Suitland, MD	20746 20752
Sullivan, IN	47864 47882
Sulphur Springs, TX	75482 75483
Summerfield, FL	34491 34492
Summit, NJ	07901 07902
Sumner, WA	98352 98390
Sun City Center, FL	33571 33573
Sun City West, AZ	85375 85376
Sun Prairie, WI	53590 53596
Sun Valley, CA	91352 91353
Sun Valley, ID	83353 83354
Sunland, CA	91040 91041
Superior, AZ	85173 85273
Susanville, CA	96127 96130
Sylacauga, AL	35150 35151
Sylmar, CA	91342 91392
Tahlequah, OK	74464 74465
Takoma Park, MD	20912 20913
Talladega, AL	35160 35161
Tallulah, LA	71282 71284
Tarpon Springs, FL	34688 34689
Tarzana, CA	91356 91357
Taunton, MA	02780 02783
Tawas City, MI	48763 48764
Tecate, CA	91980 91987
Tehachapi, CA	93561 93581
Temple Hills, MD	20748 20757
Terrell, TX	75160 75161
Teterboro, NJ	07608 07699
The Villages, FL	32162 32163
Theodore, AL	36582 36590
Thomasville, NC	27360 27361
Tifton, GA	31793 31794
Timbo, AR	72657 72680
Tinley Park, IL	60477 60487
Tok, AK	99779 99780
Tomball, TX	77375 77377
Tonawanda, NY	14150 14151
Torrington, CT	06790 06792
Totowa, NJ	07511 07512
Trabuco Canyon, CA	92678 92679
Trona, CA	93562 93592
Troy, OH	45373 45374
Tucker, GA	30084 30085
Tujunga, CA	91042 91043
Tulare, CA	93274 93275
Tuskegee Institute, AL	36087 36088
Twentynine Palms, CA	92277 92278
Twin Falls, ID	83301 83303
Union City, TN	38261 38281
Unionville, CT	06085 06087
Upperville, VA	20184 20185
Uriah, AL	36449 36480
Usaf Academy, CO	80840 80841
Uvalde, TX	78801 78802
Vail, CO	81657 81658
Valley Farms, AZ	85191 85291
Valley Village, CA	91607 91617
Valley, AL	36854 36872
Van Buren, AR	72956 72957
Vassar, MI	48768 48769
Venice, CA	90291 90294
Vernal, UT	84078 84079
Vernon, TX	76384 76385
Vestal, NY	13850 13851
Vidalia, GA	30474 30475
Vidor, TX	77662 77670
Virginia, MN	55777 55792
Wadsworth, OH	44281 44282
Wagoner, OK	74467 74477
Wake Forest, NC	27587 27588
Wakefield, RI	02879 02880
Walled Lake, MI	48390 48391
Walls, MS	38680 38686
Warminster, PA	18974 18991
Washington, MI	48094 48095
Waterbury, VT	05671 05676
Waterford, CT	06385 06386
Watertown, NY	13601 13603
Watertown, WI	53094 53098
Waterville, ME	04901 04903
Watsonville, CA	95076 95077
Waverly, VA	23890 23891
Waynesville, NC	28785 28786
Wenatchee, WA	98801 98807
Weslaco, TX	78596 78599
West Babylon, NY	11704 11707
West Bend, WI	53090 53095
West Chester, OH	45069 45071
West Chicago, IL	60185 60186
West Des Moines, IA	50265 50266
West Hills, CA	91307 91308
West Memphis, AR	72301 72303
West Mifflin, PA	15122 15123
West Point, NY	10996 10997
West Springfield, MA	01089 01090
Westbrook, ME	04092 04098
Westfield, MA	01085 01086
Westfield, NJ	07090 07091
Westlake Village, CA	91359 91361
Westland, MI	48185 48186
Westminster, MA	01441 01473
Westminster, MD	21157 21158
Westover, MD	21871 21890
Westwego, LA	70094 70096
Wethersfield, CT	06109 06129
Wetumpka, AL	36092 36093
Wewahitchka, FL	32449 32465
Wheat Ridge, CO	80033 80034
Wheaton, IL	60187 60189
White Hall, AR	71602 71612
White Lake, MI	48383 48386
White River Junction, VT	05001 05009
White Sulphur Springs, WV	24961 24986
Wickenburg, AZ	85358 85390
Wildwood, MO	63038 63040
Willard, OH	44888 44890
Willcox, AZ	85643 85644
Willis, TX	77318 77378
Willoughby, OH	44094 44096
Wilmington, CA	90744 90748
Winchester, KY	40391 40392
Windsor, CO	80550 80551
Windsor, CT	06006 06095
Winkelman, AZ	85192 85292
Winnemucca, NV	89445 89446
Winnetka, CA	91306 91396
Winter Springs, FL	32708 32719
Wisconsin Rapids, WI	54494 54495
Wood Dale, IL	60191 60399
Woodinville, WA	98072 98077
Woodland Park, CO	80863 80866
Woodland, CA	95695 95776
Woodstock, GA	30188 30189
Woodville, TX	75979 75990
Woodward, OK	73801 73802
Wyoming, MI	49509 49519
Yankton, SD	57078 57079
Ypsilanti, MI	48197 48198
Yucca Valley, CA	92284 92286
Yukon, OK	73085 73099
Yulee, FL	32041 32097
Zanesville, OH	43701 43702
Aaronsburg, PA	16820
Abbeville, AL	36310
Abbeville, GA	31001
Abbeville, MS	38601
Abbeville, SC	29620
Abbot, ME	04406
Abbotsford, WI	54405
Abbott, TX	76621
Abbottstown, PA	17301
Abbyville, KS	67510
Abell, MD	20606
Abercrombie, ND	58001
Aberdeen Proving Ground, MD	21005
Aberdeen, ID	83210
Aberdeen, KY	42201
Aberdeen, MD	21001
Aberdeen, MS	39730
Aberdeen, NC	28315
Aberdeen, OH	45101
Aberdeen, WA	98520
Abernant, AL	35440
Abernathy, TX	79311
Abie, NE	68001
Abilene, KS	67410
Abingdon, IL	61410
Abingdon, MD	21009
Abington, CT	06230
Abington, MA	02351
Abington, PA	19001
Abiquiu, NM	87510
Abita Springs, LA	70420
Abrams, WI	54101
Absaraka, ND	58002
Absarokee, MT	59001
Acampo, CA	95220
Accident, MD	21520
Accokeek, MD	20607
Accomac, VA	23301
Accord, MA	02018
Accord, NY	12404
Accoville, WV	25606
Ace, TX	77326
Achille, OK	74720
Achilles, VA	23001
Ackerly, TX	79713
Ackerman, MS	39735
Ackermanville, PA	18010
Ackley, IA	50601
Ackworth, IA	50001
Acme, LA	71316
Acme, MI	49610
Acme, PA	15610
Acme, WA	98220
Acosta, PA	15520
Acra, NY	12405
Acton, CA	93510
Acton, ME	04001
Acton, MT	59002
Acushnet, MA	02743
Acworth, NH	03601
Ada, MN	56510
Ada, OH	45810
Adah, PA	15410
Adair, IA	50002
Adair, IL	61411
Adair, OK	74330
Adairsville, GA	30103
Adairville, KY	42202
Adak, AK	99546
Adamant, VT	05640
Adams Basin, NY	14410
Adams Center, NY	13606
Adams Run, SC	29426
Adams, KY	41201
Adams, MA	01220
Adams, MN	55909
Adams, ND	58210
Adams, NE	68301
Adams, NY	13605
Adams, OK	73901
Adams, OR	97810
Adams, TN	37010
Adams, WI	53910
Adamsburg, PA	15611
Adamstown, MD	21710
Adamstown, PA	19501
Adamsville, AL	35005
Adamsville, OH	43802
Adamsville, PA	16110
Adamsville, RI	02801
Adamsville, TN	38310
Addieville, IL	62214
Addington, OK	73520
Addis, LA	70710
Addison, AL	35540
Addison, IL	60101
Addison, ME	04606
Addison, MI	49220
Addison, NY	14801
Addison, PA	15411
Addison, TX	75001
Addy, WA	99101
Addyston, OH	45001
Adel, GA	31620
Adel, IA	50003
Adel, OR	97620
Adelanto, CA	92301
Adell, WI	53001
Adelphi, OH	43101
Adelphia, NJ	07710
Adena, OH	43901
Adger, AL	35006
Adin, CA	96006
Adirondack, NY	12808
Adkins, TX	78101
Admire, KS	66830
Adna, WA	98522
Adolph, MN	55701
Adolphus, KY	42120
Adona, AR	72001
Adrian, GA	31002
Adrian, MI	49221
Adrian, MN	56110
Adrian, MO	64720
Adrian, OR	97901
Adrian, PA	16210
Adrian, TX	79001
Adrian, WV	26210
Advance, IN	46102
Advance, MO	63730
Advance, NC	27006
Advent, WV	25231
Afton, IA	50830
Afton, MI	49705
Afton, MN	55001
Afton, NY	13730
Afton, OK	74331
Afton, TN	37616
Afton, TX	79220
Afton, VA	22920
Afton, WI	53501
Afton, WY	83110
Agar, SD	57520
Agate, CO	80101
Agate, ND	58310
Agawam, MA	01001
Agency, IA	52530
Agency, MO	64401
Agenda, KS	66930
Ages Brookside, KY	40801
Agness, OR	97406
Agra, KS	67621
Agra, OK	74824
Agua Dulce, TX	78330
Aguanga, CA	92536
Aguila, AZ	85320
Aguilar, CO	81020
Ah Gwah Ching, MN	56430
Ahmeek, MI	49901
Ahoskie, NC	27910
Ahsahka, ID	83520
Ahwahnee, CA	93601
Aiea, HI	96701
Aiken, TX	79221
Ailey, GA	30410
Aimwell, LA	71401
Ainsworth, IA	52201
Ainsworth, NE	69210
Airville, PA	17302
Airway Heights, WA	99001
Aitkin, MN	56431
Ajo, AZ	85321
Akaska, SD	57420
Akeley, MN	56433
Akers, LA	70421
Akiachak, AK	99551
Akiak, AK	99552
Akin, IL	62805
Akron, AL	35441
Akron, CO	80720
Akron, IA	51001
Akron, IN	46910
Akron, MI	48701
Akron, NY	14001
Akron, PA	17501
Akutan, AK	99553
Aladdin, WY	82710
Alakanuk, AK	99554
Alamance, NC	27201
Alamo, CA	94507
Alamo, GA	30411
Alamo, IN	47916
Alamo, ND	58830
Alamo, NV	89001
Alamo, TN	38001
Alamo, TX	78516
Alanreed, TX	79002
Alanson, MI	49706
Alapaha, GA	31622
Alba, MI	49611
Alba, MO	64830
Alba, PA	16910
Alba, TX	75410
Albany, CA	94706
Albany, IL	61230
Albany, IN	47320
Albany, KY	42602
Albany, LA	70711
Albany, MN	56307
Albany, MO	64402
Albany, OH	45710
Albany, OK	74721
Albany, TX	76430
Albany, VT	05820
Albany, WI	53502
Albers, IL	62215
Albert City, IA	50510
Albert Lea, MN	56007
Albert, KS	67511
Albert, OK	73001
Alberta, AL	36720
Alberta, MN	56207
Alberta, VA	23821
Alberton, MT	59820
Albertson, NC	28508
Albertson, NY	11507
Albertville, MN	55301
Albia, IA	52531
Albin, WY	82050
Albion, CA	95410
Albion, IA	50005
Albion, ID	83311
Albion, IL	62806
Albion, IN	46701
Albion, ME	04910
Albion, MI	49224
Albion, NE	68620
Albion, NY	14411
Albion, OK	74521
Albion, RI	02802
Albion, WA	99102
Alborn, MN	55702
Albright, WV	26519
Albrightsville, PA	18210
Alburgh, VT	05440
Alburnett, IA	52202
Alburtis, PA	18011
Alcalde, NM	87511
Alcester, SD	57001
Alcoa, TN	37701
Alcolu, SC	29001
Alcova, WY	82620
Alcove, NY	12007
Alda, NE	68810
Alden, IA	50006
Alden, IL	60001
Alden, KS	67512
Alden, MI	49612
Alden, MN	56009
Alden, NY	14004
Alder Creek, NY	13301
Alder, MT	59710
Alderpoint, CA	95511
Alderson, OK	74522
Alderson, WV	24910
Aldie, VA	20105
Aldrich, MN	56434
Aldrich, MO	65601
Aledo, IL	61231
Aledo, TX	76008
Aleknagik, AK	99555
Aleppo, PA	15310
Alex, OK	73002
Alexander, AR	72002
Alexander, IA	50420
Alexander, IL	62601
Alexander, KS	67513
Alexander, NC	28701
Alexander, ND	58831
Alexander, NY	14005
Alexandria Bay, NY	13607
Alexandria, AL	36250
Alexandria, IN	46001
Alexandria, KY	41001
Alexandria, MN	56308
Alexandria, MO	63430
Alexandria, NE	68303
Alexandria, OH	43001
Alexandria, PA	16611
Alexandria, SD	57311
Alexandria, TN	37012
Alexis, IL	61412
Alexis, NC	28006
Alford, FL	32420
Alfred Station, NY	14803
Alfred, ME	04002
Alfred, NY	14802
Alger, MI	48610
Alger, OH	45812
Algodones, NM	87001
Algoma, MS	38820
Algoma, WI	54201
Algona, IA	50511
Algonac, MI	48001
Algonquin, IL	60102
Alhambra, IL	62001
Aliceville, AL	35442
Alicia, AR	72410
Alief, TX	77411
Aline, OK	73716
Aliquippa, PA	15001
Alix, AR	72820
Alkol, WV	25501
Allakaket, AK	99720
Allamuchy, NJ	07820
Allardt, TN	38504
Alledonia, OH	43902
Alleene, AR	71820
Allegan, MI	49010
Allegany, NY	14706
Allegany, OR	97407
Alleghany, CA	95910
Alleman, IA	50007
Allen Junction, WV	25810
Allen Park, MI	48101
Allen, KS	66833
Allen, KY	41601
Allen, MD	21810
Allen, MI	49227
Allen, NE	68710
Allen, OK	74825
Allen, SD	57714
Allendale, IL	62410
Allendale, MI	49401
Allendale, MO	64420
Allendale, NJ	07401
Allendale, SC	29810
Allenhurst, GA	31301
Allenhurst, NJ	07711
Allenport, PA	15412
Allenspark, CO	80510
Allensville, KY	42204
Allensville, PA	17002
Allenton, MI	48002
Allenton, MO	63001
Allenton, WI	53002
Allentown, GA	31003
Allentown, NJ	08501
Allentown, NY	14707
Allenwood, NJ	08720
Allenwood, PA	17810
Allerton, IA	50008
Allerton, IL	61810
Alleyton, TX	78935
Allgood, AL	35013
Alliance, NC	28509
Alliance, NE	69301
Alliance, OH	44601
Alligator, MS	38720
Allison Park, PA	15101
Allison, IA	50602
Allison, PA	15413
Allison, TX	79003
Allons, TN	38541
Allouez, MI	49805
Alloway, NJ	08001
Alloy, WV	25002
Allport, PA	16821
Allred, TN	38542
Allston, MA	02134
Allyn, WA	98524
Alma Center, WI	54611
Alma, AR	72921
Alma, CO	80420
Alma, GA	31510
Alma, IL	62807
Alma, KS	66401
Alma, MO	64001
Alma, NE	68920
Alma, NY	14708
Alma, WI	54610
Alma, WV	26320
Almelund, MN	55002
Almena, KS	67622
Almena, WI	54805
Almira, WA	99103
Almo, ID	83312
Almo, KY	42020
Almond, NC	28702
Almond, NY	14804
Almond, WI	54909
Almont, CO	81210
Almont, MI	48003
Almont, ND	58520
Almyra, AR	72003
Alna, ME	04535
Alpaugh, CA	93201
Alpena, AR	72611
Alpena, MI	49707
Alpena, SD	57312
Alpha, IL	61413
Alpha, KY	42603
Alpha, MI	49902
Alpha, MN	56111
Alpha, OH	45301
Alpine, AL	35014
Alpine, AR	71920
Alpine, AZ	85920
Alpine, NJ	07620
Alpine, NY	14805
Alpine, TN	38543
Alpine, UT	84004
Alpine, WY	83128
Alplaus, NY	12008
Alsea, OR	97324
Alsen, ND	58311
Alsey, IL	62610
Alsip, IL	60803
Alstead, NH	03602
Alston, GA	30412
Alta Vista, IA	50603
Alta Vista, KS	66834
Alta, CA	95701
Alta, IA	51002
Alta, WY	83414
Altair, TX	77412
Altamahaw, NC	27202
Altamont, IL	62411
Altamont, KS	67330
Altamont, MO	64620
Altamont, NY	12009
Altamont, TN	37301
Altamont, UT	84001
Altaville, CA	95221
Altavista, VA	24517
Altenburg, MO	63732
Altha, FL	32421
Altheimer, AR	72004
Altmar, NY	13302
Alto Pass, IL	62905
Alto, MI	49302
Alto, NM	88312
Alto, TX	75925
Alton Bay, NH	03810
Alton, AL	35015
Alton, IA	51003
Alton, IL	62002
Alton, KS	67623
Alton, MO	65606
Alton, NH	03809
Alton, NY	14413
Alton, UT	84710
Alton, VA	24520
Altona, IL	61414
Altona, NY	12910
Altonah, UT	84002
Altoona, AL	35952
Altoona, FL	32702
Altoona, IA	50009
Altoona, KS	66710
Altoona, WI	54720
Altura, MN	55910
Alturas, CA	96101
Alturas, FL	33820
Altus AFB, OK	73523
Altus, AR	72821
Alum Bank, PA	15521
Alum Bridge, WV	26321
Alum Creek, WV	25003
Alva, FL	33920
Alva, OK	73717
Alva, WY	82711
Alvada, OH	44802
Alvadore, OR	97409
Alvarado, MN	56710
Alvarado, TX	76009
Alvaton, KY	42122
Alverda, PA	15710
Alverton, PA	15612
Alvin, IL	61811
Alviso, CA	95002
Alvo, NE	68304
Alvord, IA	51230
Alvord, TX	76225
Alvordton, OH	43501
Alzada, MT	59311
Ama, LA	70031
Amado, AZ	85645
Amador City, CA	95601
Amagansett, NY	11930
Amagon, AR	72005
Amalia, NM	87512
Amanda Park, WA	98526
Amanda, OH	43102
Amargosa Valley, NV	89020
Amasa, MI	49903
Amawalk, NY	10501
Amazonia, MO	64421
Amber, OK	73004
Amberg, WI	54102
Amberson, PA	17210
Ambia, IN	47917
Ambler, AK	99786
Ambler, PA	19002
Amboy, CA	92304
Amboy, IL	61310
Amboy, IN	46911
Amboy, MN	56010
Amboy, WA	98601
Ambridge, PA	15003
Ambrose, GA	31512
Ambrose, ND	58833
Amelia Court House, VA	23002
Amelia, LA	70340
Amelia, NE	68711
Amelia, OH	45102
Amenia, ND	58004
Amenia, NY	12501
American Canyon, CA	94503
American Falls, ID	83211
American Fork, UT	84003
Americus, KS	66835
Amery, WI	54001
Ames, NE	68621
Ames, OK	73718
Amesbury, MA	01913
Amesville, OH	45711
Amherst Junction, WI	54407
Amherst, CO	80721
Amherst, NE	68812
Amherst, NH	03031
Amherst, OH	44001
Amherst, SD	57421
Amherst, TX	79312
Amherst, VA	24521
Amherst, WI	54406
Amherstdale, WV	25607
Amidon, ND	58620
Amigo, WV	25811
Amissville, VA	20106
Amistad, NM	88410
Amite, LA	70422
Amity, AR	71921
Amity, MO	64422
Amity, OR	97101
Amity, PA	15311
Amlin, OH	43002
Amma, WV	25005
Ammon, VA	23822
Amo, IN	46103
Amonate, VA	24601
Amoret, MO	64722
Amorita, OK	73719
Amory, MS	38821
Amsterdam, MO	64723
Amsterdam, NY	12010
Amsterdam, OH	43903
Amston, CT	06231
Anabel, MO	63431
Anacoco, LA	71403
Anaconda, MT	59711
Anacortes, WA	98221
Anadarko, OK	73005
Anahola, HI	96703
Anahuac, TX	77514
Anaktuvuk Pass, AK	99721
Analomink, PA	18320
Anamoose, ND	58710
Anamosa, IA	52205
Anatone, WA	99401
Anawalt, WV	24808
Anchor Point, AK	99556
Anchor, IL	61720
Anchorville, MI	48004
Ancona, IL	61311
Ancram, NY	12502
Ancramdale, NY	12503
Andale, KS	67001
Andalusia, IL	61232
Anderson Island, WA	98303
Anderson, AK	99744
Anderson, AL	35610
Anderson, CA	96007
Anderson, MO	64831
Anderson, TX	77830
Andersonville, GA	31711
Andersonville, TN	37705
Andes, NY	13731
Andover, CT	06232
Andover, IA	52701
Andover, IL	61233
Andover, KS	67002
Andover, ME	04216
Andover, MN	55304
Andover, NH	03216
Andover, NJ	07821
Andover, NY	14806
Andover, OH	44003
Andover, SD	57422
Andover, VA	24215
Andreas, PA	18211
Andrew, IA	52030
Andrews Air Force Base, MD	20762
Andrews, IN	46702
Andrews, NC	28901
Andrews, SC	29510
Andrews, TX	79714
Aneta, ND	58212
Aneth, UT	84510
Angel Fire, NM	87710
Angela, MT	59312
Angelica, NY	14709
Angels Camp, CA	95222
Angelus Oaks, CA	92305
Angie, LA	70426
Angier, NC	27501
Angle Inlet, MN	56711
Angola, IN	46703
Angola, LA	70712
Angola, NY	14006
Angoon, AK	99820
Angora, MN	55703
Angora, NE	69331
Anguilla, MS	38721
Angwin, CA	94508
Aniak, AK	99557
Animas, NM	88020
Anita, IA	50020
Anita, PA	15711
Aniwa, WI	54408
Anmoore, WV	26323
Anna Maria, FL	34216
Anna, IL	62906
Anna, OH	45302
Anna, TX	75409
Annabella, UT	84711
Annada, MO	63330
Annandale On Hudson, NY	12504
Annandale, MN	55302
Annandale, NJ	08801
Annandale, VA	22003
Annapolis Junction, MD	20701
Annapolis, CA	95412
Annapolis, IL	62413
Annapolis, MO	63620
Annawan, IL	61234
Annemanie, AL	36721
Anniston, MO	63820
Annona, TX	75550
Annville, KY	40402
Annville, PA	17003
Anoka, MN	55303
Anselmo, NE	68813
Ansley, NE	68814
Anson, ME	04911
Anson, TX	79501
Ansonia, CT	06401
Ansonia, OH	45303
Ansonville, NC	28007
Ansted, WV	25812
Antelope, CA	95843
Antelope, MT	59211
Antelope, OR	97001
Antes Fort, PA	17720
Anthon, IA	51004
Anthony, FL	32617
Anthony, KS	67003
Anthony, NM	88021
Anthony, TX	79821
Antigo, WI	54409
Antimony, UT	84712
Antioch, IL	60002
Antler, ND	58711
Antlers, OK	74523
Antoine, AR	71922
Anton Chico, NM	87711
Anton, CO	80801
Anton, TX	79313
Antonito, CO	81120
Antrim, NH	03440
Antwerp, OH	45813
Anvik, AK	99558
Anza, CA	92539
Apache, OK	73006
Apalachin, NY	13732
Apison, TN	37302
Aplington, IA	50604
Apo, NJ	09905
Apollo Beach, FL	33572
Apollo, PA	15613
Appalachia, VA	24216
Apple Creek, OH	44606
Apple Grove, WV	25502
Apple River, IL	61001
Apple Springs, TX	75926
Applegate, CA	95703
Applegate, MI	48401
Appleton City, MO	64724
Appleton, MN	56208
Appleton, NY	14008
Appleton, WA	98602
Appling, GA	30802
Appomattox, VA	24522
Apulia Station, NY	13020
Aquasco, MD	20608
Aquashicola, PA	18012
Aquebogue, NY	11931
Aquilla, TX	76622
Arab, AL	35016
Arabi, GA	31712
Arabi, LA	70032
Aragon, GA	30104
Aragon, NM	87820
Arapaho, OK	73620
Arapahoe, CO	80802
Arapahoe, NC	28510
Arapahoe, NE	68922
Arapahoe, WY	82510
Ararat, NC	27007
Ararat, VA	24053
Arbela, MO	63432
Arboles, CO	81121
Arbon, ID	83212
Arbovale, WV	24915
Arbuckle, CA	95912
Arbyrd, MO	63821
Arcade, NY	14009
Arcadia, IA	51430
Arcadia, IN	46030
Arcadia, KS	66711
Arcadia, LA	71001
Arcadia, MI	49613
Arcadia, MO	63621
Arcadia, NE	68815
Arcadia, OH	44804
Arcadia, OK	73007
Arcadia, PA	15712
Arcadia, SC	29320
Arcadia, WI	54612
Arcanum, OH	45304
Arch Cape, OR	97102
Archbald, PA	18403
Archbold, OH	43502
Archer City, TX	76351
Archer, FL	32618
Archer, IA	51231
Archer, NE	68816
Archibald, LA	71218
Archie, MO	64725
Arco, ID	83213
Arco, MN	56113
Arcola, IL	61910
Arcola, IN	46704
Arcola, MO	65603
Arcola, MS	38722
Arcola, PA	19420
Arcola, VA	20107
Arctic Village, AK	99722
Ardara, PA	15615
Arden, NC	28704
Arden, NY	10910
Ardenvoir, WA	98811
Ardmore, AL	35739
Ardmore, PA	19003
Ardmore, TN	38449
Ardsley On Hudson, NY	10503
Ardsley, NY	10502
Aredale, IA	50605
Arena, WI	53503
Arenas Valley, NM	88022
Arendtsville, PA	17303
Arenzville, IL	62611
Argenta, IL	62501
Argillite, KY	41121
Argonia, KS	67004
Argonne, WI	54511
Argos, IN	46501
Argusville, ND	58005
Argyle, FL	32422
Argyle, GA	31623
Argyle, IA	52619
Argyle, MI	48410
Argyle, MN	56713
Argyle, MO	65001
Argyle, NY	12809
Argyle, TX	76226
Argyle, WI	53504
Ariel, WA	98603
Arimo, ID	83214
Arion, IA	51520
Aripeka, FL	34679
Arispe, IA	50831
Aristes, PA	17920
Ariton, AL	36311
Arivaca, AZ	85601
Arjay, KY	40902
Ark, VA	23003
Arkabutla, MS	38602
Arkansas City, AR	71630
Arkansas City, KS	67005
Arkansaw, WI	54721
Arkdale, WI	54613
Arkoma, OK	74901
Arkport, NY	14807
Arkville, NY	12406
Arlee, MT	59821
Arley, AL	35541
Arlington Heights, MA	02475
Arlington, AL	36722
Arlington, AZ	85322
Arlington, CO	81021
Arlington, GA	39813
Arlington, IA	50606
Arlington, IL	61312
Arlington, IN	46104
Arlington, KS	67514
Arlington, KY	42021
Arlington, MN	55307
Arlington, NE	68002
Arlington, OH	45814
Arlington, OR	97812
Arlington, SD	57212
Arlington, TN	38002
Arlington, VT	05250
Arlington, WA	98223
Arlington, WI	53911
Arma, KS	66712
Armada, MI	48005
Armagh, PA	15920
Armbrust, PA	15616
Armington, IL	61721
Arminto, WY	82630
Armona, CA	93202
Armonk, NY	10504
Armorel, AR	72310
Armour, SD	57313
Armstrong Creek, WI	54103
Armstrong, IA	50514
Armstrong, IL	61812
Armstrong, MO	65230
Armstrong, TX	78338
Armuchee, GA	30105
Arnaudville, LA	70512
Arnegard, ND	58835
Arnett, OK	73832
Arnett, WV	25007
Arnold AFB, TN	37389
Arnold, CA	95223
Arnold, KS	67515
Arnold, MD	21012
Arnold, MI	49819
Arnold, MO	63010
Arnold, NE	69120
Arnolds Park, IA	51331
Arnoldsburg, WV	25234
Arnoldsville, GA	30619
Arnot, PA	16911
Arock, OR	97902
Aroda, VA	22709
Aroma Park, IL	60910
Aromas, CA	95004
Arona, PA	15617
Arp, TX	75750
Arpin, WI	54410
Arrey, NM	87930
Arriba, CO	80804
Arrington, TN	37014
Arrington, VA	22922
Arrow Rock, MO	65320
Arrowsmith, IL	61722
Arroyo Hondo, NM	87513
Arroyo Seco, NM	87514
Art, TX	76820
Artemas, PA	17211
Artemus, KY	40903
Artesia Wells, TX	78001
Artesia, MS	39736
Artesian, SD	57314
Arthur City, TX	75411
Arthur, IA	51431
Arthur, IL	61911
Arthur, ND	58006
Arthur, NE	69121
Arthur, TN	37707
Arthurdale, WV	26520
Artie, WV	25008
Artois, CA	95913
Arvada, WY	82831
Arverne, NY	11692
Arvilla, ND	58214
Arvin, CA	93203
Arvonia, VA	23004
Ary, KY	41712
Asbury Park, NJ	07712
Asbury, MO	64832
Asbury, NJ	08802
Asbury, WV	24916
Ascutney, VT	05030
Ash Flat, AR	72513
Ash Fork, AZ	86320
Ash Grove, MO	65604
Ash, NC	28420
Ashaway, RI	02804
Ashburn, GA	31714
Ashburn, MO	63433
Ashburnham, MA	01430
Ashby, MA	01431
Ashby, MN	56309
Ashby, NE	69333
Ashcamp, KY	41512
Ashdown, AR	71822
Asher, KY	40803
Asher, OK	74826
Asherton, TX	78827
Ashfield, MA	01330
Ashfield, PA	18212
Ashford, AL	36312
Ashford, CT	06278
Ashford, WA	98304
Ashford, WV	25009
Ashippun, WI	53003
Ashkum, IL	60911
Ashland City, TN	37015
Ashland, AL	36251
Ashland, IL	62612
Ashland, KS	67831
Ashland, LA	71002
Ashland, MA	01721
Ashland, ME	04732
Ashland, MO	65010
Ashland, MS	38603
Ashland, NE	68003
Ashland, NH	03217
Ashland, NY	12407
Ashland, OH	44805
Ashland, OR	97520
Ashland, PA	17921
Ashland, VA	23005
Ashland, WI	54806
Ashley Falls, MA	01222
Ashley, IL	62808
Ashley, IN	46705
Ashley, MI	48806
Ashley, ND	58413
Ashley, OH	43003
Ashmore, IL	61912
Ashton, IA	51232
Ashton, ID	83420
Ashton, IL	61006
Ashton, MD	20861
Ashton, NE	68817
Ashton, SD	57424
Ashton, WV	25503
Ashuelot, NH	03441
Ashville, AL	35953
Ashville, NY	14710
Ashville, OH	43103
Ashville, PA	16613
Ashwood, OR	97711
Askov, MN	55704
Asotin, WA	99402
Aspermont, TX	79502
Aspers, PA	17304
Aspinwall, IA	51432
Assaria, KS	67416
Assawoman, VA	23302
Assonet, MA	02702
Assumption, IL	62510
Astatula, FL	34705
Aston, PA	19014
Astor, FL	32102
Astoria, IL	61501
Astoria, OR	97103
Astoria, SD	57213
Atalissa, IA	52720
Atascosa, TX	78002
Atchison, KS	66002
Atco, NJ	08004
Atglen, PA	19310
Athelstane, WI	54104
Athena, OR	97813
Athens, IL	62613
Athens, IN	46912
Athens, LA	71003
Athens, ME	04912
Athens, MI	49011
Athens, NY	12015
Athens, OH	45701
Athens, PA	18810
Athens, WI	54411
Athens, WV	24712
Atherton, CA	94027
Athol Springs, NY	14010
Athol, ID	83801
Athol, KS	66932
Athol, KY	41307
Athol, MA	01331
Athol, NY	12810
Atka, AK	99547
Atkins, AR	72823
Atkins, IA	52206
Atkins, VA	24311
Atkinson, IL	61235
Atkinson, NC	28421
Atkinson, NE	68713
Atkinson, NH	03811
Atlanta, ID	83601
Atlanta, IL	61723
Atlanta, IN	46031
Atlanta, KS	67008
Atlanta, LA	71404
Atlanta, MI	49709
Atlanta, MO	63530
Atlanta, NE	68923
Atlanta, NY	14808
Atlanta, TX	75551
Atlantic Beach, FL	32233
Atlantic Beach, NC	28512
Atlantic Beach, NY	11509
Atlantic Highlands, NJ	07716
Atlantic Mine, MI	49905
Atlantic, IA	50022
Atlantic, NC	28511
Atlantic, PA	16111
Atlantic, VA	23303
Atlas, MI	48411
Atlasburg, PA	15004
Atoka, TN	38004
Atomic City, ID	83215
Atqasuk, AK	99791
Attalla, AL	35954
Attapulgus, GA	39815
Attica, IN	47918
Attica, KS	67009
Attica, MI	48412
Attica, NY	14011
Attica, OH	44807
Attleboro Falls, MA	02763
Attleboro, MA	02703
Atwater, CA	95301
Atwater, MN	56209
Atwater, OH	44201
Atwood, CA	92811
Atwood, CO	80722
Atwood, IL	61913
Atwood, IN	46502
Atwood, KS	67730
Atwood, OK	74827
Atwood, TN	38220
Au Gres, MI	48703
Au Sable Forks, NY	12912
Au Train, MI	49806
Auberry, CA	93602
Aubrey, AR	72311
Aubrey, TX	76227
Auburn University, AL	36849
Auburn, GA	30011
Auburn, IA	51433
Auburn, IL	62615
Auburn, IN	46706
Auburn, KS	66402
Auburn, KY	42206
Auburn, MA	01501
Auburn, MI	48611
Auburn, NE	68305
Auburn, NH	03032
Auburn, PA	17922
Auburn, WV	26325
Auburn, WY	83111
Auburndale, FL	33823
Auburndale, MA	02466
Auburndale, WI	54412
Auburntown, TN	37016
Audubon, IA	50025
Audubon, MN	56511
Audubon, NJ	08106
Audubon, PA	19407
Augusta Springs, VA	24411
Augusta, AR	72006
Augusta, IL	62311
Augusta, KS	67010
Augusta, KY	41002
Augusta, MI	49012
Augusta, MO	63332
Augusta, MT	59410
Augusta, NJ	07822
Augusta, OH	44607
Augusta, WI	54722
Augusta, WV	26704
Auke Bay, AK	99821
Aulander, NC	27805
Ault, CO	80610
Aultman, PA	15713
Aumsville, OR	97325
Aurelia, IA	51005
Auriesville, NY	12016
Aurora, IA	50607
Aurora, IN	47001
Aurora, KS	67417
Aurora, ME	04408
Aurora, MN	55705
Aurora, MO	65605
Aurora, NC	27806
Aurora, NE	68818
Aurora, NY	13026
Aurora, OH	44202
Aurora, OR	97002
Aurora, SD	57002
Aurora, UT	84620
Aurora, WV	26705
Austerlitz, NY	12017
Austin, AR	72007
Austin, CO	81410
Austin, IN	47102
Austin, KY	42123
Austin, MN	55912
Austin, NV	89310
Austin, PA	16720
Austinburg, OH	44010
Austinville, IA	50608
Austinville, VA	24312
Austwell, TX	77950
Autaugaville, AL	36003
Autryville, NC	28318
Auxier, KY	41602
Auxvasse, MO	65231
Ava, IL	62907
Ava, MO	65608
Ava, NY	13303
Ava, OH	43711
Avalon, CA	90704
Avalon, NJ	08202
Avalon, TX	76623
Avalon, WI	53505
Avant, OK	74001
Avawam, KY	41713
Avella, PA	15312
Avenal, CA	93204
Avenel, NJ	07001
Avenue, MD	20609
Avera, GA	30803
Averill Park, NY	12018
Averill, VT	05901
Avery Island, LA	70513
Avery, CA	95224
Avery, ID	83802
Avery, TX	75554
Avila Beach, CA	93424
Avilla, IN	46710
Avilla, MO	64833
Avinger, TX	75630
Avis, PA	17721
Aviston, IL	62216
Avoca, AR	72711
Avoca, IA	51521
Avoca, IN	47420
Avoca, MI	48006
Avoca, MN	56114
Avoca, NE	68307
Avoca, NY	14809
Avoca, TX	79503
Avoca, WI	53506
Avon By The Sea, NJ	07717
Avon Lake, OH	44012
Avon, CO	81620
Avon, CT	06001
Avon, IL	61415
Avon, IN	46123
Avon, MA	02322
Avon, MN	56310
Avon, MS	38723
Avon, MT	59713
Avon, NC	27915
Avon, NY	14414
Avon, OH	44011
Avon, SD	57315
Avondale Estates, GA	30002
Avondale, CO	81022
Avondale, PA	19311
Avondale, WV	24811
Avonmore, PA	15618
Awendaw, SC	29429
Axis, AL	36505
Axson, GA	31624
Axtell, KS	66403
Axtell, NE	68924
Axtell, TX	76624
Axtell, UT	84621
Axton, VA	24054
Ayden, NC	28513
Aydlett, NC	27916
Ayer, MA	01432
Aylett, VA	23009
Aynor, SC	29511
Ayr, ND	58007
Ayr, NE	68925
Ayrshire, IA	50515
Azalea, OR	97410
Azalia, MI	48110
Aztec, NM	87410
Azusa, CA	91702
Babb, MT	59411
Babbitt, MN	55706
Babcock, WI	54413
Babson Park, FL	33827
Babson Park, MA	02457
Babylon, NY	11702
Backus, MN	56435
Bacliff, TX	77518
Baconton, GA	31716
Bacova, VA	24412
Bad Axe, MI	48413
Baden, PA	15005
Badger, CA	93603
Badger, IA	50516
Badger, MN	56714
Badger, SD	57214
Badin, NC	28009
Bagdad, AZ	86321
Bagdad, FL	32530
Bagdad, KY	40003
Baggs, WY	82321
Bagley, IA	50026
Bagley, MN	56621
Bagley, WI	53801
Bagwell, TX	75412
Bahama, NC	27503
Bailey Island, ME	04003
Bailey, CO	80421
Bailey, MI	49303
Bailey, MS	39320
Bailey, NC	27807
Bailey, TX	75413
Baileys Harbor, WI	54202
Baileyton, AL	35019
Baileyville, IL	61007
Baileyville, KS	66404
Baileyville, ME	04694
Bainbridge Island, WA	98110
Bainbridge, IN	46105
Bainbridge, NY	13733
Bainbridge, OH	45612
Bainbridge, PA	17502
Bainville, MT	59212
Baird, TX	79504
Bairdford, PA	15006
Bairoil, WY	82322
Baisden, WV	25608
Baker City, OR	97814
Baker, CA	92309
Baker, FL	32531
Baker, MT	59313
Baker, NV	89311
Baker, WV	26801
Bakers Mills, NY	12811
Bakersfield, MO	65609
Bakersfield, VT	05441
Bakerstown, PA	15007
Bakersville, NC	28705
Bakersville, OH	43803
Bakerton, WV	25410
Bakewell, TN	37304
Bala Cynwyd, PA	19004
Balaton, MN	56115
Balch Springs, TX	75180
Bald Knob, AR	72010
Baldwin City, KS	66006
Baldwin Park, CA	91706
Baldwin Place, NY	10505
Baldwin, GA	30511
Baldwin, IA	52207
Baldwin, IL	62217
Baldwin, LA	70514
Baldwin, MD	21013
Baldwin, MI	49304
Baldwin, ND	58521
Baldwin, NY	11510
Baldwin, WI	54002
Baldwinsville, NY	13027
Baldwinville, MA	01436
Baldwyn, MS	38824
Balfour, ND	58712
Balko, OK	73931
Ball Ground, GA	30107
Ball, LA	71405
Ballantine, MT	59006
Ballard, WV	24918
Ballentine, SC	29002
Ballico, CA	95303
Ballinger, TX	76821
Ballouville, CT	06233
Ballston Lake, NY	12019
Ballston Spa, NY	12020
Bally, PA	19503
Balm, FL	33503
Balmorhea, TX	79718
Balsam Grove, NC	28708
Balsam Lake, WI	54810
Balsam, NC	28707
Balta, ND	58313
Baltic, CT	06330
Baltic, OH	43804
Baltic, SD	57003
Baltimore, OH	43105
Bamberg, SC	29003
Banco, VA	22711
Bancroft, IA	50517
Bancroft, ID	83217
Bancroft, MI	48414
Bancroft, NE	68004
Bancroft, WI	54921
Bancroft, WV	25011
Bandana, KY	42022
Bandera, TX	78003
Bandon, OR	97411
Bandy, VA	24602
Bangall, NY	12506
Bangor, CA	95914
Bangor, MI	49013
Bangor, PA	18013
Bangor, WI	54614
Bangs, TX	76823
Banks, AL	36005
Banks, AR	71631
Banks, ID	83602
Banks, OR	97106
Bankston, AL	35542
Banner Elk, NC	28604
Banner, KY	41603
Banner, MS	38913
Banner, WY	82832
Banning, CA	92220
Bannister, MI	48807
Bannock, OH	43972
Banquete, TX	78339
Bantam, CT	06750
Bantry, ND	58713
Baptistown, NJ	08803
Bar Harbor, ME	04609
Bar Mills, ME	04004
Baraboo, WI	53913
Baraga, MI	49908
Barataria, LA	70036
Barbeau, MI	49710
Barberton, OH	44203
Barberville, FL	32105
Barboursville, VA	22923
Barboursville, WV	25504
Barbourville, KY	40906
Barclay, MD	21607
Barco, NC	27917
Bard, CA	92222
Bard, NM	88411
Bardolph, IL	61416
Bardstown, KY	40004
Bardwell, KY	42023
Bardwell, TX	75101
Bargersville, IN	46106
Barhamsville, VA	23011
Baring, MO	63531
Baring, WA	98224
Barium Springs, NC	28010
Bark River, MI	49807
Barker, NY	14012
Barker, TX	77413
Barkhamsted, CT	06063
Barksdale AFB, LA	71110
Barksdale, TX	78828
Barling, AR	72923
Barlow, KY	42024
Barlow, OH	45712
Barnard, KS	67418
Barnard, MO	64423
Barnard, SD	57426
Barnard, VT	05031
Barnardsville, NC	28709
Barnegat Light, NJ	08006
Barnegat, NJ	08005
Barnes City, IA	50027
Barnes, KS	66933
Barneston, NE	68309
Barnesville, GA	30204
Barnesville, MD	20838
Barnesville, MN	56514
Barnesville, NC	28319
Barnesville, OH	43713
Barnesville, PA	18214
Barnet, VT	05821
Barnett, MO	65011
Barneveld, NY	13304
Barneveld, WI	53507
Barney, GA	31625
Barney, ND	58008
Barnhart, MO	63012
Barnhart, TX	76930
Barnhill, IL	62809
Barnsdall, OK	74002
Barnstable, MA	02630
Barnstead, NH	03218
Barnum, IA	50518
Barnum, MN	55707
Barnwell, SC	29812
Baroda, MI	49101
Barrackville, WV	26559
Barre, MA	01005
Barre, VT	05641
Barren Springs, VA	24313
Barrett, MN	56311
Barrington, NH	03825
Barrington, NJ	08007
Barrington, RI	02806
Barron, WI	54812
Barronett, WI	54813
Barrow, AK	99723
Barry, IL	62312
Barry, MN	56210
Barry, TX	75102
Barryton, MI	49305
Barrytown, NY	12507
Barryville, NY	12719
Barstow, IL	61236
Barstow, MD	20610
Barstow, TX	79719
Bart, PA	17503
Bartelso, IL	62218
Bartlett, IL	60103
Bartlett, KS	67332
Bartlett, NE	68622
Bartlett, NH	03812
Bartlett, OH	45713
Bartlett, TX	76511
Bartley, NE	69020
Bartley, WV	24813
Barto, PA	19504
Barton City, MI	48705
Barton, AR	72312
Barton, MD	21521
Barton, NY	13734
Barton, OH	43905
Bartonsville, PA	18321
Bartow, GA	30413
Bartow, WV	24920
Barwick, GA	31720
Basalt, CO	81621
Basalt, ID	83218
Basco, IL	62313
Bascom, FL	32423
Bascom, OH	44809
Basehor, KS	66007
Basile, LA	70515
Basin, MT	59631
Basin, WY	82410
Baskerville, VA	23915
Baskett, KY	42402
Baskin, LA	71219
Basking Ridge, NJ	07920
Basom, NY	14013
Bass Harbor, ME	04653
Bass Lake, CA	93604
Bassett, AR	72313
Bassett, NE	68714
Bassett, VA	24055
Bassett, WI	53101
Bassfield, MS	39421
Bastian, VA	24314
Bastrop, TX	78602
Basye, VA	22810
Bat Cave, NC	28710
Batavia, IA	52533
Batavia, IL	60510
Batavia, OH	45103
Batchelor, LA	70715
Batchtown, IL	62006
Bates City, MO	64011
Bates, OR	97817
Batesburg, SC	29006
Batesland, SD	57716
Batesville, IN	47006
Batesville, MS	38606
Batesville, TX	78829
Batesville, VA	22924
Bath Springs, TN	38311
Bath, IL	62617
Bath, IN	47010
Bath, ME	04530
Bath, MI	48808
Bath, NC	27808
Bath, NH	03740
Bath, NY	14810
Bath, OH	44210
Bath, PA	18014
Bath, SC	29816
Bath, SD	57427
Bathgate, ND	58216
Batson, TX	77519
Battery Park, VA	23304
Battiest, OK	74722
Battle Creek, IA	51006
Battle Creek, NE	68715
Battle Ground, IN	47920
Battle Ground, WA	98604
Battle Lake, MN	56515
Battle Mountain, NV	89820
Battleboro, NC	27809
Battlement Mesa, CO	81636
Battletown, KY	40104
Baudette, MN	56623
Bausman, PA	17504
Bauxite, AR	72011
Baxter Springs, KS	66713
Baxter, IA	50028
Baxter, KY	40806
Baxter, MN	56425
Baxter, TN	38544
Baxter, WV	26560
Bay Center, WA	98527
Bay City, OR	97107
Bay City, WI	54723
Bay Minette, AL	36507
Bay Pines, FL	33744
Bay Port, MI	48720
Bay Shore, MI	49711
Bay Shore, NY	11706
Bay Springs, MS	39422
Bay Village, OH	44140
Bay, AR	72411
Bayard, IA	50029
Bayard, NE	69334
Bayard, NM	88023
Bayard, WV	26707
Bayboro, NC	28515
Bayfield, CO	81122
Bayfield, WI	54814
Baylis, IL	62314
Bayonne, NJ	07002
Bayou La Batre, AL	36509
Bayport, MN	55003
Bayport, NY	11705
Bays, KY	41310
Bayside, CA	95524
Bayside, TX	78340
Bayview, ID	83803
Bayville, NJ	08721
Bayville, NY	11709
Bazine, KS	67516
Beach City, OH	44608
Beach Haven, NJ	08008
Beach Haven, PA	18601
Beach Lake, PA	18405
Beach, ND	58621
Beachwood, NJ	08722
Beachwood, OH	44122
Beacon Falls, CT	06403
Beacon, IA	52534
Beacon, NY	12508
Beale AFB, CA	95903
Bealeton, VA	22712
Beallsville, MD	20839
Beallsville, OH	43716
Beallsville, PA	15313
Beals, ME	04611
Beaman, IA	50609
Bean Station, TN	37708
Bear Branch, KY	41714
Bear Creek, AL	35543
Bear Creek, NC	27207
Bear Creek, PA	18602
Bear Creek, WI	54922
Bear Lake, MI	49614
Bear Lake, PA	16402
Bear Mountain, NY	10911
Bear River City, UT	84301
Bear, DE	19701
Bearcreek, MT	59007
Bearden, AR	71720
Beardsley, MN	56211
Beardstown, IL	62618
Bearsville, NY	12409
Beasley, TX	77417
Beason, IL	62512
Beatrice, AL	36425
Beatrice, NE	68310
Beattie, KS	66406
Beatty, NV	89003
Beatty, OR	97621
Beattyville, KY	41311
Beaufort, MO	63013
Beaufort, NC	28516
Beaumont, CA	92223
Beaumont, KS	67012
Beaumont, KY	42124
Beaumont, MS	39423
Beaumont, VA	23014
Beauty, KY	41203
Beaver Bay, MN	55601
Beaver City, NE	68926
Beaver Creek, MN	56116
Beaver Crossing, NE	68313
Beaver Dam, KY	42320
Beaver Dam, WI	53916
Beaver Dams, NY	14812
Beaver Falls, NY	13305
Beaver Falls, PA	15010
Beaver Island, MI	49782
Beaver Meadows, PA	18216
Beaver, AK	99724
Beaver, AR	72613
Beaver, IA	50031
Beaver, KY	41604
Beaver, OH	45613
Beaver, OK	73932
Beaver, OR	97108
Beaver, PA	15009
Beaver, UT	84713
Beaver, WA	98305
Beaver, WV	25813
Beavercreek, OR	97004
Beaverdale, PA	15921
Beaverdam, OH	45808
Beaverdam, VA	23015
Beaverton, AL	35544
Beaverton, MI	48612
Beavertown, PA	17813
Beaverville, IL	60912
Beccaria, PA	16616
Bechtelsville, PA	19505
Beckemeyer, IL	62219
Becker, MN	55308
Becker, MS	38825
Becket, MA	01223
Beckville, TX	75631
Beckwourth, CA	96129
Bedford Hills, NY	10507
Bedford Park, IL	60499
Bedford, IA	50833
Bedford, IN	47421
Bedford, KY	40006
Bedford, MA	01730
Bedford, MI	49020
Bedford, NH	03110
Bedford, NY	10506
Bedford, OH	44146
Bedford, PA	15522
Bedford, VA	24523
Bedford, WY	83112
Bedias, TX	77831
Bedminster, NJ	07921
Bedminster, PA	18910
Bedrock, CO	81411
Bee Branch, AR	72013
Bee Spring, KY	42207
Bee, NE	68314
Bee, VA	24217
Beebe Plain, VT	05823
Beebe, AR	72012
Beech Bluff, TN	38313
Beech Bottom, WV	26030
Beech Creek, KY	42321
Beech Creek, PA	16822
Beech Grove, AR	72412
Beech Grove, IN	46107
Beech Grove, KY	42322
Beech Island, SC	29842
Beecher City, IL	62414
Beecher Falls, VT	05902
Beecher, IL	60401
Beechgrove, TN	37018
Beechmont, KY	42323
Beedeville, AR	72014
Beeler, KS	67518
Beemer, NE	68716
Beersheba Springs, TN	37305
Beeson, WV	24714
Beetown, WI	53802
Beggs, OK	74421
Beirne, AR	71721
Bejou, MN	56516
Bel Alton, MD	20611
Belcamp, MD	21017
Belcher, KY	41513
Belcher, LA	71004
Belchertown, MA	01007
Belcourt, ND	58316
Belden, CA	95915
Belden, MS	38826
Belden, NE	68717
Beldenville, WI	54003
Belding, MI	48809
Belen, NM	87002
Belews Creek, NC	27009
Belfair, WA	98528
Belfast, ME	04915
Belfast, NY	14711
Belfast, TN	37019
Belfield, ND	58622
Belford, NJ	07718
Belfry, KY	41514
Belfry, MT	59008
Belgium, WI	53004
Belgrade Lakes, ME	04918
Belgrade, ME	04917
Belgrade, MN	56312
Belgrade, MO	63622
Belgrade, MT	59714
Belgrade, NE	68623
Belhaven, NC	27810
Belington, WV	26250
Belk, AL	35545
Belknap, IL	62908
Bell Buckle, TN	37020
Bell City, LA	70630
Bell City, MO	63735
Bell, CA	90202
Bell, FL	32619
Bella Vista, CA	96008
Bellaire, MI	49615
Bellaire, OH	43906
Bellamy, AL	36901
Bellarthur, NC	27811
Bellbrook, OH	45305
Belle Center, OH	43310
Belle Fourche, SD	57717
Belle Glade, FL	33430
Belle Haven, VA	23306
Belle Mead, NJ	08502
Belle Mina, AL	35615
Belle Plaine, IA	52208
Belle Plaine, KS	67013
Belle Plaine, MN	56011
Belle Rive, IL	62810
Belle Rose, LA	70341
Belle Valley, OH	43717
Belle Vernon, PA	15012
Belle, MO	65013
Belle, WV	25015
Belleair Beach, FL	33786
Bellefontaine, MS	39737
Bellefontaine, OH	43311
Bellefonte, PA	16823
Bellemont, AZ	86015
Bellerose, NY	11426
Belleview, MO	63623
Belleville, AR	72824
Belleville, KS	66935
Belleville, NJ	07109
Belleville, NY	13611
Belleville, PA	17004
Belleville, WI	53508
Belleville, WV	26133
Bellevue, IA	52031
Bellevue, ID	83313
Bellevue, KY	41073
Bellevue, MI	49021
Bellevue, OH	44811
Bellevue, TX	76228
Bellflower, IL	61724
Bellflower, MO	63333
Bellingham, MA	02019
Bellingham, MN	56212
Bellmont, IL	62811
Bellmore, IN	47830
Bellmore, NY	11710
Bellona, NY	14415
Bellows Falls, VT	05101
Bellport, NY	11713
Bells, TN	38006
Bells, TX	75414
Bellvale, NY	10912
Bellville, GA	30414
Bellville, OH	44813
Bellville, TX	77418
Bellvue, CO	80512
Bellwood, AL	36313
Bellwood, IL	60104
Bellwood, NE	68624
Bellwood, PA	16617
Belmond, IA	50421
Belmont, CA	94002
Belmont, LA	71406
Belmont, MA	02478
Belmont, MI	49306
Belmont, MS	38827
Belmont, NC	28012
Belmont, NH	03220
Belmont, NY	14813
Belmont, OH	43718
Belmont, TX	78604
Belmont, VT	05730
Belmont, WA	99104
Belmont, WI	53510
Belmont, WV	26134
Belmore, OH	45815
Beloit, KS	67420
Beloit, OH	44609
Belpre, KS	67519
Belpre, OH	45714
Belsano, PA	15922
Belspring, VA	24058
Belt, MT	59412
Belton, KY	42324
Belton, MO	64012
Belton, SC	29627
Belton, TX	76513
Beltrami, MN	56517
Belva, WV	26656
Belvedere Tiburon, CA	94920
Belvidere Center, VT	05442
Belvidere, IL	61008
Belvidere, NC	27919
Belvidere, NE	68315
Belvidere, NJ	07823
Belvidere, SD	57521
Belvidere, TN	37306
Belview, MN	56214
Belvue, KS	66407
Belzoni, MS	39038
Bement, IL	61813
Bemus Point, NY	14712
Ben Bolt, TX	78342
Ben Franklin, TX	75415
Ben Hur, VA	24218
Ben Lomond, AR	71823
Ben Lomond, CA	95005
Ben Wheeler, TX	75754
Bena, MN	56626
Bena, VA	23018
Benavides, TX	78341
Bend, TX	76824
Bendena, KS	66008
Bendersville, PA	17306
Benedict, KS	66714
Benedict, MD	20612
Benedict, MN	56436
Benedict, ND	58716
Benedict, NE	68316
Benedicta, ME	04733
Benet Lake, WI	53102
Benezett, PA	15821
Benge, WA	99105
Benham, KY	40807
Benicia, CA	94510
Benjamin, TX	79505
Benkelman, NE	69021
Benld, IL	62009
Bennet, NE	68317
Bennett, CO	80102
Bennett, IA	52721
Bennett, NC	27208
Bennettsville, SC	29512
Bennington, IN	47011
Bennington, KS	67422
Bennington, NE	68007
Bennington, NH	03442
Bennington, OK	74723
Bennington, VT	05201
Benoit, MS	38725
Benoit, WI	54816
Bensalem, PA	19020
Benson, AZ	85602
Benson, IL	61516
Benson, MD	21018
Benson, MN	56215
Benson, NC	27504
Benson, VT	05731
Bent Mountain, VA	24059
Bent, NM	88314
Bentley, KS	67016
Bentley, LA	71407
Bentley, MI	48613
Bentleyville, PA	15314
Benton City, MO	65232
Benton City, WA	99320
Benton Ridge, OH	45816
Benton, CA	93512
Benton, IA	50835
Benton, IL	62812
Benton, KS	67017
Benton, KY	42025
Benton, LA	71006
Benton, MO	63736
Benton, MS	39039
Benton, PA	17814
Benton, TN	37307
Benton, WI	53803
Bentonia, MS	39040
Bentonville, IN	47322
Bentonville, OH	45105
Bentonville, VA	22610
Benwood, WV	26031
Benzonia, MI	49616
Berclair, TX	78107
Berea, OH	44017
Berea, WV	26327
Beresford, SD	57004
Bergen, NY	14416
Bergenfield, NJ	07621
Berger, MO	63014
Bergheim, TX	78004
Bergholz, OH	43908
Bergland, MI	49910
Bergman, AR	72615
Bergoo, WV	26298
Bergton, VA	22811
Berino, NM	88024
Berkeley Heights, NJ	07922
Berkeley Springs, WV	25411
Berkeley, IL	60163
Berkey, OH	43504
Berkley, MA	02779
Berkley, MI	48072
Berkshire, MA	01224
Berkshire, NY	13736
Berlin Center, OH	44401
Berlin Heights, OH	44814
Berlin, CT	06037
Berlin, GA	31722
Berlin, MA	01503
Berlin, MD	21811
Berlin, ND	58415
Berlin, NH	03570
Berlin, NJ	08009
Berlin, NY	12022
Berlin, OH	44610
Berlin, PA	15530
Berlin, WI	54923
Bern, ID	83220
Bern, KS	66408
Bernalillo, NM	87004
Bernard, IA	52032
Bernard, ME	04612
Bernardston, MA	01337
Bernardsville, NJ	07924
Berne, IN	46711
Berne, NY	12023
Bernhards Bay, NY	13028
Bernice, LA	71222
Bernie, MO	63822
Bernville, PA	19506
Berrien Center, MI	49102
Berry Creek, CA	95916
Berry, AL	35546
Berry, KY	41003
Berrysburg, PA	17005
Berryton, KS	66409
Berryville, AR	72616
Berryville, VA	22611
Bertha, MN	56437
Berthold, ND	58718
Berthoud, CO	80513
Bertram, TX	78605
Bertrand, MO	63823
Bertrand, NE	68927
Berwick, IA	50032
Berwick, IL	61417
Berwick, LA	70342
Berwick, ME	03901
Berwick, PA	18603
Berwind, WV	24815
Berwyn, IL	60402
Berwyn, PA	19312
Beryl, UT	84714
Bessemer City, NC	28016
Bessemer, MI	49911
Bessemer, PA	16112
Bessie, OK	73622
Bethalto, IL	62010
Bethania, NC	27010
Bethany Beach, DE	19930
Bethany, CT	06524
Bethany, IL	61914
Bethany, KY	41313
Bethany, LA	71007
Bethany, MO	64424
Bethany, OK	73008
Bethany, WV	26032
Bethel Island, CA	94511
Bethel Park, PA	15102
Bethel Springs, TN	38315
Bethel, AK	99559
Bethel, CT	06801
Bethel, DE	19931
Bethel, ME	04217
Bethel, MN	55005
Bethel, MO	63434
Bethel, NC	27812
Bethel, NY	12720
Bethel, OH	45106
Bethel, OK	74724
Bethel, PA	19507
Bethel, VT	05032
Bethelridge, KY	42516
Bethera, SC	29430
Bethesda, OH	43719
Bethlehem, CT	06751
Bethlehem, GA	30620
Bethlehem, IN	47104
Bethlehem, KY	40007
Bethlehem, MD	21609
Bethlehem, NH	03574
Bethpage, NY	11714
Bethpage, TN	37022
Bethune, CO	80805
Bethune, SC	29009
Betsy Layne, KY	41605
Bettendorf, IA	52722
Betterton, MD	21610
Bettles Field, AK	99726
Bettsville, OH	44815
Beulah, CO	81023
Beulah, MI	49617
Beulah, MO	65436
Beulah, MS	38726
Beulah, ND	58523
Beulah, WY	82712
Beulaville, NC	28518
Beverly Shores, IN	46301
Beverly, KS	67423
Beverly, KY	40913
Beverly, MA	01915
Beverly, NJ	08010
Beverly, OH	45715
Beverly, WA	99321
Beverly, WV	26253
Bevier, MO	63532
Bevington, IA	50033
Bevinsville, KY	41606
Bexar, AR	72515
Beyer, PA	16211
Bible School Park, NY	13737
Bickleton, WA	99322
Bickmore, WV	25019
Bicknell, IN	47512
Bicknell, UT	84715
Biddeford Pool, ME	04006
Biddle, MT	59314
Bidwell, OH	45614
Bieber, CA	96009
Bienville, LA	71008
Big Arm, MT	59910
Big Bar, CA	96010
Big Bay, MI	49808
Big Bear City, CA	92314
Big Bear Lake, CA	92315
Big Bend National Park, TX	79834
Big Bend, CA	96011
Big Bend, WI	53103
Big Bend, WV	26136
Big Cabin, OK	74332
Big Clifty, KY	42712
Big Cove Tannery, PA	17212
Big Creek, CA	93605
Big Creek, KY	40914
Big Creek, MS	38914
Big Creek, WV	25505
Big Falls, MN	56627
Big Falls, WI	54926
Big Flat, AR	72617
Big Flats, NY	14814
Big Horn, WY	82833
Big Indian, NY	12410
Big Island, VA	24526
Big Lake, AK	99652
Big Lake, MN	55309
Big Lake, TX	76932
Big Laurel, KY	40808
Big Oak Flat, CA	95305
Big Pine Key, FL	33043
Big Pine, CA	93513
Big Piney, WY	83113
Big Pool, MD	21711
Big Prairie, OH	44611
Big Rapids, MI	49307
Big Rock, IL	60511
Big Rock, TN	37023
Big Rock, VA	24603
Big Run, PA	15715
Big Run, WV	26561
Big Sandy, MT	59520
Big Sandy, TN	38221
Big Sandy, WV	24816
Big Sky, MT	59716
Big Springs, NE	69122
Big Springs, WV	26137
Big Stone City, SD	57216
Big Stone Gap, VA	24219
Big Sur, CA	93920
Big Timber, MT	59011
Big Wells, TX	78830
Bigelow, AR	72016
Bigelow, MN	56117
Bigfoot, TX	78005
Bigfork, MN	56628
Bigfork, MT	59911
Biggers, AR	72413
Biggs, CA	95917
Biggsville, IL	61418
Bighill, KY	40405
Bighorn, MT	59010
Bigler, PA	16825
Biglerville, PA	17307
Billings, MO	65610
Billings, NY	12510
Billings, OK	74630
Billingsley, AL	36006
Bim, WV	25021
Bimble, KY	40915
Binford, ND	58416
Bingen, WA	98605
Binger, OK	73009
Bingham Canyon, UT	84006
Bingham Lake, MN	56118
Bingham, IL	62011
Bingham, ME	04920
Bingham, NE	69335
Biola, CA	93606
Bippus, IN	46713
Birch Harbor, ME	04613
Birch River, WV	26610
Birch Run, MI	48415
Birch Tree, MO	65438
Birchdale, MN	56629
Birchleaf, VA	24220
Birchrunville, PA	19421
Birchwood, TN	37308
Birchwood, WI	54817
Bird City, KS	67731
Bird In Hand, PA	17505
Bird Island, MN	55310
Birds Landing, CA	94512
Birdsboro, PA	19508
Birdseye, IN	47513
Birdsnest, VA	23307
Birmingham, IA	52535
Birmingham, NJ	08011
Birmingham, OH	44816
Birnamwood, WI	54414
Birney, MT	59012
Bisbee, AZ	85603
Bisbee, ND	58317
Biscoe, AR	72017
Biscoe, NC	27209
Bishop Hill, IL	61419
Bishop, GA	30621
Bishop, TX	78343
Bishop, VA	24604
Bishopville, MD	21813
Bishopville, SC	29010
Bismarck, AR	71929
Bismarck, IL	61814
Bismarck, MO	63624
Bison, KS	67520
Bison, OK	73720
Bison, SD	57620
Bitely, MI	49309
Bittinger, MD	21522
Bivalve, MD	21814
Bivins, TX	75555
Biwabik, MN	55708
Bixby, MO	65439
Bixby, OK	74008
Blachly, OR	97412
Black Canyon City, AZ	85324
Black Creek, NC	27813
Black Creek, NY	14714
Black Creek, WI	54106
Black Diamond, WA	98010
Black Eagle, MT	59414
Black Earth, WI	53515
Black Hawk, CO	80422
Black Hawk, SD	57718
Black Lick, PA	15716
Black Mountain, NC	28711
Black Oak, AR	72414
Black River Falls, WI	54615
Black River, MI	48721
Black River, NY	13612
Black Rock, AR	72415
Black, AL	36314
Black, MO	63625
Blackburn, MO	65321
Blackduck, MN	56630
Blackey, KY	41804
Blackfoot, ID	83221
Blackford, KY	42403
Blacklick, OH	43004
Blacksburg, SC	29702
Blackshear, GA	31516
Blackstock, SC	29014
Blackstone, IL	61313
Blackstone, MA	01504
Blacksville, WV	26521
Blackville, SC	29817
Blackwater, MO	65322
Blackwater, VA	24221
Blackwell, MO	63626
Blackwell, OK	74631
Blackwell, TX	79506
Blackwood, NJ	08012
Bladen, NE	68928
Bladenboro, NC	28320
Bladensburg, MD	20710
Bladensburg, OH	43005
Blain, PA	17006
Blaine, KY	41124
Blaine, ME	04734
Blaine, OH	43909
Blaine, TN	37709
Blair, OK	73526
Blair, SC	29015
Blair, WI	54616
Blair, WV	25022
Blairs Mills, PA	17213
Blairs, VA	24527
Blairsburg, IA	50034
Blairsden Graeagle, CA	96103
Blairstown, IA	52209
Blairstown, MO	64726
Blairstown, NJ	07825
Blairsville, PA	15717
Blakely Island, WA	98222
Blakely, GA	39823
Blakesburg, IA	52536
Blakeslee, OH	43505
Blakeslee, PA	18610
Blanca, CO	81123
Blanch, NC	27212
Blanchard, IA	51630
Blanchard, ID	83804
Blanchard, LA	71009
Blanchard, MI	49310
Blanchard, ND	58009
Blanchard, OK	73010
Blanchard, PA	16826
Blanchardville, WI	53516
Blanchester, OH	45107
Blanco, NM	87412
Blanco, OK	74528
Blanco, TX	78606
Bland, MO	65014
Bland, VA	24315
Blandburg, PA	16619
Blandford, MA	01008
Blanding, UT	84511
Blandinsville, IL	61420
Blandon, PA	19510
Blanford, IN	47831
Blanket, TX	76432
Blauvelt, NY	10913
Blawenburg, NJ	08504
Bledsoe, KY	40810
Bledsoe, TX	79314
Bleiblerville, TX	78931
Blencoe, IA	51523
Blenheim, SC	29516
Blenker, WI	54415
Blessing, TX	77419
Blevins, AR	71825
Bliss, ID	83314
Bliss, NY	14024
Blissfield, MI	49228
Blissfield, OH	43805
Block Island, RI	02807
Blocker, OK	74529
Blocksburg, CA	95514
Blockton, IA	50836
Blodgett Mills, NY	13738
Blodgett, MO	63824
Blodgett, OR	97326
Blomkest, MN	56216
Bloomburg, TX	75556
Bloomdale, OH	44817
Bloomer, WI	54724
Bloomery, WV	26817
Bloomfield, CT	06002
Bloomfield, IA	52537
Bloomfield, IN	47424
Bloomfield, KY	40008
Bloomfield, MO	63825
Bloomfield, MT	59315
Bloomfield, NE	68718
Bloomfield, NJ	07003
Bloomfield, NM	87413
Bloomfield, NY	14469
Blooming Glen, PA	18911
Blooming Grove, NY	10914
Blooming Grove, TX	76626
Blooming Prairie, MN	55917
Bloomingburg, NY	12721
Bloomingburg, OH	43106
Bloomingdale, GA	31302
Bloomingdale, IN	47832
Bloomingdale, MI	49026
Bloomingdale, NJ	07403
Bloomingdale, NY	12913
Bloomingdale, OH	43910
Bloomingrose, WV	25024
Bloomington Springs, TN	38545
Bloomington, CA	92316
Bloomington, ID	83223
Bloomington, MD	21523
Bloomington, NE	68929
Bloomington, NY	12411
Bloomington, TX	77951
Bloomington, WI	53804
Bloomsburg, PA	17815
Bloomsbury, NJ	08804
Bloomsdale, MO	63627
Bloomville, NY	13739
Bloomville, OH	44818
Blossburg, PA	16912
Blossom, TX	75416
Blossvale, NY	13308
Blount, WV	25025
Blounts Creek, NC	27814
Blountstown, FL	32424
Blountsville, AL	35031
Blountville, TN	37617
Blowing Rock, NC	28605
Bloxom, VA	23308
Blue Ball, PA	17506
Blue Creek, OH	45616
Blue Creek, WV	25026
Blue Diamond, NV	89004
Blue Earth, MN	56013
Blue Eye, MO	65611
Blue Gap, AZ	86520
Blue Grass, IA	52726
Blue Grass, VA	24413
Blue Hill, ME	04614
Blue Hill, NE	68930
Blue Island, IL	60406
Blue Jay, CA	92317
Blue Lake, CA	95525
Blue Mound, IL	62513
Blue Mound, KS	66010
Blue Mounds, WI	53517
Blue Mountain Lake, NY	12812
Blue Mountain, AR	72826
Blue Mountain, MS	38610
Blue Point, NY	11715
Blue Rapids, KS	66411
Blue Ridge Summit, PA	17214
Blue Ridge, GA	30513
Blue Ridge, TX	75424
Blue Ridge, VA	24064
Blue River, KY	41607
Blue River, OR	97413
Blue River, WI	53518
Blue Rock, OH	43720
Blue Springs, MS	38828
Blue Springs, NE	68318
Blue, AZ	85922
Bluebell, UT	84007
Bluefield, VA	24605
Bluefield, WV	24701
Bluegrove, TX	76352
Bluejacket, OK	74333
Bluemont, VA	20135
Bluewater, NM	87005
Bluff City, AR	71722
Bluff City, KS	67018
Bluff City, TN	37618
Bluff Dale, TX	76433
Bluff Springs, IL	62622
Bluff, UT	84512
Bluffs, IL	62621
Bluffton, AR	72827
Bluffton, GA	39824
Bluffton, IN	46714
Bluffton, MN	56518
Bluffton, OH	45817
Bluffton, SC	29910
Bluffton, TX	78607
Bluford, IL	62814
Blum, TX	76627
Blunt, SD	57522
Bly, OR	97622
Blythe, GA	30805
Blythedale, MO	64426
Blythewood, SC	29016
Boalsburg, PA	16827
Board Camp, AR	71932
Boardman, OR	97818
Boaz, KY	42027
Bob White, WV	25028
Bobtown, PA	15315
Boca Grande, FL	33921
Bock, MN	56313
Bode, IA	50519
Bodega Bay, CA	94923
Bodega, CA	94922
Bodfish, CA	93205
Boelus, NE	68820
Bogard, MO	64622
Bogart, GA	30622
Bogata, TX	75417
Boggstown, IN	46110
Bogota, NJ	07603
Bogota, TN	38007
Bogue Chitto, MS	39629
Bogue, KS	67625
Bohannon, VA	23021
Bohemia, NY	11716
Boiceville, NY	12412
Boiling Springs, NC	28017
Boiling Springs, PA	17007
Bois D Arc, MO	65612
Boise City, OK	73933
Boissevain, VA	24606
Bokchito, OK	74726
Bokeelia, FL	33922
Bokoshe, OK	74930
Bolckow, MO	64427
Boles, AR	72926
Boles, IL	62909
Boley, OK	74829
Boligee, AL	35443
Bolinas, CA	94924
Boling, TX	77420
Bolingbroke, GA	31004
Bolivar, MO	65613
Bolivar, NY	14715
Bolivar, OH	44612
Bolivar, PA	15923
Bolivar, TN	38008
Bolivia, NC	28422
Bolt, WV	25817
Bolton Landing, NY	12814
Bolton, CT	06043
Bolton, MA	01740
Bolton, MS	39041
Bolton, NC	28423
Bombay, NY	12914
Bomont, WV	25030
Bomoseen, VT	05732
Bon Air, AL	35032
Bon Aqua, TN	37025
Bon Secour, AL	36511
Bon Wier, TX	75928
Bonaire, GA	31005
Bonanza, OR	97623
Bonanza, UT	84008
Bonaparte, IA	52620
Boncarbo, CO	81024
Bond, CO	80423
Bondsville, MA	01009
Bonduel, WI	54107
Bondurant, IA	50035
Bondurant, WY	82922
Bondville, IL	61815
Bondville, VT	05340
Bone Gap, IL	62815
Bonesteel, SD	57317
Boneville, GA	30806
Bonfield, IL	60913
Bonham, TX	75418
Bonifay, FL	32425
Bonita, LA	71223
Bonlee, NC	27213
Bonne Terre, MO	63628
Bonneau, SC	29431
Bonner Springs, KS	66012
Bonner, MT	59823
Bonnerdale, AR	71933
Bonners Ferry, ID	83805
Bonney Lake, WA	98391
Bonnie, IL	62816
Bonnieville, KY	42713
Bonnots Mill, MO	65016
Bonnyman, KY	41719
Bono, AR	72416
Bonsall, CA	92003
Boody, IL	62514
Booker, TX	79005
Boomer, NC	28606
Boomer, WV	25031
Boon, MI	49618
Boone Grove, IN	46302
Boone, CO	81025
Boones Mill, VA	24065
Booneville, AR	72927
Booneville, IA	50038
Booneville, KY	41314
Booneville, MS	38829
Boons Camp, KY	41204
Boonsboro, MD	21713
Boonton, NJ	07005
Boonville, CA	95415
Boonville, IN	47601
Boonville, MO	65233
Boonville, NC	27011
Boonville, NY	13309
Booth, AL	36008
Boothbay Harbor, ME	04538
Boothbay, ME	04537
Boothville, LA	70038
Bordelonville, LA	71320
Borden, IN	47106
Bordentown, NJ	08505
Borderland, WV	25665
Boring, MD	21020
Boring, OR	97009
Borrego Springs, CA	92004
Borup, MN	56519
Boscobel, WI	53805
Bosler, WY	82051
Bosque Farms, NM	87068
Bosque, NM	87006
Boss, MO	65440
Bostic, NC	28018
Boston, GA	31626
Boston, IN	47324
Boston, KY	40107
Boston, NY	14025
Boston, VA	22713
Bostwick, FL	32007
Bostwick, GA	30623
Boswell, IN	47921
Boswell, OK	74727
Boswell, PA	15531
Bosworth, MO	64623
Botkins, OH	45306
Botsford, CT	06404
Bottineau, ND	58318
Bouckville, NY	13310
Boulder Creek, CA	95006
Boulder Junction, WI	54512
Boulder, MT	59632
Boulder, UT	84716
Boulder, WY	82923
Boulevard, CA	91905
Bound Brook, NJ	08805
Bourbon, IN	46504
Bourbon, MO	65441
Bourbonnais, IL	60914
Bourg, LA	70343
Bourneville, OH	45617
Bouse, AZ	85325
Bouton, IA	50039
Boutte, LA	70039
Bovard, PA	15619
Bovey, MN	55709
Bovill, ID	83806
Bovina Center, NY	13740
Bovina, TX	79009
Bow, NH	03304
Bow, WA	98232
Bowbells, ND	58721
Bowden, WV	26254
Bowdle, SD	57428
Bowdoin, ME	04287
Bowdoinham, ME	04008
Bowdon Junction, GA	30109
Bowdon, GA	30108
Bowdon, ND	58418
Bowen, IL	62316
Bowers, PA	19511
Bowerston, OH	44695
Bowersville, GA	30516
Bowersville, OH	45307
Bowie, AZ	85605
Bowie, TX	76230
Bowlegs, OK	74830
Bowler, WI	54416
Bowling Green, FL	33834
Bowling Green, IN	47833
Bowling Green, MO	63334
Bowling Green, SC	29703
Bowlus, MN	56314
Bowman, GA	30624
Bowman, ND	58623
Bowman, SC	29018
Bowmansdale, PA	17008
Bowmanstown, PA	18030
Bowmansville, NY	14026
Bowmansville, PA	17507
Bowstring, MN	56631
Box Elder, MT	59521
Box Elder, SD	57719
Box Springs, GA	31801
Boxborough, MA	01719
Boxford, MA	01921
Boxholm, IA	50040
Boyce, LA	71409
Boyce, VA	22620
Boyceville, WI	54725
Boyd, MN	56218
Boyd, MT	59013
Boyd, TX	76023
Boyd, WI	54726
Boyden, IA	51234
Boyds, MD	20841
Boyds, WA	99107
Boydton, VA	23917
Boyertown, PA	19512
Boyes Hot Springs, CA	95416
Boyes, MT	59316
Boykin, AL	36723
Boykins, VA	23827
Boyle, MS	38730
Boylston, MA	01505
Boyne City, MI	49712
Boyne Falls, MI	49713
Boynton, OK	74422
Boynton, PA	15532
Boys Ranch, TX	79010
Boys Town, NE	68010
Bozman, MD	21612
Bozrah, CT	06334
Braceville, IL	60407
Bracey, VA	23919
Brackenridge, PA	15014
Brackettville, TX	78832
Brackney, PA	18812
Braddock Heights, MD	21714
Braddock, ND	58524
Braddock, PA	15104
Braddyville, IA	51631
Braden, TN	38010
Bradenton Beach, FL	34217
Bradenville, PA	15620
Bradford, AR	72020
Bradford, IA	50041
Bradford, IL	61421
Bradford, IN	47107
Bradford, ME	04410
Bradford, NH	03221
Bradford, NY	14815
Bradford, OH	45308
Bradford, PA	16701
Bradford, RI	02808
Bradford, TN	38316
Bradford, VT	05033
Bradfordsville, KY	40009
Bradfordwoods, PA	15015
Bradgate, IA	50520
Bradley Beach, NJ	07720
Bradley, AR	71826
Bradley, CA	93426
Bradley, FL	33835
Bradley, IL	60915
Bradley, ME	04411
Bradley, MI	49311
Bradley, OK	73011
Bradley, SC	29819
Bradley, SD	57217
Bradley, WV	25818
Bradleyville, MO	65614
Bradner, OH	43406
Bradshaw, NE	68319
Bradshaw, WV	24817
Brady Lake, OH	44211
Brady, MT	59416
Brady, NE	69123
Brady, TX	76825
Bradyville, TN	37026
Bragg City, MO	63827
Braggadocio, MO	63826
Braham, MN	55006
Braidwood, IL	60408
Brainard, NE	68626
Brainard, NY	12024
Brainardsville, NY	12915
Brainerd, MN	56401
Braithwaite, LA	70040
Braman, OK	74632
Bramwell, WV	24715
Branch, AR	72928
Branch, LA	70516
Branch, MI	49402
Branchdale, PA	17923
Branchland, WV	25506
Branchport, NY	14418
Branchton, PA	16021
Branchville, IN	47514
Branchville, SC	29432
Branchville, VA	23828
Brandamore, PA	19316
Brandeis, CA	93064
Brandenburg, KY	40108
Brandon, IA	52210
Brandon, MN	56315
Brandon, SD	57005
Brandon, TX	76628
Brandon, VT	05733
Brandon, WI	53919
Brandsville, MO	65688
Brandt, SD	57218
Brandy Camp, PA	15822
Brandy Station, VA	22714
Brandywine, MD	20613
Brandywine, WV	26802
Branford, CT	06405
Branford, FL	32008
Branscomb, CA	95417
Branson, CO	81027
Brant Lake, NY	12815
Brant Rock, MA	02020
Brant, MI	48614
Brant, NY	14027
Brantingham, NY	13312
Brantley, AL	36009
Brantwood, WI	54513
Braselton, GA	30517
Brashear, MO	63533
Brashear, TX	75420
Brasher Falls, NY	13613
Brasstown, NC	28902
Brave, PA	15316
Brawley, CA	92227
Braxton, MS	39044
Braymer, MO	64624
Brayton, IA	50042
Brazeau, MO	63737
Brazil, IN	47834
Brazoria, TX	77422
Breaks, VA	24607
Breaux Bridge, LA	70517
Breckenridge, CO	80424
Breckenridge, MI	48615
Breckenridge, MN	56520
Breckenridge, MO	64625
Breckenridge, TX	76424
Brecksville, OH	44141
Breda, IA	51436
Breeden, WV	25666
Breeding, KY	42715
Breedsville, MI	49027
Breese, IL	62230
Breesport, NY	14816
Breezewood, PA	15533
Breezy Point, NY	11697
Breinigsville, PA	18031
Bremen, AL	35033
Bremen, GA	30110
Bremen, IN	46506
Bremen, KS	66412
Bremen, KY	42325
Bremen, ME	04551
Bremen, ND	58319
Bremen, OH	43107
Bremo Bluff, VA	23022
Bremond, TX	76629
Brent, AL	35034
Brentford, SD	57429
Brenton, WV	24818
Brentwood, CA	94513
Brentwood, MD	20722
Brentwood, NY	11717
Brethren, MI	49619
Bretton Woods, NH	03575
Bretz, WV	26524
Brevard, NC	28712
Brevig Mission, AK	99785
Brewer, ME	04412
Brewerton, NY	13029
Brewster, KS	67732
Brewster, MA	02631
Brewster, MN	56119
Brewster, NE	68821
Brewster, NY	10509
Brewster, OH	44613
Brewster, WA	98812
Brian Head, UT	84719
Briar, MO	63931
Briarcliff Manor, NY	10510
Brice, OH	43109
Bricelyn, MN	56014
Briceville, TN	37710
Brickeys, AR	72320
Bridal Veil, OR	97010
Bridge City, TX	77611
Bridgehampton, NY	11932
Bridgeport, AL	35740
Bridgeport, CA	93517
Bridgeport, IL	62417
Bridgeport, MI	48722
Bridgeport, NE	69336
Bridgeport, NJ	08014
Bridgeport, NY	13030
Bridgeport, OH	43912
Bridgeport, OR	97819
Bridgeport, PA	19405
Bridgeport, TX	76426
Bridgeport, WA	98813
Bridgeport, WV	26330
Bridger, MT	59014
Bridgeton, IN	47836
Bridgeton, MO	63044
Bridgeton, NC	28519
Bridgeton, NJ	08302
Bridgeview, IL	60455
Bridgeville, CA	95526
Bridgeville, DE	19933
Bridgeville, PA	15017
Bridgewater Corners, VT	05035
Bridgewater, CT	06752
Bridgewater, IA	50837
Bridgewater, ME	04735
Bridgewater, MI	48115
Bridgewater, NJ	08807
Bridgewater, NY	13313
Bridgewater, SD	57319
Bridgewater, VA	22812
Bridgewater, VT	05034
Bridgman, MI	49106
Bridgton, ME	04009
Bridport, VT	05734
Brielle, NJ	08730
Brier Hill, NY	13614
Brier Hill, PA	15415
Brierfield, AL	35035
Brigantine, NJ	08203
Briggs, TX	78608
Briggsdale, CO	80611
Briggsville, AR	72828
Briggsville, WI	53920
Brigham City, UT	84302
Brighton, IA	52540
Brighton, IL	62012
Brighton, MA	02135
Brighton, MO	65617
Brighton, TN	38011
Brightwaters, NY	11718
Brightwood, OR	97011
Brightwood, VA	22715
Brill, WI	54818
Brilliant, AL	35548
Brilliant, OH	43913
Brillion, WI	54110
Brimfield, IL	61517
Brimfield, MA	01010
Brimhall, NM	87310
Brimley, MI	49715
Brimson, MN	55602
Bringhurst, IN	46913
Brinkhaven, OH	43006
Brinkley, AR	72021
Brinklow, MD	20862
Brinktown, MO	65443
Brinnon, WA	98320
Brinson, GA	39825
Brisbane, CA	94005
Brisbin, PA	16620
Briscoe, TX	79011
Bristol, FL	32321
Bristol, GA	31518
Bristol, IL	60512
Bristol, IN	46507
Bristol, ME	04539
Bristol, NH	03222
Bristol, PA	19007
Bristol, RI	02809
Bristol, SD	57219
Bristol, VT	05443
Bristol, WI	53104
Bristolville, OH	44402
Bristow, IA	50611
Bristow, IN	47515
Bristow, NE	68719
Bristow, OK	74010
Bristow, VA	20136
Britt, IA	50423
Britt, MN	55710
Brittany, LA	70718
Britton, MI	49229
Britton, SD	57430
Brixey, MO	65618
Broad Brook, CT	06016
Broad Run, VA	20137
Broad Top, PA	16621
Broadalbin, NY	12025
Broadbent, OR	97414
Broaddus, TX	75929
Broadford, VA	24316
Broadlands, IL	61816
Broadus, MT	59317
Broadview Heights, OH	44147
Broadview, IL	60155
Broadview, MT	59015
Broadview, NM	88112
Broadwater, NE	69125
Broadway, NC	27505
Broadway, NJ	08808
Broadway, OH	43007
Broadway, VA	22815
Brock, NE	68320
Brocket, ND	58321
Brockport, NY	14420
Brockport, PA	15823
Brockton, MT	59213
Brockton, PA	17925
Brockway, MT	59214
Brockway, PA	15824
Brockwell, AR	72517
Brocton, IL	61917
Brocton, NY	14716
Brodhead, KY	40409
Brodhead, WI	53520
Brodheadsville, PA	18322
Brodnax, VA	23920
Brogan, OR	97903
Brogue, PA	17309
Brohard, WV	26138
Brohman, MI	49312
Brokaw, WI	54417
Broken Bow, NE	68822
Broken Bow, OK	74728
Bromide, OK	74530
Bronaugh, MO	64728
Bronson, FL	32621
Bronson, IA	51007
Bronson, KS	66716
Bronson, MI	49028
Bronson, TX	75930
Bronston, KY	42518
Bronte, TX	76933
Bronwood, GA	39826
Bronxville, NY	10708
Brook Park, MN	55007
Brook, IN	47922
Brookdale, CA	95007
Brooke, VA	22430
Brookeland, TX	75931
Brooker, FL	32622
Brookesmith, TX	76827
Brookeville, MD	20833
Brookfield, CT	06804
Brookfield, GA	31727
Brookfield, IL	60513
Brookfield, MA	01506
Brookfield, MO	64628
Brookfield, NY	13314
Brookfield, OH	44403
Brookfield, VT	05036
Brookhaven, NY	11719
Brookhaven, PA	19015
Brookings, OR	97415
Brookland, AR	72417
Brooklandville, MD	21022
Brooklet, GA	30415
Brooklin, ME	04616
Brookline Village, MA	02447
Brookline, MO	65619
Brookline, NH	03033
Brooklyn, AL	36429
Brooklyn, CT	06234
Brooklyn, IA	52211
Brooklyn, IN	46111
Brooklyn, MD	21225
Brooklyn, MI	49230
Brooklyn, MS	39425
Brooklyn, PA	18813
Brooklyn, WI	53521
Brookneal, VA	24528
Brookpark, OH	44142
Brookport, IL	62910
Brooks, CA	95606
Brooks, GA	30205
Brooks, KY	40109
Brooks, ME	04921
Brooks, MN	56715
Brookshire, TX	77423
Brookside, AL	35036
Brookside, NJ	07926
Brookston, IN	47923
Brookston, MN	55711
Brookston, TX	75421
Brooksville, KY	41004
Brooksville, ME	04617
Brooksville, MS	39739
Brookton, ME	04413
Brooktondale, NY	14817
Brookville, IN	47012
Brookville, KS	67425
Brookville, OH	45309
Brookville, PA	15825
Brookwood, AL	35444
Broomall, PA	19008
Broomes Island, MD	20615
Brooten, MN	56316
Broseley, MO	63932
Brothers, OR	97712
Broughton, IL	62817
Broussard, LA	70518
Browder, KY	42326
Browerville, MN	56438
Brown City, MI	48416
Brownell, KS	67521
Brownfield, ME	04010
Brownfield, PA	15416
Brownfield, TX	79316
Browning, IL	62624
Browning, MO	64630
Browning, MT	59417
Browns Mills, NJ	08015
Browns Summit, NC	27214
Browns Valley, CA	95918
Browns Valley, MN	56219
Browns, IL	62818
Brownsboro, AL	35741
Brownsboro, TX	75756
Brownsburg, IN	46112
Brownsburg, VA	24415
Brownsdale, MN	55918
Brownstown, IL	62418
Brownstown, IN	47220
Brownstown, PA	17508
Brownstown, WA	98920
Brownsville, CA	95919
Brownsville, IN	47325
Brownsville, KY	42210
Brownsville, MD	21715
Brownsville, MN	55919
Brownsville, OH	43721
Brownsville, OR	97327
Brownsville, PA	15417
Brownsville, TN	38012
Brownsville, VT	05037
Brownsville, WI	53006
Brownton, MN	55312
Browntown, WI	53522
Brownville Junction, ME	04415
Brownville, ME	04414
Brownville, NE	68321
Brownville, NY	13615
Brownwood, MO	63738
Broxton, GA	31519
Bruce Crossing, MI	49912
Bruce, MS	38915
Bruce, SD	57220
Bruce, WI	54819
Bruceton Mills, WV	26525
Bruceton, TN	38317
Brucetown, VA	22622
Bruceville, IN	47516
Bruceville, TX	76630
Bruin, PA	16022
Bruington, VA	23023
Brule, NE	69127
Brule, WI	54820
Brumley, MO	65017
Brundidge, AL	36010
Bruneau, ID	83604
Bruner, MO	65620
Bruni, TX	78344
Bruning, NE	68322
Bruno, MN	55712
Bruno, NE	68014
Bruno, WV	25611
Brunson, SC	29911
Brunsville, IA	51008
Brunswick, MD	21716
Brunswick, ME	04011
Brunswick, MO	65236
Brunswick, NC	28424
Brunswick, NE	68720
Brunswick, OH	44212
Brunswick, TN	38014
Brusett, MT	59318
Brush Creek, TN	38547
Brush Prairie, WA	98606
Brush Valley, PA	15720
Brush, CO	80723
Brushton, NY	12916
Brusly, LA	70719
Brussels, IL	62013
Brussels, WI	54204
Brutus, MI	49716
Bryan, OH	43506
Bryans Road, MD	20616
Bryant Pond, ME	04219
Bryant, AL	35958
Bryant, IA	52727
Bryant, IL	61519
Bryant, IN	47326
Bryant, SD	57221
Bryant, WI	54418
Bryantown, MD	20617
Bryants Store, KY	40921
Bryantsville, KY	40410
Bryantville, MA	02327
Bryce Canyon, UT	84717
Bryce, UT	84764
Bryceville, FL	32009
Bryn Athyn, PA	19009
Bryn Mawr, CA	92318
Bryn Mawr, PA	19010
Bryson City, NC	28713
Bryson, TX	76427
Buchanan Dam, TX	78609
Buchanan, GA	30113
Buchanan, MI	49107
Buchanan, ND	58420
Buchanan, NY	10511
Buchanan, TN	38222
Buchanan, VA	24066
Buchtel, OH	45716
Buck Creek, IN	47924
Buck Hill Falls, PA	18323
Buckatunna, MS	39322
Buckeye Lake, OH	43008
Buckeye, IA	50043
Buckeye, WV	24924
Buckeystown, MD	21717
Buckfield, ME	04220
Buckhannon, WV	26201
Buckhead, GA	30625
Buckholts, TX	76518
Buckhorn, KY	41721
Buckhorn, NM	88025
Buckingham, IA	50612
Buckingham, IL	60917
Buckingham, PA	18912
Buckingham, VA	23921
Buckland, AK	99727
Buckland, MA	01338
Buckland, OH	45819
Buckley, IL	60918
Buckley, MI	49620
Buckley, WA	98321
Bucklin, KS	67834
Bucklin, MO	64631
Buckman, MN	56317
Buckner, AR	71827
Buckner, IL	62819
Buckner, KY	40010
Buckner, MO	64016
Bucks, AL	36512
Buckskin, IN	47647
Bucksport, ME	04416
Bucoda, WA	98530
Bucyrus, KS	66013
Bucyrus, MO	65444
Bucyrus, OH	44820
Bud, WV	24716
Buda, IL	61314
Buda, TX	78610
Budd Lake, NJ	07828
Bude, MS	39630
Buellton, CA	93427
Buena Vista, CO	81211
Buena Vista, GA	31803
Buena Vista, NM	87712
Buena Vista, PA	15018
Buena Vista, TN	38318
Buena Vista, VA	24416
Buena, NJ	08310
Buena, WA	98921
Buffalo Center, IA	50424
Buffalo Creek, CO	80425
Buffalo Gap, SD	57722
Buffalo Gap, TX	79508
Buffalo Grove, IL	60089
Buffalo Junction, VA	24529
Buffalo Lake, MN	55314
Buffalo Mills, PA	15534
Buffalo Prairie, IL	61237
Buffalo Valley, TN	38548
Buffalo, IA	52728
Buffalo, IL	62515
Buffalo, IN	47925
Buffalo, KS	66717
Buffalo, KY	42716
Buffalo, MN	55313
Buffalo, MO	65622
Buffalo, MT	59418
Buffalo, ND	58011
Buffalo, OH	43722
Buffalo, OK	73834
Buffalo, SC	29321
Buffalo, SD	57720
Buffalo, TX	75831
Buffalo, WV	25033
Buffalo, WY	82834
Buford, OH	45110
Buford, WY	82052
Buhl, AL	35446
Buhl, ID	83316
Buhl, MN	55713
Buhler, KS	67522
Buies Creek, NC	27506
Bula, TX	79320
Bulan, KY	41722
Bulger, PA	15019
Bull Shoals, AR	72619
Bullard, TX	75757
Bullhead, SD	57621
Bullock, NC	27507
Bulls Gap, TN	37711
Bullville, NY	10915
Bulpitt, IL	62517
Bulverde, TX	78163
Bumpass, VA	23024
Bumpus Mills, TN	37028
Buna, TX	77612
Bunceton, MO	65237
Bunch, OK	74931
Buncombe, IL	62912
Bunker Hill, IL	62014
Bunker Hill, IN	46914
Bunker Hill, KS	67626
Bunker Hill, WV	25413
Bunker, MO	63629
Bunkerville, NV	89007
Bunkie, LA	71322
Bunn, NC	27508
Bunnell, FL	32110
Bunnlevel, NC	28323
Bunola, PA	15020
Buras, LA	70041
Burbank, IL	60459
Burbank, OH	44214
Burbank, OK	74633
Burbank, SD	57010
Burbank, WA	99323
Burchard, NE	68323
Burden, KS	67019
Burdett, KS	67523
Burdett, NY	14818
Burdette, AR	72321
Burdick, KS	66838
Burdine, KY	41517
Bureau, IL	61315
Burfordville, MO	63739
Burgaw, NC	28425
Burgess, VA	22432
Burgettstown, PA	15021
Burghill, OH	44404
Burgin, KY	40310
Burgoon, OH	43407
Burkburnett, TX	76354
Burke, NY	12917
Burke, SD	57523
Burkes Garden, VA	24608
Burkesville, KY	42717
Burket, IN	46508
Burkett, TX	76828
Burkettsville, OH	45310
Burkeville, TX	75932
Burkeville, VA	23922
Burkittsville, MD	21718
Burley, ID	83318
Burley, WA	98322
Burlingame, KS	66413
Burlingham, NY	12722
Burlington Flats, NY	13315
Burlington Junction, MO	64428
Burlington, CO	80807
Burlington, CT	06013
Burlington, IA	52601
Burlington, IL	60109
Burlington, IN	46915
Burlington, KS	66839
Burlington, KY	41005
Burlington, ME	04417
Burlington, MI	49029
Burlington, ND	58722
Burlington, NJ	08016
Burlington, OK	73722
Burlington, PA	18814
Burlington, TX	76519
Burlington, WA	98233
Burlington, WI	53105
Burlington, WV	26710
Burlington, WY	82411
Burlison, TN	38015
Burna, KY	42028
Burnet, TX	78611
Burnett, WI	53922
Burnettsville, IN	47926
Burney, CA	96013
Burneyville, OK	73430
Burnham, ME	04922
Burnham, PA	17009
Burnips, MI	49314
Burns Flat, OK	73624
Burns, CO	80426
Burns, KS	66840
Burns, OR	97720
Burns, TN	37029
Burns, WY	82053
Burnside, IA	50521
Burnside, KY	42519
Burnside, LA	70738
Burnside, PA	15721
Burnsville, MS	38833
Burnsville, NC	28714
Burnsville, WV	26335
Burnt Cabins, PA	17215
Burnt Hills, NY	12027
Burnt Prairie, IL	62820
Burnt Ranch, CA	95527
Burnwell, AL	35038
Burr Hill, VA	22433
Burr Oak, KS	66936
Burr Oak, MI	49030
Burr, NE	68324
Burrel, CA	93607
Burrows, IN	46916
Burrton, KS	67020
Burson, CA	95225
Burt Lake, MI	49717
Burt, IA	50522
Burt, MI	48417
Burt, NY	14028
Burton, OH	44021
Burton, TX	77835
Burton, WA	98013
Burton, WV	26562
Burtonsville, MD	20866
Burtrum, MN	56318
Burwell, NE	68823
Busby, MT	59016
Bush, KY	40724
Bush, LA	70431
Bushkill, PA	18324
Bushland, TX	79012
Bushnell, FL	33513
Bushnell, IL	61422
Bushnell, NE	69128
Bushton, KS	67427
Bushwood, MD	20618
Buskirk, NY	12028
Bussey, IA	50044
Bustins Island, ME	04013
Busy, KY	41723
Butler, AL	36904
Butler, GA	31006
Butler, IL	62015
Butler, IN	46721
Butler, KY	41006
Butler, MD	21023
Butler, MO	64730
Butler, NJ	07405
Butler, OH	44822
Butler, OK	73625
Butler, TN	37640
Butler, WI	53007
Butlerville, IN	47223
Butner, NC	27509
Butte City, CA	95920
Butte Des Morts, WI	54927
Butte Falls, OR	97522
Butte, ND	58723
Butte, NE	68722
Butterfield, MN	56120
Butterfield, MO	65623
Butternut, WI	54514
Buttonwillow, CA	93206
Buttzville, NJ	07829
Buxton, ME	04093
Buxton, NC	27920
Buxton, ND	58218
Buxton, OR	97109
Byars, OK	74831
Bybee, TN	37713
Byers, CO	80103
Byers, KS	67021
Byers, TX	76357
Byesville, OH	43723
Byfield, MA	01922
Byhalia, MS	38611
Bylas, AZ	85530
Bynum, AL	36253
Bynum, MT	59419
Bynum, NC	27228
Bynum, TX	76631
Bypro, KY	41612
Byram, MS	39272
Byrdstown, TN	38549
Byrnedale, PA	15827
Byromville, GA	31007
Byron Center, MI	49315
Byron, CA	94514
Byron, GA	31008
Byron, IL	61010
Byron, MI	48418
Byron, MN	55920
Byron, NE	68325
Byron, NY	14422
Byron, WY	82412
Caballo, NM	87931
Cabazon, CA	92230
Cabery, IL	60919
Cabin Creek, WV	25035
Cabin John, MD	20818
Cabins, WV	26855
Cable, OH	43009
Cable, WI	54821
Cabool, MO	65689
Cabot, AR	72023
Cabot, PA	16023
Cabot, VT	05647
Cache Junction, UT	84304
Cache, OK	73527
Cactus, TX	79013
Caddo Gap, AR	71935
Caddo Mills, TX	75135
Caddo, OK	74729
Caddo, TX	76429
Cade, LA	70519
Cades, SC	29518
Cadet, MO	63630
Cadillac, MI	49601
Cadiz, KY	42211
Cadiz, OH	43907
Cadogan, PA	16212
Cadott, WI	54727
Cadwell, GA	31009
Cadyville, NY	12918
Cahone, CO	81320
Cainsville, MO	64632
Cairnbrook, PA	15924
Cairo, IL	62914
Cairo, MO	65239
Cairo, NE	68824
Cairo, NY	12413
Cairo, OH	45820
Cairo, WV	26337
Cal Nev Ari, NV	89039
Calabash, NC	28467
Calais, ME	04619
Calais, VT	05648
Calamus, IA	52729
Calcium, NY	13616
Calder, ID	83808
Caldwell, AR	72322
Caldwell, KS	67022
Caldwell, OH	43724
Caldwell, TX	77836
Caldwell, WV	24925
Cale, AR	71828
Caledonia, IL	61011
Caledonia, MI	49316
Caledonia, MN	55921
Caledonia, MO	63631
Caledonia, MS	39740
Caledonia, ND	58219
Caledonia, NY	14423
Caledonia, OH	43314
Caledonia, WI	53108
Calera, AL	35040
Calera, OK	74730
Calhan, CO	80808
Calhoun City, MS	38916
Calhoun Falls, SC	29628
Calhoun, IL	62419
Calhoun, KY	42327
Calhoun, LA	71225
Calhoun, MO	65323
Calhoun, TN	37309
Calico Rock, AR	72519
Caliente, CA	93518
Caliente, NV	89008
Califon, NJ	07830
California Hot Springs, CA	93207
California, KY	41007
California, MD	20619
California, MO	65018
California, PA	15419
Calimesa, CA	92320
Calion, AR	71724
Calipatria, CA	92233
Calistoga, CA	94515
Call, TX	75933
Callahan, CA	96014
Callahan, FL	32011
Callands, VA	24530
Callao, MO	63534
Callao, VA	22435
Callaway, MD	20620
Callaway, MN	56521
Callaway, NE	68825
Callaway, VA	24067
Callender, IA	50523
Callensburg, PA	16213
Callery, PA	16024
Callicoon Center, NY	12724
Callicoon, NY	12723
Calliham, TX	78007
Calmar, IA	52132
Calpella, CA	95418
Calpine, CA	96124
Calumet City, IL	60409
Calumet, IA	51009
Calumet, MI	49913
Calumet, MN	55716
Calumet, OK	73014
Calumet, PA	15621
Calvary, GA	39829
Calvert City, KY	42029
Calvert, AL	36513
Calvert, TX	77837
Calverton, NY	11933
Calverton, VA	20138
Calvin, KY	40813
Calvin, LA	71410
Calvin, ND	58323
Calvin, OK	74531
Calvin, PA	16622
Calvin, WV	26660
Calypso, NC	28325
Camak, GA	30807
Camanche, IA	52730
Camano Island, WA	98282
Camargo, IL	61919
Camargo, OK	73835
Camas Valley, OR	97416
Camas, WA	98607
Cambra, PA	18611
Cambria Heights, NY	11411
Cambria, CA	93428
Cambria, IL	62915
Cambria, WI	53923
Cambridge City, IN	47327
Cambridge Springs, PA	16403
Cambridge, IA	50046
Cambridge, ID	83610
Cambridge, IL	61238
Cambridge, KS	67023
Cambridge, MD	21613
Cambridge, ME	04923
Cambridge, MN	55008
Cambridge, NE	69022
Cambridge, NY	12816
Cambridge, OH	43725
Cambridge, VT	05444
Cambridge, WI	53523
Cambridgeport, VT	05141
Camby, IN	46113
Camden On Gauley, WV	26208
Camden Point, MO	64018
Camden Wyoming, DE	19934
Camden, AL	36726
Camden, IL	62319
Camden, IN	46917
Camden, ME	04843
Camden, MI	49232
Camden, MO	64017
Camden, MS	39045
Camden, NC	27921
Camden, NY	13316
Camden, OH	45311
Camden, TN	38320
Camden, TX	75934
Camden, WV	26338
Camdenton, MO	65020
Cameron Mills, NY	14820
Cameron, AZ	86020
Cameron, IL	61423
Cameron, LA	70631
Cameron, MO	64429
Cameron, MT	59720
Cameron, NC	28326
Cameron, NY	14819
Cameron, OH	43914
Cameron, OK	74932
Cameron, SC	29030
Cameron, TX	76520
Cameron, WI	54822
Cameron, WV	26033
Camilla, GA	31730
Camillus, NY	13031
Camino, CA	95709
Cammal, PA	17723
Camp Creek, WV	25820
Camp Crook, SD	57724
Camp Dennison, OH	45111
Camp Douglas, WI	54618
Camp Grove, IL	61424
Camp H M Smith, HI	96861
Camp Hill, AL	36850
Camp Lake, WI	53109
Camp Meeker, CA	95419
Camp Murray, WA	98430
Camp Nelson, CA	93208
Camp Pendleton, CA	92055
Camp Point, IL	62320
Camp Sherman, OR	97730
Camp Verde, AZ	86322
Camp Wood, TX	78833
Camp, AR	72520
Campaign, TN	38550
Campbell Hall, NY	10916
Campbell Hill, IL	62916
Campbell, AL	36727
Campbell, MN	56522
Campbell, MO	63933
Campbell, NE	68932
Campbell, NY	14821
Campbell, OH	44405
Campbell, TX	75422
Campbellsburg, IN	47108
Campbellsburg, KY	40011
Campbellsport, WI	53010
Campbellton, FL	32426
Campbellton, TX	78008
Campbelltown, PA	17010
Campo Seco, CA	95226
Campo, CA	91906
Campo, CO	81029
Campobello, SC	29322
Campti, LA	71411
Campton, KY	41301
Campton, NH	03223
Camptonville, CA	95922
Camptown, PA	18815
Campus, IL	60920
Cana, VA	24317
Canaan, CT	06018
Canaan, IN	47224
Canaan, ME	04924
Canaan, NH	03741
Canaan, NY	12029
Canaan, VT	05903
Canada, KY	41519
Canadensis, PA	18325
Canadian, OK	74425
Canadian, TX	79014
Canadys, SC	29433
Canajoharie, NY	13317
Canal Fulton, OH	44614
Canal Winchester, OH	43110
Canalou, MO	63828
Canandaigua, NY	14424
Canaseraga, NY	14822
Canastota, NY	13032
Canby, CA	96015
Canby, MN	56220
Canby, OR	97013
Candia, NH	03034
Candler, FL	32111
Candler, NC	28715
Cando, ND	58324
Candor, NC	27229
Candor, NY	13743
Cane Valley, KY	42720
Caneadea, NY	14717
Canehill, AR	72717
Caney, KS	67333
Caney, OK	74533
Caneyville, KY	42721
Canfield, OH	44406
Canisteo, NY	14823
Canistota, SD	57012
Canjilon, NM	87515
Canmer, KY	42722
Cannel City, KY	41408
Cannelburg, IN	47519
Cannelton, IN	47520
Cannelton, WV	25036
Cannon AFB, NM	88103
Cannon Ball, ND	58528
Cannon Beach, OR	97110
Cannon Falls, MN	55009
Cannon, KY	40923
Cannonsburg, MI	49317
Cannonville, UT	84718
Canon, GA	30520
Canones, NM	87516
Canonsburg, PA	15317
Canova, SD	57321
Canterbury, CT	06331
Canterbury, NH	03224
Cantil, CA	93519
Canton Center, CT	06020
Canton, CT	06019
Canton, IL	61520
Canton, KS	67428
Canton, MA	02021
Canton, ME	04221
Canton, MN	55922
Canton, MO	63435
Canton, MS	39046
Canton, NC	28716
Canton, NY	13617
Canton, OK	73724
Canton, PA	17724
Canton, SD	57013
Canton, TX	75103
Cantonment, FL	32533
Cantrall, IL	62625
Cantril, IA	52542
Cantua Creek, CA	93608
Cantwell, AK	99729
Canute, OK	73626
Canutillo, TX	79835
Canvas, WV	26662
Canyon City, OR	97820
Canyon Creek, MT	59633
Canyon Dam, CA	95923
Canyon Lake, TX	78133
Canyon, CA	94516
Canyon, MN	55717
Canyonville, OR	97417
Capac, MI	48014
Capay, CA	95607
Cape Canaveral, FL	32920
Cape Charles, VA	23310
Cape Elizabeth, ME	04107
Cape Fair, MO	65624
Cape May Court House, NJ	08210
Cape May Point, NJ	08212
Cape May, NJ	08204
Cape Neddick, ME	03902
Cape Porpoise, ME	04014
Cape Vincent, NY	13618
Capeville, VA	23313
Capistrano Beach, CA	92624
Capitan, NM	88316
Capitol, MT	59319
Capitola, CA	95010
Caplinger Mills, MO	65607
Capon Bridge, WV	26711
Capon Springs, WV	26823
Caprock, NM	88213
Capron, IL	61012
Capron, VA	23829
Capshaw, AL	35742
Captain Cook, HI	96704
Captiva, FL	33924
Capulin, CO	81124
Capulin, NM	88414
Caputa, SD	57725
Caratunk, ME	04925
Caraway, AR	72419
Carbon Cliff, IL	61239
Carbon Hill, AL	35549
Carbon Hill, OH	43111
Carbon, IA	50839
Carbon, IN	47837
Carbon, TX	76435
Carbonado, WA	98323
Carbondale, CO	81623
Carbondale, KS	66414
Carbondale, OH	45717
Carbondale, PA	18407
Cardale, PA	15420
Cardiff By The Sea, CA	92007
Cardiff, AL	35041
Cardin, OK	74335
Cardinal, VA	23025
Cardington, OH	43315
Cardwell, MO	63829
Cardwell, MT	59721
Carefree, AZ	85377
Carencro, LA	70520
Caret, VA	22436
Carey, ID	83320
Carey, OH	43316
Careywood, ID	83809
Caribou, ME	04736
Carl Junction, MO	64834
Carle Place, NY	11514
Carleton, MI	48117
Carleton, NE	68326
Carlin, NV	89822
Carlinville, IL	62626
Carlisle, AR	72024
Carlisle, IA	50047
Carlisle, IN	47838
Carlisle, KY	40311
Carlisle, MA	01741
Carlisle, NY	12031
Carlisle, SC	29031
Carlock, IL	61725
Carlos, MN	56319
Carlotta, CA	95528
Carlsbad, TX	76934
Carlsborg, WA	98324
Carlstadt, NJ	07072
Carlton, AL	36515
Carlton, GA	30627
Carlton, MN	55718
Carlton, OR	97111
Carlton, PA	16311
Carlton, TX	76436
Carlton, WA	98814
Carlyle, IL	62231
Carman, IL	61425
Carmel By The Sea, CA	93921
Carmel Valley, CA	93924
Carmel, ME	04419
Carmel, NY	10512
Carmen, ID	83462
Carmen, OK	73726
Carmi, IL	62821
Carmichaels, PA	15320
Carmine, TX	78932
Carnation, WA	98014
Carnegie, OK	73015
Carnegie, PA	15106
Carnelian Bay, CA	96140
Carnesville, GA	30521
Carney, MI	49812
Carney, OK	74832
Caro, MI	48723
Caroga Lake, NY	12032
Caroleen, NC	28019
Carolina Beach, NC	28428
Carolina, RI	02812
Carolina, WV	26563
Caroline, WI	54928
Carp Lake, MI	49718
Carpenter, IA	50426
Carpenter, SD	57322
Carpenter, WY	82054
Carpentersville, IL	60110
Carpio, ND	58725
Carr, CO	80612
Carrabelle, FL	32322
Carrboro, NC	27510
Carrie, KY	41725
Carrier Mills, IL	62917
Carrier, OK	73727
Carriere, MS	39426
Carrington, ND	58421
Carrizo Springs, TX	78834
Carrizozo, NM	88301
Carroll, IA	51401
Carroll, NE	68723
Carroll, OH	43112
Carrolls, WA	98609
Carrollton, AL	35447
Carrollton, IL	62016
Carrollton, KY	41008
Carrollton, MI	48724
Carrollton, MO	64633
Carrollton, MS	38917
Carrollton, OH	44615
Carrollton, VA	23314
Carrolltown, PA	15722
Carrsville, VA	23315
Carson City, MI	48811
Carson, IA	51525
Carson, MS	39427
Carson, ND	58529
Carson, NM	87517
Carson, VA	23830
Carson, WA	98610
Carsonville, MI	48419
Carter Lake, IA	51510
Carter, KY	41128
Carter, MT	59420
Carter, OK	73627
Carteret, NJ	07008
Cartersville, VA	23027
Carterville, IL	62918
Carterville, MO	64835
Carthage, AR	71725
Carthage, IL	62321
Carthage, IN	46115
Carthage, MO	64836
Carthage, MS	39051
Carthage, NC	28327
Carthage, NY	13619
Carthage, SD	57323
Carthage, TN	37030
Carthage, TX	75633
Cartwright, ND	58838
Cartwright, OK	74731
Caruthers, CA	93609
Caruthersville, MO	63830
Carver, MA	02330
Carver, MN	55315
Carversville, PA	18913
Carville, LA	70721
Cary, IL	60013
Cary, MS	39054
Caryville, FL	32427
Caryville, TN	37714
Casa Blanca, NM	87007
Casa, AR	72025
Casanova, VA	20139
Casar, NC	28020
Cascade Locks, OR	97014
Cascade, CO	80809
Cascade, IA	52033
Cascade, ID	83611
Cascade, MD	21719
Cascade, MO	63632
Cascade, MT	59421
Cascade, VA	24069
Cascade, WI	53011
Cascadia, OR	97329
Cascilla, MS	38920
Casco, ME	04015
Casco, MI	48064
Casco, WI	54205
Caseville, MI	48725
Casey, IA	50048
Casey, IL	62420
Caseyville, IL	62232
Cash, AR	72421
Cashiers, NC	28717
Cashion, AZ	85329
Cashion, OK	73016
Cashmere, WA	98815
Cashton, WI	54619
Cashtown, PA	17310
Casmalia, CA	93429
Casnovia, MI	49318
Cason, TX	75636
Caspar, CA	95420
Caspian, MI	49915
Cass City, MI	48726
Cass Lake, MN	56633
Cass, WV	24927
Cassadaga, FL	32706
Cassadaga, NY	14718
Cassandra, PA	15925
Cassatt, SC	29032
Casscoe, AR	72026
Cassel, CA	96016
Casselton, ND	58012
Cassoday, KS	66842
Cassopolis, MI	49031
Casstown, OH	45312
Cassville, GA	30123
Cassville, MO	65625
Cassville, NY	13318
Cassville, PA	16623
Cassville, WI	53806
Cassville, WV	26527
Castalia, IA	52133
Castalia, NC	27816
Castalia, OH	44824
Castalian Springs, TN	37031
Castana, IA	51010
Castanea, PA	17726
Castell, TX	76831
Castella, CA	96017
Castile, NY	14427
Castle Creek, NY	13744
Castle Dale, UT	84513
Castle Hayne, NC	28429
Castle Point, NY	12511
Castle Rock, MN	55010
Castle Rock, WA	98611
Castle, OK	74833
Castleberry, AL	36432
Castleford, ID	83321
Castleton On Hudson, NY	12033
Castleton, IL	61426
Castleton, VA	22716
Castleton, VT	05735
Castlewood, SD	57223
Castlewood, VA	24224
Castor, LA	71016
Castorland, NY	13620
Castroville, CA	95012
Castroville, TX	78009
Cat Spring, TX	78933
Cataldo, ID	83810
Catalina, AZ	85738
Cataract, WI	54620
Catarina, TX	78836
Catasauqua, PA	18032
Cataula, GA	31804
Cataumet, MA	02534
Catawba, NC	28609
Catawba, OH	43010
Catawba, SC	29704
Catawba, VA	24070
Catawba, WI	54515
Catawissa, MO	63015
Catawissa, PA	17820
Catharine, KS	67627
Catharpin, VA	20143
Cathay, ND	58422
Catherine, AL	36728
Catheys Valley, CA	95306
Cathlamet, WA	98612
Catlett, VA	20119
Catlettsburg, KY	41129
Catlin, IL	61817
Cato, NY	13033
Catonsville, MD	21228
Catoosa, OK	74015
Catron, MO	63833
Catskill, NY	12414
Cattaraugus, NY	14719
Caulfield, MO	65626
Causey, NM	88113
Cavalier, ND	58220
Cave City, AR	72521
Cave City, KY	42127
Cave In Rock, IL	62919
Cave Junction, OR	97523
Cave Spring, GA	30124
Cave Springs, AR	72718
Cavendish, VT	05142
Cavetown, MD	21720
Cavour, SD	57324
Cawker City, KS	67430
Cawood, KY	40815
Cayce, SC	29033
Cayucos, CA	93430
Cayuga, IN	47928
Cayuga, ND	58013
Cayuga, NY	13034
Cayuga, TX	75832
Cayuta, NY	14824
Cazadero, CA	95421
Cazenovia, NY	13035
Cazenovia, WI	53924
Cebolla, NM	87518
Cecil, AL	36013
Cecil, AR	72930
Cecil, GA	31627
Cecil, OH	45821
Cecil, PA	15321
Cecil, WI	54111
Cecilia, KY	42724
Cecilia, LA	70521
Cecilton, MD	21913
Cedar Bluff, AL	35959
Cedar Bluff, VA	24609
Cedar Bluffs, NE	68015
Cedar Brook, NJ	08018
Cedar Creek, NE	68016
Cedar Creek, TX	78612
Cedar Crest, NM	87008
Cedar Falls, NC	27230
Cedar Glen, CA	92321
Cedar Grove, IN	47016
Cedar Grove, NC	27231
Cedar Grove, NJ	07009
Cedar Grove, TN	38321
Cedar Grove, WI	53013
Cedar Grove, WV	25039
Cedar Hill, MO	63016
Cedar Hill, TN	37032
Cedar Island, NC	28520
Cedar Key, FL	32625
Cedar Knolls, NJ	07927
Cedar Lake, IN	46303
Cedar Lake, MI	48812
Cedar Lane, TX	77415
Cedar Mountain, NC	28718
Cedar Point, IL	61316
Cedar Point, KS	66843
Cedar Rapids, NE	68627
Cedar Ridge, CA	95924
Cedar Run, PA	17727
Cedar Springs, GA	39832
Cedar Springs, MI	49319
Cedar Vale, KS	67024
Cedar Valley, UT	84013
Cedar, IA	52543
Cedar, KS	67628
Cedar, MI	49621
Cedar, MN	55011
Cedarbluff, MS	39741
Cedarburg, WI	53012
Cedarcreek, MO	65627
Cedaredge, CO	81413
Cedarhurst, NY	11516
Cedarpines Park, CA	92322
Cedars, PA	19423
Cedartown, GA	30125
Cedarvale, NM	87009
Cedarville, AR	72932
Cedarville, CA	96104
Cedarville, IL	61013
Cedarville, MI	49719
Cedarville, NJ	08311
Cedarville, OH	45314
Cedarville, WV	26611
Cee Vee, TX	79223
Celeste, TX	75423
Celestine, IN	47521
Celina, OH	45822
Celina, TN	38551
Celina, TX	75009
Celoron, NY	14720
Cement City, MI	49233
Cement, OK	73017
Centenary, SC	29519
Centennial, WY	82055
Center Barnstead, NH	03225
Center City, MN	55012
Center Conway, NH	03813
Center Cross, VA	22437
Center Harbor, NH	03226
Center Hill, FL	33514
Center Junction, IA	52212
Center Line, MI	48015
Center Lovell, ME	04016
Center Moriches, NY	11934
Center Ossipee, NH	03814
Center Point, IA	52213
Center Point, LA	71323
Center Point, TX	78010
Center Point, WV	26339
Center Ridge, AR	72027
Center Rutland, VT	05736
Center Sandwich, NH	03227
Center Strafford, NH	03815
Center Tuftonboro, NH	03816
Center Valley, PA	18034
Center, CO	81125
Center, KY	42214
Center, MO	63436
Center, ND	58530
Center, NE	68724
Center, TX	75935
Centerbrook, CT	06409
Centerburg, OH	43011
Centereach, NY	11720
Centerfield, UT	84622
Centerpoint, IN	47840
Centerport, NY	11721
Centerport, PA	19516
Centerton, AR	72719
Centertown, KY	42328
Centertown, MO	65023
Centerview, MO	64019
Centerville, AR	72829
Centerville, GA	31028
Centerville, IA	52544
Centerville, IN	47330
Centerville, KS	66014
Centerville, LA	70522
Centerville, MO	63633
Centerville, NY	14029
Centerville, PA	16404
Centerville, SD	57014
Centerville, TN	37033
Centerville, TX	75833
Centerville, UT	84014
Centerville, WA	98613
Centrahoma, OK	74534
Central Bridge, NY	12035
Central City, CO	80427
Central City, IA	52214
Central City, KY	42330
Central City, NE	68826
Central City, PA	15926
Central Falls, RI	02863
Central Islip, NY	11722
Central Lake, MI	49622
Central Point, OR	97502
Central Square, NY	13036
Central Valley, NY	10917
Central Village, CT	06332
Central, AK	99730
Central, AZ	85531
Central, IN	47110
Central, SC	29630
Central, UT	84722
Centralia, IL	62801
Centralia, KS	66415
Centralia, MO	65240
Centralia, TX	75834
Centralia, WA	98531
Centre Hall, PA	16828
Centre, AL	35960
Centreville, AL	35042
Centreville, MD	21617
Centreville, MI	49032
Centreville, MS	39631
Centuria, WI	54824
Century, FL	32535
Ceredo, WV	25507
Ceres, CA	95307
Ceres, NY	14721
Ceres, VA	24318
Ceresco, MI	49033
Ceresco, NE	68017
Cerrillos, NM	87010
Cerritos, CA	90703
Cerro Gordo, IL	61818
Cerro Gordo, NC	28430
Cerro, NM	87519
Cerulean, KY	42215
Ceylon, MN	56121
Chacon, NM	87713
Chadbourn, NC	28431
Chadds Ford, PA	19317
Chadron, NE	69337
Chadwick, IL	61014
Chadwick, MO	65629
Chadwicks, NY	13319
Chaffee, MO	63740
Chaffee, NY	14030
Chalfont, PA	18914
Chalk Hill, PA	15421
Chalkyitsik, AK	99788
Challenge, CA	95925
Challis, ID	83226
Chalmers, IN	47929
Chama, CO	81126
Chama, NM	87520
Chamberino, NM	88027
Chamberlain, ME	04541
Chambers, AZ	86502
Chambers, NE	68725
Chambersburg, IL	62323
Chambersville, PA	15723
Chamisal, NM	87521
Chamois, MO	65024
Champion, MI	49814
Champion, NE	69023
Champion, PA	15622
Champlain, NY	12919
Champlain, VA	22438
Champlin, MN	55316
Chana, IL	61015
Chancellor, AL	36316
Chancellor, SD	57015
Chandler, IN	47610
Chandler, MN	56122
Chandler, OK	74834
Chandler, TX	75758
Chandlers Valley, PA	16312
Chandlersville, OH	43727
Chandlerville, IL	62627
Changewater, NJ	07831
Chanhassen, MN	55317
Channahon, IL	60410
Channelview, TX	77530
Channing, MI	49815
Channing, TX	79018
Chanute, KS	66720
Chaparral, NM	88081
Chapel Hill, TN	37034
Chapin, IA	50427
Chapin, IL	62628
Chapin, SC	29036
Chaplin, CT	06235
Chaplin, KY	40012
Chapman Ranch, TX	78347
Chapman, AL	36015
Chapman, KS	67431
Chapman, NE	68827
Chapmansboro, TN	37035
Chapmanville, WV	25508
Chappaqua, NY	10514
Chappell Hill, TX	77426
Chappell, KY	40816
Chappell, NE	69129
Chappells, SC	29037
Chaptico, MD	20621
Chardon, OH	44024
Charenton, LA	70523
Chariton, IA	50049
Charlemont, MA	01339
Charleroi, PA	15022
Charles City, IA	50616
Charles City, VA	23030
Charles Town, WV	25414
Charleston AFB, SC	29404
Charleston, AR	72933
Charleston, IL	61920
Charleston, ME	04422
Charleston, MO	63834
Charleston, MS	38921
Charleston, TN	37310
Charlestown, IN	47111
Charlestown, MA	02129
Charlestown, MD	21914
Charlestown, NH	03603
Charlestown, RI	02813
Charlevoix, MI	49720
Charlo, MT	59824
Charlotte Court House, VA	23923
Charlotte Hall, MD	20622
Charlotte, AR	72522
Charlotte, IA	52731
Charlotte, MI	48813
Charlotte, TN	37036
Charlotte, TX	78011
Charlotte, VT	05445
Charlottesville, IN	46117
Charlotteville, NY	12036
Charlton City, MA	01508
Charlton Depot, MA	01509
Charlton Heights, WV	25040
Charlton, MA	01507
Charm, OH	44617
Charmco, WV	25958
Charter Oak, IA	51439
Chartley, MA	02712
Chase City, VA	23924
Chase Mills, NY	13621
Chase, KS	67524
Chase, LA	71324
Chase, MD	21027
Chase, MI	49623
Chaseburg, WI	54621
Chaseley, ND	58423
Chaska, MN	55318
Chassell, MI	49916
Chataignier, LA	70524
Chatawa, MS	39632
Chateaugay, NY	12920
Chatfield, MN	55923
Chatfield, OH	44825
Chatfield, TX	75105
Chatham, IL	62629
Chatham, LA	71226
Chatham, MA	02633
Chatham, MI	49816
Chatham, MS	38731
Chatham, NJ	07928
Chatham, NY	12037
Chatham, PA	19318
Chatham, VA	24531
Chatom, AL	36518
Chatsworth, GA	30705
Chatsworth, IA	51011
Chatsworth, IL	60921
Chatsworth, NJ	08019
Chattahoochee, FL	32324
Chattanooga, OK	73528
Chattaroy, WA	99003
Chattaroy, WV	25667
Chaumont, NY	13622
Chauncey, GA	31011
Chauncey, OH	45719
Chauncey, WV	25612
Chautauqua, KS	67334
Chautauqua, NY	14722
Chauvin, LA	70344
Chavies, KY	41727
Chazy, NY	12921
Chebanse, IL	60922
Chebeague Island, ME	04017
Cheboygan, MI	49721
Check, VA	24072
Checotah, OK	74426
Chefornak, AK	99561
Chehalis, WA	98532
Chelan Falls, WA	98817
Chelan, WA	98816
Chelmsford, MA	01824
Chelsea, AL	35043
Chelsea, IA	52215
Chelsea, MA	02150
Chelsea, MI	48118
Chelsea, NY	12512
Chelsea, OK	74016
Chelsea, VT	05038
Cheltenham, MD	20623
Cheltenham, PA	19012
Chemult, OR	97731
Chemung, NY	14825
Chenango Bridge, NY	13745
Chenango Forks, NY	13746
Cheney, KS	67025
Cheney, WA	99004
Cheneyville, LA	71325
Chenoa, IL	61726
Chepachet, RI	02814
Cheraw, CO	81030
Cheraw, SC	29520
Cheriton, VA	23316
Cherokee, AL	35616
Cherokee, IA	51012
Cherokee, KS	66724
Cherokee, NC	28719
Cherokee, OK	73728
Cherokee, TX	76832
Cherry Creek, NY	14723
Cherry Creek, SD	57622
Cherry Fork, OH	45618
Cherry Log, GA	30522
Cherry Plain, NY	12040
Cherry Point, NC	28533
Cherry Tree, PA	15724
Cherry Valley, AR	72324
Cherry Valley, IL	61016
Cherry Valley, MA	01611
Cherry Valley, NY	13320
Cherry, IL	61317
Cherryfield, ME	04622
Cherryvale, KS	67335
Cherryville, MO	65446
Cherryville, NC	28021
Cherryville, PA	18035
Chesaning, MI	48616
Chesapeake Beach, MD	20732
Chesapeake City, MD	21915
Chesapeake, OH	45619
Cheshire, MA	01225
Cheshire, OH	45620
Cheshire, OR	97419
Chesnee, SC	29323
Chest Springs, PA	16624
Chester Depot, VT	05144
Chester Gap, VA	22623
Chester Heights, PA	19017
Chester Springs, PA	19425
Chester, AR	72934
Chester, CA	96020
Chester, CT	06412
Chester, GA	31012
Chester, IA	52134
Chester, ID	83421
Chester, IL	62233
Chester, MA	01011
Chester, MD	21619
Chester, MT	59522
Chester, NE	68327
Chester, NH	03036
Chester, NJ	07930
Chester, NY	10918
Chester, OH	45720
Chester, OK	73838
Chester, SC	29706
Chester, SD	57016
Chester, TX	75936
Chester, UT	84623
Chester, VT	05143
Chester, WV	26034
Chesterfield, IL	62630
Chesterfield, MA	01012
Chesterfield, NH	03443
Chesterfield, NJ	08515
Chesterfield, SC	29709
Chesterhill, OH	43728
Chesterland, OH	44026
Chesterton, IN	46304
Chestertown, NY	12817
Chesterville, OH	43317
Chestnut Hill, MA	02467
Chestnut Mound, TN	38552
Chestnut Mountain, GA	30502
Chestnut Ridge, PA	15422
Chestnut, IL	62518
Chestnutridge, MO	65630
Cheswick, PA	15024
Cheswold, DE	19936
Chetek, WI	54728
Chetopa, KS	67336
Chevak, AK	99563
Chewalla, TN	38393
Chewelah, WA	99109
Chewsville, MD	21721
Cheyenne Wells, CO	80810
Cheyenne, OK	73628
Cheyney, PA	19319
Chicago Park, CA	95712
Chicago Ridge, IL	60415
Chichester, NH	03258
Chichester, NY	12416
Chickamauga, GA	30707
Chickasaw, OH	45826
Chicken, AK	99732
Chico, TX	76431
Chicora, PA	16025
Chicota, TX	75425
Chidester, AR	71726
Chignik Lagoon, AK	99565
Chignik Lake, AK	99548
Chignik, AK	99564
Chilcoot, CA	96105
Childersburg, AL	35044
Childress, TX	79201
Childs, MD	21916
Childwold, NY	12922
Chilhowee, MO	64733
Chilhowie, VA	24319
Chili, WI	54420
Chillicothe, IA	52548
Chillicothe, IL	61523
Chillicothe, MO	64601
Chillicothe, OH	45601
Chillicothe, TX	79225
Chilmark, MA	02535
Chilo, OH	45112
Chiloquin, OR	97624
Chilton, TX	76632
Chilton, WI	53014
Chimacum, WA	98325
Chimayo, NM	87522
Chimney Rock, CO	81127
Chimney Rock, NC	28720
China Grove, NC	28023
China Spring, TX	76633
China Village, ME	04926
China, TX	77613
Chinchilla, PA	18410
Chincoteague Island, VA	23336
Chinese Camp, CA	95309
Chinle, AZ	86503
Chino Hills, CA	91709
Chino Valley, AZ	86323
Chinook, MT	59523
Chinook, WA	98614
Chinquapin, NC	28521
Chipley, FL	32428
Chippewa Bay, NY	13623
Chippewa Lake, MI	49320
Chippewa Lake, OH	44215
Chireno, TX	75937
Chisago City, MN	55013
Chisholm, MN	55719
Chitina, AK	99566
Chittenango, NY	13037
Chittenden, VT	05737
Chloe, WV	25235
Chloride, AZ	86431
Choccolocco, AL	36254
Chocorua, NH	03817
Chocowinity, NC	27817
Choctaw, AR	72028
Choctaw, OK	73020
Chokio, MN	56221
Chokoloskee, FL	34138
Choteau, MT	59422
Choudrant, LA	71227
Chouteau, OK	74337
Chowchilla, CA	93610
Chriesman, TX	77838
Chrisman, IL	61924
Chrisney, IN	47611
Christchurch, VA	23031
Christiana, PA	17509
Christiana, TN	37037
Christiansburg, OH	45389
Christine, ND	58015
Christine, TX	78012
Christmas Valley, OR	97641
Christmas, FL	32709
Christopher, IL	62822
Christoval, TX	76935
Chromo, CO	81128
Chualar, CA	93925
Chuckey, TN	37641
Chugiak, AK	99567
Chugwater, WY	82210
Chula, GA	31733
Chula, MO	64635
Chunchula, AL	36521
Chunky, MS	39323
Church Creek, MD	21622
Church Hill, MD	21623
Church Hill, TN	37642
Church Point, LA	70525
Church Road, VA	23833
Church Rock, NM	87311
Church View, VA	23032
Churchs Ferry, ND	58325
Churchton, MD	20733
Churchville, MD	21028
Churchville, NY	14428
Churchville, VA	24421
Churdan, IA	50050
Churubusco, IN	46723
Churubusco, NY	12923
Cibecue, AZ	85911
Cibola, AZ	85328
Cibolo, TX	78108
Cicero, IL	60804
Cicero, IN	46034
Cicero, NY	13039
Cima, CA	92323
Cimarron, CO	81220
Cimarron, KS	67835
Cimarron, NM	87714
Cincinnati, IA	52549
Cincinnatus, NY	13040
Cinebar, WA	98533
Circle Pines, MN	55014
Circle, AK	99733
Circle, MT	59215
Circleville, KS	66416
Circleville, NY	10919
Circleville, OH	43113
Circleville, UT	84723
Circleville, WV	26804
Cisco, GA	30708
Cisco, IL	61830
Cisco, TX	76437
Cisco, UT	84515
Cisne, IL	62823
Cissna Park, IL	60924
Citra, FL	32113
Citronelle, AL	36522
Clackamas, OR	97015
Claflin, KS	67525
Claiborne, MD	21624
Claire City, SD	57224
Clairfield, TN	37715
Clairton, PA	15025
Clallam Bay, WA	98326
Clam Gulch, AK	99568
Clam Lake, WI	54517
Clancy, MT	59634
Clara City, MN	56222
Clara, MS	39324
Clarcona, FL	32710
Clare, IA	50524
Clare, IL	60111
Clare, MI	48617
Claremont, CA	91711
Claremont, IL	62421
Claremont, MN	55924
Claremont, NC	28610
Claremont, NH	03743
Claremont, SD	57432
Claremont, VA	23899
Clarence Center, NY	14032
Clarence, IA	52216
Clarence, LA	71414
Clarence, MO	63437
Clarence, NY	14031
Clarence, PA	16829
Clarendon Hills, IL	60514
Clarendon, AR	72029
Clarendon, NC	28432
Clarendon, NY	14429
Clarendon, PA	16313
Clarendon, TX	79226
Claridge, PA	15623
Clarinda, IA	51632
Clarington, OH	43915
Clarington, PA	15828
Clarion, PA	16214
Clarissa, MN	56440
Clarita, OK	74535
Clark Fork, ID	83811
Clark Mills, NY	13321
Clark, CO	80428
Clark, MO	65243
Clark, NJ	07066
Clark, PA	16113
Clark, SD	57225
Clarkdale, AZ	86324
Clarkdale, GA	30111
Clarkedale, AR	72325
Clarkesville, GA	30523
Clarkfield, MN	56223
Clarkia, ID	83812
Clarklake, MI	49234
Clarkrange, TN	38553
Clarkridge, AR	72623
Clarks Grove, MN	56016
Clarks Hill, IN	47930
Clarks Hill, SC	29821
Clarks Mills, PA	16114
Clarks Point, AK	99569
Clarks Summit, PA	18411
Clarks, LA	71415
Clarks, NE	68628
Clarksboro, NJ	08020
Clarksburg, CA	95612
Clarksburg, IN	47225
Clarksburg, MD	20871
Clarksburg, MO	65025
Clarksburg, OH	43115
Clarksburg, PA	15725
Clarksburg, TN	38324
Clarksdale, MO	64430
Clarksdale, MS	38614
Clarkson, KY	42726
Clarkson, NE	68629
Clarkson, NY	14430
Clarkston, GA	30021
Clarkston, UT	84305
Clarkston, WA	99403
Clarksville, AR	72830
Clarksville, FL	32430
Clarksville, IA	50619
Clarksville, IN	47129
Clarksville, MD	21029
Clarksville, MI	48815
Clarksville, MO	63336
Clarksville, NY	12041
Clarksville, OH	45113
Clarksville, PA	15322
Clarksville, TX	75426
Clarksville, VA	23927
Clarkton, MO	63837
Clarkton, NC	28433
Claryville, NY	12725
Clatonia, NE	68328
Clatskanie, OR	97016
Claude, TX	79019
Claudville, VA	24076
Claunch, NM	87011
Claverack, NY	12513
Clawson, MI	48017
Clawson, UT	84516
Claxton, GA	30417
Clay Center, KS	67432
Clay Center, NE	68933
Clay Center, OH	43408
Clay City, IL	62824
Clay City, IN	47841
Clay City, KY	40312
Clay Springs, AZ	85923
Clay, AL	35048
Clay, KY	42404
Clay, NY	13041
Clay, WV	25043
Clayhole, KY	41317
Claymont, DE	19703
Claypool, AZ	85532
Claypool, IN	46510
Claysburg, PA	16625
Claysville, PA	15323
Clayton Lake, ME	04737
Clayton, AL	36016
Clayton, CA	94517
Clayton, DE	19938
Clayton, GA	30525
Clayton, ID	83227
Clayton, IL	62324
Clayton, IN	46118
Clayton, KS	67629
Clayton, LA	71326
Clayton, MI	49235
Clayton, NJ	08312
Clayton, NM	88415
Clayton, NY	13624
Clayton, OH	45315
Clayton, OK	74536
Clayton, TX	75637
Clayton, WA	99110
Clayton, WI	54004
Claytonville, IL	60926
Clayville, NY	13322
Clayville, RI	02815
Cle Elum, WA	98922
Clear Brook, VA	22624
Clear Creek, IN	47426
Clear Creek, WV	25044
Clear Fork, WV	24822
Clear Lake, IA	50428
Clear Lake, MN	55319
Clear Lake, SD	57226
Clear Lake, WI	54005
Clear Spring, MD	21722
Clear, AK	99704
Clearbrook, MN	56634
Clearfield, IA	50840
Clearfield, KY	40313
Clearfield, PA	16830
Clearlake Oaks, CA	95423
Clearlake Park, CA	95424
Clearlake, CA	95422
Clearlake, WA	98235
Clearmont, MO	64431
Clearmont, WY	82835
Clearview City, KS	66019
Clearville, PA	15535
Clearwater Beach, FL	33767
Clearwater, KS	67026
Clearwater, MN	55320
Clearwater, NE	68726
Clearwater, SC	29822
Cleaton, KY	42332
Cleghorn, IA	51014
Clementon, NJ	08021
Clements, CA	95227
Clements, MD	20624
Clements, MN	56224
Clemmons, NC	27012
Clemons, IA	50051
Clemons, NY	12819
Clendenin, WV	25045
Cleo Springs, OK	73729
Clermont, GA	30527
Clermont, IA	52135
Clermont, KY	40110
Cleveland, AL	35049
Cleveland, AR	72030
Cleveland, GA	30528
Cleveland, MN	56017
Cleveland, MO	64734
Cleveland, NC	27013
Cleveland, ND	58424
Cleveland, NM	87715
Cleveland, NY	13042
Cleveland, OK	74020
Cleveland, SC	29635
Cleveland, UT	84518
Cleveland, VA	24225
Cleveland, WI	53015
Cleveland, WV	26215
Clever, MO	65631
Cleverdale, NY	12820
Cleves, OH	45002
Clewiston, FL	33440
Cliff Island, ME	04019
Cliff, NM	88028
Clifford, IN	47226
Clifford, MI	48727
Clifford, ND	58016
Clifford, PA	18413
Clifford, VA	24533
Cliffside Park, NJ	07010
Cliffside, NC	28024
Cliffwood, NJ	07721
Clifton Forge, VA	24422
Clifton Heights, PA	19018
Clifton Hill, MO	65244
Clifton Park, NY	12065
Clifton Springs, NY	14432
Clifton, AZ	85533
Clifton, CO	81520
Clifton, ID	83228
Clifton, IL	60927
Clifton, KS	66937
Clifton, OH	45316
Clifton, SC	29324
Clifton, TN	38425
Clifton, TX	76634
Clifton, VA	20124
Clifty, KY	42216
Climax Springs, MO	65324
Climax, CO	80429
Climax, GA	39834
Climax, MI	49034
Climax, MN	56523
Climax, NC	27233
Climax, NY	12042
Climbing Hill, IA	51015
Clinchco, VA	24226
Clinchfield, GA	31013
Clines Corners, NM	87070
Clint, TX	79836
Clinton Corners, NY	12514
Clinton, AL	35448
Clinton, AR	72031
Clinton, CT	06413
Clinton, IL	61727
Clinton, IN	47842
Clinton, KY	42031
Clinton, LA	70722
Clinton, MA	01510
Clinton, MD	20735
Clinton, ME	04927
Clinton, MI	49236
Clinton, MN	56225
Clinton, MO	64735
Clinton, MT	59825
Clinton, NJ	08809
Clinton, NY	13323
Clinton, OH	44216
Clinton, OK	73601
Clinton, PA	15026
Clinton, SC	29325
Clinton, WA	98236
Clinton, WI	53525
Clintondale, NY	12515
Clintonville, PA	16372
Clintonville, WI	54929
Clintwood, VA	24228
Clio, AL	36017
Clio, CA	96106
Clio, IA	50052
Clio, MI	48420
Clio, SC	29525
Clipper Mills, CA	95930
Clitherall, MN	56524
Clive, IA	50325
Clockville, NY	13043
Clontarf, MN	56226
Clopton, AL	36317
Cloquet, MN	55720
Closplint, KY	40927
Closter, NJ	07624
Clothier, WV	25047
Cloudcroft, NM	88317
Cloutierville, LA	71416
Clover, SC	29710
Clover, VA	24534
Cloverdale, AL	35617
Cloverdale, CA	95425
Cloverdale, IN	46120
Cloverdale, MI	49035
Cloverdale, OH	45827
Cloverdale, OR	97112
Cloverdale, VA	24077
Cloverport, KY	40111
Clubb, MO	63934
Clune, PA	15727
Cluster Springs, VA	24535
Clute, TX	77531
Clutier, IA	52217
Clyde Park, MT	59018
Clyde, KS	66938
Clyde, MO	64432
Clyde, NC	28721
Clyde, NY	14433
Clyde, OH	43410
Clyde, TX	79510
Clyman, WI	53016
Clymer, NY	14724
Clymer, PA	15728
Clyo, GA	31303
Coachella, CA	92236
Coahoma, MS	38617
Coahoma, TX	79511
Coal Center, PA	15423
Coal City, IL	60416
Coal City, IN	47427
Coal City, WV	25823
Coal Creek, CO	81221
Coal Hill, AR	72832
Coal Mountain, WV	24823
Coal Run, OH	45721
Coal Township, PA	17866
Coal Valley, IL	61240
Coaldale, CO	81222
Coaldale, PA	18218
Coalfield, TN	37719
Coalgate, OK	74538
Coalgood, KY	40818
Coaling, AL	35449
Coalinga, CA	93210
Coalmont, CO	80430
Coalmont, IN	47845
Coalmont, TN	37313
Coalport, PA	16627
Coalton, OH	45621
Coalton, WV	26257
Coalville, UT	84017
Coarsegold, CA	93614
Coatesville, IN	46121
Coatesville, PA	19320
Coats, KS	67028
Coats, NC	27521
Coatsburg, IL	62325
Coatsville, MO	63535
Cobalt, CT	06414
Cobalt, ID	83229
Cobb Island, MD	20625
Cobb, CA	95426
Cobb, GA	31735
Cobb, WI	53526
Cobbs Creek, VA	23035
Cobbtown, GA	30420
Cobden, IL	62920
Cobleskill, NY	12043
Coburn, PA	16832
Cochise, AZ	85606
Cochiti Lake, NM	87083
Cochiti Pueblo, NM	87072
Cochran, GA	31014
Cochrane, WI	54622
Cochranton, PA	16314
Cochranville, PA	19330
Cockeysville, MD	21030
Cocolalla, ID	83813
Cocolamus, PA	17014
Coconut Creek, FL	33097
Coden, AL	36523
Codorus, PA	17311
Cody, NE	69211
Cody, WY	82414
Coeburn, VA	24230
Coello, IL	62825
Coeymans Hollow, NY	12046
Coeymans, NY	12045
Coffee Creek, MT	59424
Coffee Springs, AL	36318
Coffeen, IL	62017
Coffeeville, AL	36524
Coffeeville, MS	38922
Coffey, MO	64636
Coffeyville, KS	67337
Coffman Cove, AK	99918
Cofield, NC	27922
Cogan Station, PA	17728
Coggon, IA	52218
Cogswell, ND	58017
Cohagen, MT	59322
Cohasset, MA	02025
Cohasset, MN	55721
Cohoctah, MI	48816
Cohocton, NY	14826
Cohoes, NY	12047
Cohutta, GA	30710
Coila, MS	38923
Coin, IA	51636
Coinjock, NC	27923
Cokato, MN	55321
Cokeburg, PA	15324
Coker Creek, TN	37314
Coker, AL	35452
Cokeville, WY	83114
Colbert, GA	30628
Colbert, OK	74733
Colbert, WA	99005
Colburn, ID	83865
Colby, KS	67701
Colby, WI	54421
Colchester, CT	06415
Colchester, IL	62326
Colcord, OK	74338
Colcord, WV	25048
Cold Bay, AK	99571
Cold Brook, NY	13324
Cold Spring Harbor, NY	11724
Cold Spring, MN	56320
Cold Spring, NY	10516
Colden, NY	14033
Coldiron, KY	40819
Coldspring, TX	77331
Coldwater, KS	67029
Coldwater, MI	49036
Coldwater, MS	38618
Coldwater, OH	45828
Cole Camp, MO	65325
Colebrook, CT	06021
Colebrook, NH	03576
Coleharbor, ND	58531
Coleman Falls, VA	24536
Coleman, FL	33521
Coleman, GA	39836
Coleman, MI	48618
Coleman, OK	73432
Coleman, TX	76834
Coleman, WI	54112
Colerain, NC	27924
Colerain, OH	43916
Coleraine, MN	55722
Coleridge, NE	68727
Coles Point, VA	22442
Colesburg, IA	52035
Coleville, CA	96107
Colfax, CA	95713
Colfax, IA	50054
Colfax, IL	61728
Colfax, IN	46035
Colfax, LA	71417
Colfax, NC	27235
Colfax, ND	58018
Colfax, WA	99111
Colfax, WI	54730
Colfax, WV	26566
Colgate, WI	53017
Collbran, CO	81624
College Corner, OH	45003
College Grove, TN	37046
College Place, WA	99324
College Point, NY	11356
College Springs, IA	51637
College Station, AR	72053
Collegedale, TN	37315
Collegeport, TX	77428
Collegeville, MN	56321
Collegeville, PA	19426
Collettsville, NC	28611
Colleyville, TX	76034
Colliers, WV	26035
Colliersville, NY	13747
Collingswood, NJ	08108
Collins Center, NY	14035
Collins, GA	30421
Collins, IA	50055
Collins, MO	64738
Collins, MS	39428
Collins, NY	14034
Collins, OH	44826
Collins, WI	54207
Collinston, LA	71229
Collinston, UT	84306
Collinsville, AL	35961
Collinsville, CT	06022
Collinsville, IL	62234
Collinsville, MS	39325
Collinsville, OH	45004
Collinsville, OK	74021
Collinsville, TX	76233
Collinsville, VA	24078
Collinwood, TN	38450
Collison, IL	61831
Collyer, KS	67631
Colman, SD	57017
Colmar, PA	18915
Colmesneil, TX	75938
Colo, IA	50056
Cologne, MN	55322
Cologne, NJ	08213
Coloma, CA	95613
Coloma, MI	49038
Coloma, WI	54930
Colome, SD	57528
Colon, MI	49040
Colon, NE	68018
Colona, IL	61241
Colonia, NJ	07067
Colonial Beach, VA	22443
Colonial Heights, VA	23834
Colony, KS	66015
Colony, OK	73021
Colora, MD	21917
Colorado City, AZ	86021
Colorado City, CO	81019
Colorado City, TX	79512
Colp, IL	62921
Colquitt, GA	39837
Colrain, MA	01340
Colstrip, MT	59323
Colt, AR	72326
Colton, CA	92324
Colton, NY	13625
Colton, OH	43510
Colton, OR	97017
Colton, SD	57018
Colton, WA	99113
Coltons Point, MD	20626
Colts Neck, NJ	07722
Columbia City, IN	46725
Columbia City, OR	97018
Columbia Cross Roads, PA	16914
Columbia Falls, ME	04623
Columbia Falls, MT	59912
Columbia Station, OH	44028
Columbia, AL	36319
Columbia, CA	95310
Columbia, CT	06237
Columbia, IA	50057
Columbia, IL	62236
Columbia, KY	42728
Columbia, LA	71418
Columbia, MS	39429
Columbia, NC	27925
Columbia, NJ	07832
Columbia, PA	17512
Columbia, SD	57433
Columbia, VA	23038
Columbiana, AL	35051
Columbiana, OH	44408
Columbiaville, MI	48421
Columbiaville, NY	12050
Columbus City, IA	52737
Columbus Grove, OH	45830
Columbus Junction, IA	52738
Columbus, AR	71831
Columbus, KS	66725
Columbus, KY	42032
Columbus, MI	48063
Columbus, MT	59019
Columbus, NC	28722
Columbus, ND	58727
Columbus, NJ	08022
Columbus, NM	88029
Columbus, PA	16405
Columbus, TX	78934
Columbus, WI	53925
Colusa, CA	95932
Colusa, IL	62329
Colver, PA	15927
Colville, WA	99114
Colwell, IA	50620
Colwich, KS	67030
Comanche, OK	73529
Comanche, TX	76442
Combes, TX	78535
Combined Locks, WI	54113
Combs, AR	72721
Combs, KY	41729
Comer, GA	30629
Comfort, NC	28522
Comfort, TX	78013
Comfort, WV	25049
Comfrey, MN	56019
Comins, MI	48619
Commack, NY	11725
Commerce Township, MI	48382
Commerce, CA	90140
Commerce, MO	63742
Commerce, OK	74339
Commercial Point, OH	43116
Commiskey, IN	47227
Commodore, PA	15729
Como, CO	80432
Como, MS	38619
Como, NC	27818
Como, TN	38223
Como, TX	75431
Comptche, CA	95427
Compton, AR	72624
Compton, IL	61318
Compton, MD	20627
Comstock Park, MI	49321
Comstock, MI	49041
Comstock, MN	56525
Comstock, NE	68828
Comstock, NY	12821
Comstock, TX	78837
Comstock, WI	54826
Conasauga, TN	37316
Concan, TX	78838
Concepcion, TX	78349
Conception Junction, MO	64434
Conception, MO	64433
Conchas Dam, NM	88416
Concho, AZ	85924
Concho, OK	73022
Conconully, WA	98819
Concord, AR	72523
Concord, GA	30206
Concord, IL	62631
Concord, MA	01742
Concord, MI	49237
Concord, NE	68728
Concord, PA	17217
Concord, TX	77850
Concord, VA	24538
Concord, VT	05824
Concordia, KS	66901
Concordia, MO	64020
Concrete, WA	98237
Conda, ID	83230
Conde, SD	57434
Condon, MT	59826
Condon, OR	97823
Conehatta, MS	39057
Conejos, CO	81129
Conestee, SC	29636
Conestoga, PA	17516
Conesus, NY	14435
Conesville, IA	52739
Conesville, OH	43811
Conetoe, NC	27819
Conewango Valley, NY	14726
Confluence, PA	15424
Conger, MN	56020
Congers, NY	10920
Congerville, IL	61729
Congress, AZ	85332
Conifer, CO	80433
Conklin, MI	49403
Conklin, NY	13748
Conley, GA	30288
Conneaut Lake, PA	16316
Conneaut, OH	44030
Conneautville, PA	16406
Connell, WA	99326
Connellsville, PA	15425
Connelly Springs, NC	28612
Connelly, NY	12417
Conner, MT	59827
Connersville, IN	47331
Connerville, OK	74836
Connoquenessing, PA	16027
Conover, NC	28613
Conover, OH	45317
Conover, WI	54519
Conowingo, MD	21918
Conrad, IA	50621
Conrad, MT	59425
Conrath, WI	54731
Conroy, IA	52220
Constable, NY	12926
Constableville, NY	13325
Constantia, NY	13044
Constantine, MI	49042
Continental Divide, NM	87312
Continental, OH	45831
Contoocook, NH	03229
Convent Station, NJ	07961
Convent, LA	70723
Converse, IN	46919
Converse, LA	71419
Converse, SC	29329
Converse, TX	78109
Convoy, OH	45832
Conway Springs, KS	67031
Conway, MA	01341
Conway, MI	49722
Conway, MO	65632
Conway, NC	27820
Conway, NH	03818
Conway, PA	15027
Conway, WA	98238
Conyngham, PA	18219
Cook Springs, AL	35052
Cook Sta, MO	65449
Cook, MN	55723
Cook, NE	68329
Cooke City, MT	59020
Cooks, MI	49817
Cooksburg, PA	16217
Cookson, OK	74427
Cookstown, NJ	08511
Cooksville, IL	61730
Cooksville, MD	21723
Cookville, TX	75558
Cool Ridge, WV	25825
Cool, CA	95614
Cooleemee, NC	27014
Coolidge, GA	31738
Coolidge, KS	67836
Coolidge, TX	76635
Coolin, ID	83821
Coolspring, PA	15730
Coolville, OH	45723
Coon Rapids, IA	50058
Coon Valley, WI	54623
Cooper Landing, AK	99572
Cooper, IA	50059
Cooper, TX	75432
Coopers Mills, ME	04341
Coopers Plains, NY	14827
Coopersburg, PA	18036
Cooperstown, ND	58425
Cooperstown, NY	13326
Cooperstown, PA	16317
Coopersville, MI	49404
Coos Bay, OR	97420
Coosa, GA	30129
Coosada, AL	36020
Coosawhatchie, SC	29912
Cooter, MO	63839
Copake Falls, NY	12517
Copake, NY	12516
Copalis Beach, WA	98535
Copalis Crossing, WA	98536
Copan, OK	74022
Cope, CO	80812
Cope, SC	29038
Copeland, FL	34137
Copeland, KS	67837
Copemish, MI	49625
Copen, WV	26615
Copenhagen, NY	13626
Copeville, TX	75121
Copiague, NY	11726
Coplay, PA	18037
Copper Center, AK	99573
Copper City, MI	49917
Copper Harbor, MI	49918
Copper Hill, VA	24079
Copperas Cove, TX	76522
Copperhill, TN	37317
Copperopolis, CA	95228
Coquille, OR	97423
Cora, WV	25614
Cora, WY	82925
Coral Gables, FL	33114
Coral, MI	49322
Coral, PA	15731
Coralville, IA	52241
Coram, MT	59913
Coram, NY	11727
Coraopolis, PA	15108
Corapeake, NC	27926
Corbett, OR	97019
Corbettsville, NY	13749
Corbin, VA	22446
Corcoran, CA	93212
Cord, AR	72524
Cordell, OK	73632
Corder, MO	64021
Cordesville, SC	29434
Cordova, AK	99574
Cordova, AL	35550
Cordova, IL	61242
Cordova, MD	21625
Cordova, NC	28330
Cordova, NE	68330
Cordova, NM	87523
Cordova, SC	29039
Corea, ME	04624
Corfu, NY	14036
Corinna, ME	04928
Corinne, UT	84307
Corinne, WV	25826
Corinth, KY	41010
Corinth, ME	04427
Corinth, NY	12822
Corinth, VT	05039
Corn, OK	73024
Cornelia, GA	30531
Cornelius, NC	28031
Cornelius, OR	97113
Cornell, IL	61319
Cornell, MI	49818
Cornell, WI	54732
Cornersville, TN	37047
Cornettsville, KY	41731
Corning, AR	72422
Corning, CA	96021
Corning, IA	50841
Corning, KS	66417
Corning, OH	43730
Cornish Flat, NH	03746
Cornish, ME	04020
Cornish, NH	03745
Cornish, UT	84308
Cornland, IL	62519
Cornucopia, WI	54827
Cornville, AZ	86325
Cornwall Bridge, CT	06754
Cornwall On Hudson, NY	12520
Cornwall, CT	06753
Cornwall, NY	12518
Cornwall, PA	17016
Cornwallville, NY	12418
Corolla, NC	27927
Corona Del Mar, CA	92625
Corona, NM	88318
Corona, NY	11368
Corona, SD	57227
Corral, ID	83322
Corrales, NM	87048
Correctionville, IA	51016
Correll, MN	56227
Corrigan, TX	75939
Corriganville, MD	21524
Corry, PA	16407
Corryton, TN	37721
Corsica, PA	15829
Corsica, SD	57328
Cortaro, AZ	85652
Cortez, CO	81321
Cortez, FL	34215
Cortland, IL	60112
Cortland, IN	47228
Cortland, NE	68331
Cortland, NY	13045
Cortland, OH	44410
Cortlandt Manor, NY	10567
Corunna, IN	46730
Corunna, MI	48817
Corvallis, MT	59828
Corwith, IA	50430
Cory, CO	81414
Cory, IN	47846
Corydon, IA	50060
Corydon, IN	47112
Corydon, KY	42406
Cos Cob, CT	06807
Cosby, MO	64436
Cosby, TN	37722
Coshocton, OH	43812
Cosmopolis, WA	98537
Cosmos, MN	56228
Cossayuna, NY	12823
Cost, TX	78614
Costa, WV	25051
Costilla, NM	87524
Cotati, CA	94931
Cotopaxi, CO	81223
Cottage Grove, MN	55016
Cottage Grove, TN	38224
Cottage Grove, WI	53527
Cottage Hills, IL	62018
Cottageville, SC	29435
Cottageville, WV	25239
Cottekill, NY	12419
Cotter, AR	72626
Cottleville, MO	63338
Cotton Center, TX	79021
Cotton Plant, AR	72036
Cotton Valley, LA	71018
Cotton, GA	31739
Cotton, MN	55724
Cottondale, AL	35453
Cottondale, FL	32431
Cottonport, LA	71327
Cottonton, AL	36851
Cottontown, TN	37048
Cottonwood Falls, KS	66845
Cottonwood, AL	36320
Cottonwood, AZ	86326
Cottonwood, CA	96022
Cottonwood, ID	83522
Cottonwood, MN	56229
Cotuit, MA	02635
Cotulla, TX	78014
Couch, MO	65690
Couderay, WI	54828
Coudersport, PA	16915
Cougar, WA	98616
Coulee City, WA	99115
Coulee Dam, WA	99116
Coulter, IA	50431
Coulters, PA	15028
Coulterville, CA	95311
Coulterville, IL	62237
Counce, TN	38326
Council Grove, KS	66846
Council Hill, OK	74428
Council, ID	83612
Council, NC	28434
Counselor, NM	87018
Country Club Hills, IL	60478
Countyline, OK	73425
Coupeville, WA	98239
Coupland, TX	78615
Coupon, PA	16629
Courtenay, ND	58426
Courtland, AL	35618
Courtland, CA	95615
Courtland, KS	66939
Courtland, MN	56021
Courtland, MS	38620
Courtland, VA	23837
Coushatta, LA	71019
Cove City, NC	28523
Cove, AR	71937
Cove, OR	97824
Covel, WV	24719
Covelo, CA	95428
Coventry, CT	06238
Coventry, RI	02816
Coventry, VT	05825
Covert, MI	49043
Covesville, VA	22931
Covington, IN	47932
Covington, MI	49919
Covington, OH	45318
Covington, OK	73730
Covington, PA	16917
Covington, TN	38019
Covington, TX	76636
Covington, VA	24426
Cowan, TN	37318
Cowanesque, PA	16918
Cowansville, PA	16218
Coward, SC	29530
Cowarts, AL	36321
Cowden, IL	62422
Cowdrey, CO	80434
Cowen, WV	26206
Coweta, OK	74429
Cowgill, MO	64637
Cowiche, WA	98923
Cowlesville, NY	14037
Cowley, WY	82420
Cowpens, SC	29330
Coxs Creek, KY	40013
Coxs Mills, WV	26342
Coxsackie, NY	12051
Coy, AL	36435
Coy, AR	72037
Coyanosa, TX	79730
Coyle, OK	73027
Coyote, CA	95013
Coyote, NM	87012
Cozad, NE	69130
Crab Orchard, KY	40419
Crab Orchard, NE	68332
Crab Orchard, TN	37723
Crab Orchard, WV	25827
Crabtree, OR	97335
Crabtree, PA	15624
Craddockville, VA	23341
Craftsbury Common, VT	05827
Craftsbury, VT	05826
Cragford, AL	36255
Cragsmoor, NY	12420
Craig, AK	99921
Craig, MO	64437
Craig, NE	68019
Craigmont, ID	83523
Craigsville, VA	24430
Craigsville, WV	26205
Craigville, IN	46731
Craley, PA	17312
Cramerton, NC	28032
Cranberry Isles, ME	04625
Cranberry Lake, NY	12927
Cranberry Township, PA	16066
Cranberry, PA	16319
Cranbury, NJ	08512
Crandall, GA	30711
Crandall, IN	47114
Crandall, TX	75114
Crandon, WI	54520
Crane Hill, AL	35053
Crane Lake, MN	55725
Crane, IN	47522
Crane, MO	65633
Crane, MT	59217
Crane, OR	97732
Crane, TX	79731
Cranesville, PA	16410
Cranfills Gap, TX	76637
Cranford, NJ	07016
Cranks, KY	40820
Crapo, MD	21626
Crary, ND	58327
Craryville, NY	12521
Crater Lake, OR	97604
Crawford, CO	81415
Crawford, GA	30630
Crawford, MS	39743
Crawford, NE	69339
Crawford, OK	73638
Crawford, TN	38554
Crawford, TX	76638
Crawford, WV	26343
Crawfordsville, AR	72327
Crawfordsville, IA	52621
Crawfordsville, OR	97336
Crawfordville, GA	30631
Crawley, WV	24931
Crayne, KY	42033
Creal Springs, IL	62922
Cream Ridge, NJ	08514
Creamery, PA	19430
Creede, CO	81130
Creekside, PA	15732
Creighton, MO	64739
Creighton, NE	68729
Creighton, PA	15030
Crenshaw, MS	38621
Creola, AL	36525
Creola, OH	45622
Creole, LA	70632
Cresbard, SD	57435
Crescent City, FL	32112
Crescent City, IL	60928
Crescent Lake, OR	97425
Crescent Mills, CA	95934
Crescent Valley, NV	89821
Crescent, GA	31304
Crescent, IA	51526
Crescent, OK	73028
Crescent, OR	97733
Crescent, PA	15046
Cresco, IA	52136
Cresco, PA	18326
Cressey, CA	95312
Cresskill, NJ	07626
Cresson, TX	76035
Cressona, PA	17929
Crest Hill, IL	60403
Crest Park, CA	92326
Crestline, CA	92325
Crestline, KS	66728
Crestline, OH	44827
Creston, CA	93432
Creston, IA	50801
Creston, IL	60113
Creston, NC	28615
Creston, NE	68631
Creston, OH	44217
Creston, WA	99117
Creston, WV	26141
Crestone, CO	81131
Crestwood, IL	60418
Crestwood, KY	40014
Creswell, NC	27928
Creswell, OR	97426
Crete, IL	60417
Crete, NE	68333
Creve Coeur, IL	61610
Crewe, VA	23930
Criders, VA	22820
Crimora, VA	24431
Cripple Creek, CO	80813
Cripple Creek, VA	24322
Crisfield, MD	21817
Crittenden, KY	41030
Crittenden, NY	14038
Critz, VA	24082
Crivitz, WI	54114
Crocheron, MD	21627
Crocker, MO	65452
Crockett Mills, TN	38021
Crockett, CA	94525
Crockett, KY	41413
Crockett, TX	75835
Crockett, VA	24323
Crocketts Bluff, AR	72038
Crocketville, SC	29913
Crofton, KY	42217
Crofton, MD	21114
Crofton, NE	68730
Croghan, NY	13327
Cromona, KY	41810
Crompond, NY	10517
Cromwell, CT	06416
Cromwell, IA	50842
Cromwell, IN	46732
Cromwell, KY	42333
Cromwell, MN	55726
Cromwell, OK	74837
Crook, CO	80726
Crooked Creek, AK	99575
Crooks, SD	57020
Crookston, MN	56716
Crookston, NE	69212
Crooksville, OH	43731
Cropsey, IL	61731
Cropseyville, NY	12052
Cropwell, AL	35054
Crosby, MN	56441
Crosby, MS	39633
Crosby, ND	58730
Crosby, PA	16724
Crosby, TX	77532
Crosbyton, TX	79322
Cross Anchor, SC	29331
Cross City, FL	32628
Cross Fork, PA	17729
Cross Hill, SC	29332
Cross Junction, VA	22625
Cross Plains, IN	47017
Cross Plains, TN	37049
Cross Plains, TX	76443
Cross Plains, WI	53528
Cross River, NY	10518
Cross Timbers, MO	65634
Cross Village, MI	49723
Cross, SC	29436
Crossett, AR	71635
Crosslake, MN	56442
Crossnore, NC	28616
Crossroads, NM	88114
Crossville, AL	35962
Crossville, IL	62827
Croswell, MI	48422
Crothersville, IN	47229
Croton Falls, NY	10519
Croton, OH	43013
Crouse, NC	28033
Crouseville, ME	04738
Crow Agency, MT	59022
Crowder, MS	38622
Crowder, OK	74430
Crowell, TX	79227
Crowheart, WY	82512
Crowley, CO	81033
Crowley, TX	76036
Crown City, OH	45623
Crown King, AZ	86343
Crown Point, NY	12928
Crown, PA	16220
Crownpoint, NM	87313
Crownsville, MD	21032
Crows Landing, CA	95313
Crowville, LA	71230
Croydon, PA	19021
Croydon, UT	84018
Crozet, VA	22932
Crozier, VA	23039
Crucible, PA	15325
Cruger, MS	38924
Crum Lynne, PA	19022
Crum, WV	25669
Crump, TN	38327
Crumpler, NC	28617
Crumpton, MD	21628
Crumrod, AR	72328
Crystal Bay, MN	55323
Crystal Bay, NV	89402
Crystal Beach, FL	34681
Crystal City, MO	63019
Crystal City, TX	78839
Crystal Falls, MI	49920
Crystal Hill, VA	24539
Crystal Lake, IA	50432
Crystal Spring, PA	15536
Crystal Springs, FL	33524
Crystal Springs, MS	39059
Crystal, MI	48818
Crystal, ND	58222
Cub Run, KY	42729
Cuba City, WI	53807
Cuba, AL	36907
Cuba, IL	61427
Cuba, KS	66940
Cuba, MO	65453
Cuba, NM	87013
Cuba, NY	14727
Cuba, OH	45114
Cubero, NM	87014
Cucumber, WV	24826
Cudahy, WI	53110
Cuddebackville, NY	12729
Cuddy, PA	15031
Cuero, TX	77954
Cuervo, NM	88417
Culberson, NC	28903
Culbertson, MT	59218
Culbertson, NE	69024
Culdesac, ID	83524
Cullen, LA	71021
Cullen, VA	23934
Culleoka, TN	38451
Culloden, GA	31016
Culloden, WV	25510
Cullom, IL	60929
Cullowhee, NC	28723
Culp Creek, OR	97427
Culpeper, VA	22701
Culver, IN	46511
Culver, OR	97734
Cumberland Center, ME	04021
Cumberland City, TN	37050
Cumberland Foreside, ME	04110
Cumberland Furnace, TN	37051
Cumberland Gap, TN	37724
Cumberland, IA	50843
Cumberland, KY	40823
Cumberland, NC	28331
Cumberland, OH	43732
Cumberland, RI	02864
Cumberland, VA	23040
Cumberland, WI	54829
Cumbola, PA	17930
Cumby, TX	75433
Cummaquid, MA	02637
Cumming, IA	50061
Cummings, KS	66016
Cummings, ND	58223
Cummington, MA	01026
Cumnock, NC	27237
Cuney, TX	75759
Cunningham, KS	67035
Cunningham, KY	42035
Cunningham, TN	37052
Cunningham, TX	75434
Curdsville, KY	42334
Curlew, IA	50527
Curlew, WA	99118
Curllsville, PA	16221
Curran, MI	48728
Currie, MN	56123
Currie, NC	28435
Currituck, NC	27929
Curryville, MO	63339
Curryville, PA	16631
Curtice, OH	43412
Curtin, OR	97428
Curtis Bay, MD	21226
Curtis, AR	71728
Curtis, MI	49820
Curtis, NE	69025
Curtis, WA	98538
Curtiss, WI	54422
Curtisville, PA	15032
Curwensville, PA	16833
Cushing, IA	51018
Cushing, ME	04563
Cushing, MN	56443
Cushing, OK	74023
Cushing, TX	75760
Cushing, WI	54006
Cushman, AR	72526
Cusick, WA	99119
Cusseta, AL	36852
Cusseta, GA	31805
Custar, OH	43511
Custer City, OK	73639
Custer City, PA	16725
Custer, KY	40115
Custer, MI	49405
Custer, MT	59024
Custer, SD	57730
Custer, WA	98240
Custer, WI	54423
Cut Bank, MT	59427
Cut Off, LA	70345
Cutchogue, NY	11935
Cuthbert, GA	39840
Cutler, CA	93615
Cutler, IL	62238
Cutler, IN	46920
Cutler, ME	04626
Cutler, OH	45724
Cutten, CA	95534
Cuttingsville, VT	05738
Cuttyhunk, MA	02713
Cyclone, PA	16726
Cyclone, WV	24827
Cygnet, OH	43413
Cylinder, IA	50528
Cynthiana, IN	47612
Cynthiana, KY	41031
Cynthiana, OH	45624
Cypress Inn, TN	38452
Cypress, CA	90630
Cypress, FL	32432
Cypress, IL	62923
Cyril, OK	73029
Cyrus, MN	56323
D Hanis, TX	78850
D'Lo, MS	39062
Dacoma, OK	73731
Dacono, CO	80514
Dacula, GA	30019
Dadeville, AL	36853
Dadeville, MO	65635
Dafter, MI	49724
Daggett, CA	92327
Daggett, MI	49821
Dagmar, MT	59219
Dagsboro, DE	19939
Dagus Mines, PA	15831
Dahinda, IL	61428
Dahlen, ND	58224
Dahlgren, IL	62828
Dahlgren, VA	22448
Dailey, WV	26259
Daingerfield, TX	75638
Dairy, OR	97625
Daisetta, TX	77533
Daisy, GA	30423
Daisy, MO	63743
Daisy, OK	74540
Daisytown, PA	15427
Dakota City, IA	50529
Dakota City, NE	68731
Dakota, IL	61018
Dakota, MN	55925
Dalbo, MN	55017
Dale, IL	62829
Dale, IN	47523
Dale, NY	14039
Dale, SC	29914
Dale, TX	78616
Dale, WI	54931
Daleville, AL	36322
Daleville, IN	47334
Daleville, MS	39326
Daleville, VA	24083
Dalhart, TX	79022
Dallardsville, TX	77332
Dallas Center, IA	50063
Dallas City, IL	62330
Dallas, NC	28034
Dallas, OR	97338
Dallas, SD	57529
Dallas, WI	54733
Dallas, WV	26036
Dallastown, PA	17313
Dallesport, WA	98617
Dalmatia, PA	17017
Dalton City, IL	61925
Dalton, MN	56324
Dalton, MO	65246
Dalton, NE	69131
Dalton, NY	14836
Dalton, OH	44618
Dalton, PA	18414
Dalton, WI	53926
Dalzell, IL	61320
Dalzell, SC	29040
Damar, KS	67632
Damariscotta, ME	04543
Damascus, AR	72039
Damascus, GA	39841
Damascus, MD	20872
Damascus, OH	44619
Damascus, OR	97089
Damascus, PA	18415
Damascus, VA	24236
Dameron, MD	20628
Dammeron Valley, UT	84783
Damon, TX	77430
Dana Point, CA	92629
Dana, IA	50064
Dana, IL	61321
Dana, IN	47847
Dana, KY	41615
Dana, NC	28724
Danboro, PA	18916
Danbury, IA	51019
Danbury, NC	27016
Danbury, NE	69026
Danbury, NH	03230
Danbury, TX	77534
Danbury, WI	54830
Danby, VT	05739
Danciger, TX	77431
Dandridge, TN	37725
Dane, WI	53529
Danese, WV	25831
Danevang, TX	77432
Danforth, IL	60930
Danforth, ME	04424
Dania, FL	33004
Daniel, WY	83115
Daniels, WV	25832
Danielson, CT	06239
Danielsville, GA	30633
Danielsville, PA	18038
Dannebrog, NE	68831
Dannemora, NY	12929
Dansville, MI	48819
Dansville, NY	14437
Dante, SD	57329
Dante, VA	24237
Danube, MN	56230
Danvers, IL	61732
Danvers, MA	01923
Danvers, MN	56231
Danville, AL	35619
Danville, AR	72833
Danville, GA	31017
Danville, IA	52623
Danville, IN	46122
Danville, KS	67036
Danville, ME	04223
Danville, NH	03819
Danville, OH	43014
Danville, VT	05828
Danville, WA	99121
Danville, WV	25053
Darby, MT	59829
Darby, PA	19023
Dardanelle, AR	72834
Darden, TN	38328
Darfur, MN	56022
Darien Center, NY	14040
Darien, CT	06820
Darien, GA	31305
Darien, IL	60561
Darien, WI	53114
Darling, MS	38623
Darlington, IN	47940
Darlington, MD	21034
Darlington, MO	64438
Darlington, PA	16115
Darlington, WI	53530
Darragh, PA	15625
Darrington, WA	98241
Darrouzett, TX	79024
Darrow, LA	70725
Dartmouth, MA	02714
Darwin, CA	93522
Darwin, MN	55324
Dassel, MN	55325
Dateland, AZ	85333
Datil, NM	87821
Datto, AR	72424
Daufuskie Island, SC	29915
Dauphin Island, AL	36528
Dauphin, PA	17018
Davenport Center, NY	13751
Davenport, CA	95017
Davenport, ND	58021
Davenport, NE	68335
Davenport, NY	13750
Davenport, OK	74026
Davenport, VA	24239
Davenport, WA	99122
Davey, NE	68336
David City, NE	68632
David, KY	41616
Davidson, OK	73530
Davidsonville, MD	21035
Davidsville, PA	15928
Davilla, TX	76523
Davin, WV	25617
Davis City, IA	50065
Davis Creek, CA	96108
Davis Junction, IL	61020
Davis Station, SC	29041
Davis Wharf, VA	23345
Davis, IL	61019
Davis, NC	28524
Davis, SD	57021
Davis, WV	26260
Davisboro, GA	31018
Davisburg, MI	48350
Davison, MI	48423
Daviston, AL	36256
Davisville, MO	65456
Davisville, WV	26142
Davy, WV	24828
Dawes, WV	25054
Dawn, MO	64638
Dawn, TX	79025
Dawson Springs, KY	42408
Dawson, AL	35963
Dawson, GA	39842
Dawson, IA	50066
Dawson, IL	62520
Dawson, MN	56232
Dawson, ND	58428
Dawson, NE	68337
Dawson, PA	15428
Dawson, TX	76639
Dawsonville, GA	30534
Day, FL	32013
Dayhoit, KY	40824
Daykin, NE	68338
Days Creek, OR	97429
Dayton, IA	50530
Dayton, ID	83232
Dayton, IN	47941
Dayton, KY	41074
Dayton, MD	21036
Dayton, MN	55327
Dayton, MT	59914
Dayton, NJ	08810
Dayton, NV	89403
Dayton, NY	14041
Dayton, OR	97114
Dayton, PA	16222
Dayton, TN	37321
Dayton, TX	77535
Dayton, VA	22821
Dayton, WA	99328
Dayton, WY	82836
Dayville, CT	06241
Dayville, OR	97825
Dazey, ND	58429
De Armanville, AL	36257
De Beque, CO	81630
De Berry, TX	75639
De Borgia, MT	59830
De Graff, OH	43318
De Kalb Junction, NY	13630
De Kalb, MO	64440
De Kalb, MS	39328
De Kalb, TX	75559
De Lancey, PA	15733
De Land, IL	61839
De Leon Springs, FL	32130
De Leon, TX	76444
De Mossville, KY	41033
De Pere, WI	54115
De Peyster, NY	13633
De Queen, AR	71832
De Ruyter, NY	13052
De Smet, SD	57231
De Soto, GA	31743
De Soto, IA	50069
De Soto, IL	62924
De Soto, KS	66018
De Soto, MO	63020
De Soto, WI	54624
De Tour Village, MI	49725
De Valls Bluff, AR	72041
De Witt, AR	72042
De Witt, IA	52742
De Witt, MO	64639
De Witt, NE	68341
De Young, PA	16728
Deadwood, OR	97430
Deadwood, SD	57732
Deal Island, MD	21821
Deal, NJ	07723
Deale, MD	20751
Deane, KY	41812
Deansboro, NY	13328
Deanville, TX	77852
Dearborn, MO	64439
Dearing, GA	30808
Dearing, KS	67340
Deary, ID	83823
Death Valley, CA	92328
Deatsville, AL	36022
Deaver, WY	82421
Debord, KY	41214
Decatur, AR	72722
Decatur, IA	50067
Decatur, IN	46733
Decatur, MI	49045
Decatur, MS	39327
Decatur, NE	68020
Decatur, OH	45115
Decatur, TN	37322
Decatur, TX	76234
Decaturville, TN	38329
Decherd, TN	37324
Decker, IN	47524
Decker, MI	48426
Decker, MT	59025
Deckerville, MI	48427
Declo, ID	83323
Decorah, IA	52101
Dedham, IA	51440
Deedsville, IN	46921
Deep Gap, NC	28618
Deep River, CT	06417
Deep River, IA	52222
Deep Run, NC	28525
Deep Water, WV	25057
Deepwater, MO	64740
Deepwater, NJ	08023
Deer Creek, IL	61733
Deer Creek, MN	56527
Deer Creek, OK	74636
Deer Grove, IL	61243
Deer Harbor, WA	98243
Deer Island, OR	97054
Deer Isle, ME	04627
Deer Lodge, MT	59722
Deer Lodge, TN	37726
Deer Park, AL	36529
Deer Park, CA	94576
Deer Park, NY	11729
Deer Park, TX	77536
Deer Park, WA	99006
Deer Park, WI	54007
Deer River, MN	56636
Deer River, NY	13627
Deer Trail, CO	80105
Deer, AR	72628
Deerbrook, WI	54424
Deerfield Street, NJ	08313
Deerfield, IL	60015
Deerfield, KS	67838
Deerfield, MA	01342
Deerfield, MI	49238
Deerfield, MO	64741
Deerfield, NH	03037
Deerfield, OH	44411
Deerfield, VA	24432
Deerfield, WI	53531
Deering, AK	99736
Deering, MO	63840
Deering, ND	58731
Deersville, OH	44693
Deerton, MI	49822
Deerwood, MN	56444
Deeth, NV	89823
Deferiet, NY	13628
Defiance, IA	51527
Defiance, MO	63341
Defiance, OH	43512
Defiance, PA	16633
Deford, MI	48729
Deforest, WI	53532
Dekalb, IL	60115
Del Mar, CA	92014
Del Norte, CO	81132
Del Rey, CA	93616
Del Rio, TN	37727
Del Valle, TX	78617
Delafield, WI	53018
Delancey, NY	13752
Delano, MN	55328
Delano, PA	18220
Delano, TN	37325
Delanson, NY	12053
Delaplaine, AR	72425
Delaplane, VA	20144
Delavan, IL	61734
Delavan, MN	56023
Delavan, WI	53115
Delaware City, DE	19706
Delaware Water Gap, PA	18327
Delaware, AR	72835
Delaware, IA	52036
Delaware, NJ	07833
Delaware, OH	43015
Delaware, OK	74027
Delbarton, WV	25670
Delcambre, LA	70528
Delco, NC	28436
Delevan, NY	14042
Delhi, CA	95315
Delhi, IA	52223
Delhi, LA	71232
Delhi, NY	13753
Delia, KS	66418
Delight, AR	71940
Dell City, TX	79837
Dell Rapids, SD	57022
Dell, AR	72426
Dell, MT	59724
Dellrose, TN	38453
Dellroy, OH	44620
Dellslow, WV	26531
Dellwood, WI	53927
Delmar, AL	35551
Delmar, DE	19940
Delmar, IA	52037
Delmar, MD	21875
Delmar, NY	12054
Delmita, TX	78536
Delmont, NJ	08314
Delmont, PA	15626
Delmont, SD	57330
Deloit, IA	51441
Delong, IN	46922
Delphi Falls, NY	13051
Delphi, IN	46923
Delphia, KY	41735
Delphos, KS	67436
Delphos, OH	45833
Delray, WV	26714
Delta City, MS	39061
Delta Junction, AK	99737
Delta, AL	36258
Delta, CO	81416
Delta, IA	52550
Delta, LA	71233
Delta, MO	63744
Delta, OH	43515
Delta, PA	17314
Delta, UT	84624
Deltaville, VA	23043
Delton, MI	49046
Dema, KY	41859
Demarest, NJ	07627
Deming, WA	98244
Demopolis, AL	36732
Demorest, GA	30535
Demotte, IN	46310
Denair, CA	95316
Denali National Park, AK	99755
Denbo, PA	15429
Dendron, VA	23839
Denhoff, ND	58430
Denio, NV	89404
Denison, IA	51442
Denison, KS	66419
Denmark, IA	52624
Denmark, ME	04022
Denmark, NY	13631
Denmark, SC	29042
Denmark, TN	38391
Denmark, WI	54208
Dennard, AR	72629
Dennehotso, AZ	86535
Dennis Port, MA	02639
Dennis, KS	67341
Dennis, MA	02638
Dennis, MS	38838
Dennis, TX	76439
Dennison, IL	62423
Dennison, MN	55018
Dennison, OH	44621
Denniston, KY	40316
Dennisville, NJ	08214
Dennysville, ME	04628
Dent, MN	56528
Denton, GA	31532
Denton, KS	66017
Denton, KY	41132
Denton, MD	21629
Denton, MT	59430
Denton, NC	27239
Denton, NE	68339
Denver City, TX	79323
Denver, IA	50622
Denver, IN	46926
Denver, MO	64441
Denver, NC	28037
Denver, NY	12421
Denver, PA	17517
Denville, NJ	07834
Depauville, NY	13632
Depauw, IN	47115
Depew, NY	14043
Depew, OK	74028
Depoe Bay, OR	97341
Deport, TX	75435
Deposit, NY	13754
Depue, IL	61322
Deputy, IN	47230
Dequincy, LA	70633
Derby Line, VT	05830
Derby, CT	06418
Derby, IA	50068
Derby, IN	47525
Derby, KS	67037
Derby, NY	14047
Derby, OH	43117
Derby, VT	05829
Deridder, LA	70634
Derma, MS	38839
Dermott, AR	71638
Derrick City, PA	16727
Derry, NH	03038
Derry, NM	87933
Derry, PA	15627
Derwent, OH	43733
Derwood, MD	20855
Des Allemands, LA	70030
Des Arc, AR	72040
Des Arc, MO	63636
Des Lacs, ND	58733
Des Moines, NM	88418
Descanso, CA	91916
Desdemona, TX	76445
Desert Center, CA	92239
Desha, AR	72527
Deshler, NE	68340
Deshler, OH	43516
Desmet, ID	83824
Destrehan, LA	70047
Detroit, AL	35552
Detroit, ME	04929
Detroit, OR	97342
Detroit, TX	75436
Devault, PA	19432
Devens, MA	01434
Devers, TX	77538
Deville, LA	71328
Devils Elbow, MO	65457
Devils Lake, ND	58301
Devils Tower, WY	82714
Devine, TX	78016
Devol, OK	73531
Devon, PA	19333
Dewar, IA	50623
Dewar, OK	74431
Dewart, PA	17730
Deweese, NE	68934
Dewey, AZ	86327
Dewey, IL	61840
Dewey, OK	74029
Deweyville, TX	77614
Deweyville, UT	84309
Dewitt, IL	61735
Dewitt, KY	40930
Dewitt, MI	48820
Dewitt, VA	23840
Dewittville, NY	14728
Dewy Rose, GA	30634
Dexter City, OH	45727
Dexter, GA	31019
Dexter, IA	50070
Dexter, KS	67038
Dexter, KY	42036
Dexter, ME	04930
Dexter, MI	48130
Dexter, MN	55926
Dexter, MO	63841
Dexter, NM	88230
Dexter, NY	13634
Dexter, OR	97431
Dhs, MD	20588
Dhs, VA	20598
Diablo, CA	94528
Diagonal, IA	50845
Diamond Bar, CA	91765
Diamond City, AR	72630
Diamond Point, NY	12824
Diamond Springs, CA	95619
Diamond, MO	64840
Diamond, OH	44412
Diamond, OR	97722
Diamondhead, MS	39525
Diamondville, WY	83116
Diana, TX	75640
Diana, WV	26217
Diaz, AR	72043
Dibble, OK	73031
Diberville, MS	39540
Diboll, TX	75941
Dice, KY	41736
Dickens, IA	51333
Dickens, NE	69132
Dickens, TX	79229
Dickerson Run, PA	15430
Dickerson, MD	20842
Dickey, ND	58431
Dickeyville, WI	53808
Dickinson Center, NY	12930
Dickinson, AL	36436
Dickinson, TX	77539
Dierks, AR	71833
Dieterich, IL	62424
Dietrich, ID	83324
Diggins, MO	65636
Diggs, VA	23045
Dighton, KS	67839
Dighton, MA	02715
Dike, IA	50624
Dike, TX	75437
Dill City, OK	73641
Dillard, GA	30537
Dillard, OR	97432
Dille, WV	26617
Diller, NE	68342
Dilley, TX	78017
Dilliner, PA	15327
Dillingham, AK	99576
Dillon Beach, CA	94929
Dillon, CO	80435
Dillon, MT	59725
Dillon, SC	29536
Dillonvale, OH	43917
Dillsboro, IN	47018
Dillsboro, NC	28725
Dillsburg, PA	17019
Dilltown, PA	15929
Dillwyn, VA	23936
Dilworth, MN	56529
Dime Box, TX	77853
Dimmitt, TX	79027
Dimock, PA	18816
Dimock, SD	57331
Dimondale, MI	48821
Dinero, TX	78350
Dingess, WV	25671
Dingle, ID	83233
Dingmans Ferry, PA	18328
Dinuba, CA	93618
Dinwiddie, VA	23841
Discovery Bay, CA	94505
Disney, OK	74340
Disputanta, VA	23842
Distant, PA	16223
Dittmer, MO	63023
Divernon, IL	62530
Divide, CO	80814
Divide, MT	59727
Dividing Creek, NJ	08315
Dix, IL	62830
Dix, NE	69133
Dixfield, ME	04224
Dixie, GA	31629
Dixie, WA	99329
Dixie, WV	25059
Dixmont, ME	04932
Dixon Springs, TN	37057
Dixon, CA	95620
Dixon, IA	52745
Dixon, IL	61021
Dixon, KY	42409
Dixon, MO	65459
Dixon, MT	59831
Dixon, NE	68732
Dixon, NM	87527
Dixon, WY	82323
Dixons Mills, AL	36736
Dixonville, PA	15734
Dobbin, TX	77333
Dobbins, CA	95935
Dobbs Ferry, NY	10522
Dobson, NC	27017
Docena, AL	35060
Doctors Inlet, FL	32030
Dodd City, TX	75438
Doddridge, AR	71834
Doddsville, MS	38736
Dodge Center, MN	55927
Dodge City, KS	67801
Dodge, ND	58625
Dodge, NE	68633
Dodge, TX	77334
Dodge, WI	54625
Dodgertown, CA	90090
Dodgeville, MI	49921
Dodson, LA	71422
Dodson, MT	59524
Dodson, TX	79230
Doe Hill, VA	24433
Doe Run, MO	63637
Doerun, GA	31744
Dogue, VA	22451
Dola, OH	45835
Dolan Springs, AZ	86441
Doland, SD	57436
Dolgeville, NY	13329
Dollar Bay, MI	49922
Dolliver, IA	50531
Dolomite, AL	35061
Dolores, CO	81323
Dolph, AR	72528
Dolphin, VA	23843
Dolton, IL	60419
Dona Ana, NM	88032
Donahue, IA	52746
Donald, OR	97020
Donalds, SC	29638
Donaldson, AR	71941
Donaldson, IN	46513
Donaldson, MN	56720
Donaldsonville, LA	70346
Donalsonville, GA	39845
Donegal, PA	15628
Dongola, IL	62926
Donie, TX	75838
Doniphan, MO	63935
Doniphan, NE	68832
Donna, TX	78537
Donnellson, IA	52625
Donnellson, IL	62019
Donnelly, ID	83615
Donnelly, MN	56235
Donnelsville, OH	45319
Donner, LA	70352
Donnybrook, ND	58734
Donora, PA	15033
Donovan, IL	60931
Doole, TX	76836
Doon, IA	51235
Dora, AL	35062
Dora, MO	65637
Dora, NM	88115
Doran, VA	24612
Dorchester Center, MA	02124
Dorchester, IA	52140
Dorchester, NE	68343
Dorchester, NJ	08316
Dorchester, SC	29437
Dorchester, WI	54425
Dorena, OR	97434
Dormansville, NY	12055
Dornsife, PA	17823
Dorothy, NJ	08317
Dorothy, WV	25060
Dorr, MI	49323
Dorrance, KS	67634
Dorris, CA	96023
Dorset, OH	44032
Dorset, VT	05251
Dorsey, IL	62021
Dorton, KY	41520
Dos Palos, CA	93620
Dos Rios, CA	95429
Doss, TX	78618
Doswell, VA	23047
Dothan, WV	25833
Doty, WA	98539
Double Springs, AL	35553
Doucette, TX	75942
Douds, IA	52551
Dougherty, IA	50433
Dougherty, OK	73032
Dougherty, TX	79231
Douglas City, CA	96024
Douglas Flat, CA	95229
Douglas, AK	99824
Douglas, AL	35964
Douglas, MA	01516
Douglas, MI	49406
Douglas, ND	58735
Douglas, NE	68344
Douglas, OK	73733
Douglas, WY	82633
Douglass, KS	67039
Douglass, TX	75943
Douglassville, PA	19518
Douglassville, TX	75560
Dousman, WI	53118
Dove Creek, CO	81324
Dover AFB, DE	19902
Dover Foxcroft, ME	04426
Dover Plains, NY	12522
Dover, AR	72837
Dover, FL	33527
Dover, GA	30424
Dover, ID	83825
Dover, IL	61323
Dover, KS	66420
Dover, KY	41034
Dover, MA	02030
Dover, MN	55929
Dover, MO	64022
Dover, NC	28526
Dover, OH	44622
Dover, OK	73734
Dover, PA	17315
Dover, TN	37058
Dovray, MN	56125
Dow City, IA	51528
Dow, IL	62022
Dowagiac, MI	49047
Dowell, IL	62927
Dowell, MD	20629
Dowelltown, TN	37059
Dowling, MI	49050
Downey, ID	83234
Downieville, CA	95936
Downing, MO	63536
Downing, WI	54734
Downingtown, PA	19335
Downs, IL	61736
Downs, KS	67437
Downsville, LA	71234
Downsville, NY	13755
Downsville, WI	54735
Dows, IA	50071
Doyle, CA	96109
Doyle, TN	38559
Doylesburg, PA	17219
Doylestown, OH	44230
Doylestown, WI	53928
Doyline, LA	71023
Dozier, AL	36028
Dracut, MA	01826
Dragoon, AZ	85609
Drain, OR	97435
Drake, CO	80515
Drake, ND	58736
Drakes Branch, VA	23937
Drakesboro, KY	42337
Drakesville, IA	52552
Draper, SD	57531
Draper, UT	84020
Draper, VA	24324
Drasco, AR	72530
Dravosburg, PA	15034
Drayden, MD	20630
Drayton Plains, MI	48330
Drayton, ND	58225
Drayton, SC	29333
Drennen, WV	26667
Dresden, KS	67635
Dresden, ME	04342
Dresden, NY	14441
Dresden, OH	43821
Dresden, TN	38225
Dresher, PA	19025
Dresser, WI	54009
Drew, MS	38737
Drewryville, VA	23844
Drewsey, OR	97904
Drewsville, NH	03604
Drexel Hill, PA	19026
Drexel, MO	64742
Drexel, NC	28619
Drift, KY	41619
Drifting, PA	16834
Drifton, PA	18221
Driftwood, PA	15832
Driftwood, TX	78619
Driggs, ID	83422
Dripping Springs, TX	78620
Driscoll, ND	58532
Driscoll, TX	78351
Driver, AR	72329
Drummond Island, MI	49726
Drummond, MT	59832
Drummond, OK	73735
Drummond, WI	54832
Drummonds, TN	38023
Drumore, PA	17518
Drumright, OK	74030
Drums, PA	18222
Drury, MA	01343
Drury, MO	65638
Dry Branch, GA	31020
Dry Creek, LA	70637
Dry Creek, WV	25062
Dry Fork, VA	24549
Dry Prong, LA	71423
Dry Ridge, KY	41035
Dry Run, PA	17220
Drybranch, WV	25061
Dryden, ME	04225
Dryden, MI	48428
Dryden, NY	13053
Dryden, TX	78851
Dryden, VA	24243
Dryden, WA	98821
Dryfork, WV	26263
Drytown, CA	95699
Du Bois, IL	62831
Du Bois, NE	68345
Du Bois, PA	15801
Du Pont, GA	31630
Du Quoin, IL	62832
Duanesburg, NY	12056
Dubach, LA	71235
Dubberly, LA	71024
Dublin, CA	94568
Dublin, IN	47335
Dublin, MS	38739
Dublin, NC	28332
Dublin, NH	03444
Dublin, PA	18917
Dublin, TX	76446
Dublin, VA	24084
Dubois, ID	83423
Dubois, IN	47527
Dubois, WY	82513
Dubre, KY	42731
Duchesne, UT	84021
Duck Creek Village, UT	84762
Duck Hill, MS	38925
Duck River, TN	38454
Duck, WV	25063
Ducktown, TN	37326
Duckwater, NV	89314
Ducor, CA	93218
Dudley, GA	31022
Dudley, MA	01571
Dudley, MO	63936
Dudley, NC	28333
Dudley, PA	16634
Due West, SC	29639
Duenweg, MO	64841
Duff, TN	37729
Duffield, VA	24244
Dufur, OR	97021
Dugger, IN	47848
Dugspur, VA	24325
Dugway, UT	84022
Duke Center, PA	16729
Duke, MO	65461
Duke, OK	73532
Dukedom, TN	38226
Dulac, LA	70353
Dulce, NM	87528
Dulzura, CA	91917
Dumas, AR	71639
Dumas, MS	38625
Dumas, TX	79029
Dumont, CO	80436
Dumont, IA	50625
Dumont, MN	56236
Dumont, NJ	07628
Dunbar, KY	42219
Dunbar, NE	68346
Dunbar, PA	15431
Dunbar, WI	54119
Dunbar, WV	25064
Dunbarton, NH	03046
Dunbridge, OH	43414
Duncan Falls, OH	43734
Duncan, AZ	85534
Duncan, MS	38740
Duncan, NE	68634
Duncannon, PA	17020
Duncans Mills, CA	95430
Duncansville, PA	16635
Duncanville, AL	35456
Duncombe, IA	50532
Dundalk, MD	21222
Dundas, IL	62425
Dundas, MN	55019
Dundas, VA	23938
Dundee, FL	33838
Dundee, IA	52038
Dundee, IL	60118
Dundee, KY	42338
Dundee, MI	48131
Dundee, MS	38626
Dundee, NY	14837
Dundee, OH	44624
Dundee, OR	97115
Dunellen, NJ	08812
Dunfermline, IL	61524
Dungannon, VA	24245
Dunkerton, IA	50626
Dunkirk, IN	47336
Dunkirk, MD	20754
Dunkirk, NY	14048
Dunkirk, OH	45836
Dunlap, CA	93621
Dunlap, IA	51529
Dunlap, IL	61525
Dunlap, TN	37327
Dunlevy, PA	15432
Dunlo, PA	15930
Dunlow, WV	25511
Dunmor, KY	42339
Dunmore, WV	24934
Dunn Center, ND	58626
Dunn Loring, VA	22027
Dunn, TX	79516
Dunnegan, MO	65640
Dunnell, MN	56127
Dunnigan, CA	95937
Dunning, NE	68833
Dunnsville, VA	22454
Dunnville, KY	42528
Dunreith, IN	47337
Dunseith, ND	58329
Dunsmuir, CA	96025
Dunstable, MA	01827
Duplessis, LA	70728
Dupo, IL	62239
Dupont, CO	80024
Dupont, IN	47231
Dupont, LA	71329
Dupont, OH	45837
Dupont, WA	98327
Dupree, SD	57623
Dupuyer, MT	59432
Duquesne, PA	15110
Durand, IL	61024
Durand, MI	48429
Durand, WI	54736
Durango, IA	52039
Durant, FL	33530
Durant, IA	52747
Durant, MS	39063
Durbin, WV	26264
Durham, CA	95938
Durham, CT	06422
Durham, KS	67438
Durham, ME	04222
Durham, MO	63438
Durham, NH	03824
Durham, NY	12422
Durham, OK	73642
Durham, PA	18039
Durhamville, NY	13054
Durkee, OR	97905
Duryea, PA	18642
Dushore, PA	18614
Duson, LA	70529
Dustin, OK	74839
Dutch Flat, CA	95714
Dutch Harbor, AK	99692
Dutch John, UT	84023
Dutchtown, MO	63745
Dutton, AL	35744
Dutton, MT	59433
Dutton, VA	23050
Dutzow, MO	63342
Duvall, WA	98019
Dwale, KY	41621
Dwarf, KY	41739
Dwight, IL	60420
Dwight, KS	66849
Dwight, NE	68635
Dycusburg, KY	42037
Dyer, AR	72935
Dyer, IN	46311
Dyer, NV	89010
Dyer, TN	38330
Dyersville, IA	52040
Dyess AFB, TX	79607
Dyess, AR	72330
Dyke, VA	22935
Dysart, IA	52224
Dysart, PA	16636
Eads, CO	81036
Eads, TN	38028
Eagan, TN	37730
Eagar, AZ	85925
Eagarville, IL	62023
Eagle Bay, NY	13331
Eagle Bend, MN	56446
Eagle Bridge, NY	12057
Eagle Butte, SD	57625
Eagle Creek, OR	97022
Eagle Grove, IA	50533
Eagle Lake, FL	33839
Eagle Lake, ME	04739
Eagle Lake, MN	56024
Eagle Lake, TX	77434
Eagle Mountain, UT	84005
Eagle Nest, NM	87718
Eagle Point, OR	97524
Eagle River, AK	99577
Eagle River, WI	54521
Eagle Rock, MO	65641
Eagle Rock, VA	24085
Eagle Springs, NC	27242
Eagle, AK	99738
Eagle, CO	81631
Eagle, ID	83616
Eagle, MI	48822
Eagle, NE	68347
Eagle, WI	53119
Eagles Mere, PA	17731
Eagletown, OK	74734
Eagleville, CA	96110
Eagleville, MO	64442
Eagleville, TN	37060
Eakly, OK	73033
Earl Park, IN	47942
Earl, NC	28038
Earle, AR	72331
Earleton, FL	32631
Earleville, MD	21919
Earlham, IA	50072
Earlimart, CA	93219
Earling, IA	51530
Earlington, KY	42410
Earlington, PA	18918
Earlsboro, OK	74840
Earlton, NY	12058
Earlville, IA	52041
Earlville, IL	60518
Earlville, NY	13332
Earlville, PA	19519
Early Branch, SC	29916
Early, IA	50535
Earlysville, VA	22936
Earp, CA	92242
Earth City, MO	63045
Earth, TX	79031
East Alton, IL	62024
East Amherst, NY	14051
East Andover, ME	04226
East Andover, NH	03231
East Arlington, VT	05252
East Aurora, NY	14052
East Baldwin, ME	04024
East Bank, WV	25067
East Barre, VT	05649
East Bend, NC	27018
East Berkshire, VT	05447
East Berlin, CT	06023
East Berlin, PA	17316
East Bernard, TX	77435
East Berne, NY	12059
East Bernstadt, KY	40729
East Bethany, NY	14054
East Bloomfield, NY	14443
East Blue Hill, ME	04629
East Boothbay, ME	04544
East Brady, PA	16028
East Branch, NY	13756
East Bridgewater, MA	02333
East Brookfield, MA	01515
East Brunswick, NJ	08816
East Burke, VT	05832
East Butler, PA	16029
East Calais, VT	05650
East Canaan, CT	06024
East Candia, NH	03040
East Canton, OH	44730
East Carbon, UT	84520
East Carondelet, IL	62240
East Charleston, VT	05833
East Chatham, NY	12060
East Chicago, IN	46312
East China, MI	48054
East Claridon, OH	44033
East Concord, NY	14055
East Corinth, VT	05040
East Dennis, MA	02641
East Derry, NH	03041
East Dixfield, ME	04227
East Dorset, VT	05253
East Dover, VT	05341
East Dublin, GA	31027
East Dubuque, IL	61025
East Durham, NY	12423
East Earl, PA	17519
East Ellijay, GA	30539
East Ellsworth, WI	54010
East Enterprise, IN	47019
East Fairfield, VT	05448
East Falmouth, MA	02536
East Flat Rock, NC	28726
East Freedom, PA	16637
East Freetown, MA	02717
East Fultonham, OH	43735
East Galesburg, IL	61430
East Glacier Park, MT	59434
East Glastonbury, CT	06025
East Granby, CT	06026
East Grand Forks, MN	56721
East Greenbush, NY	12061
East Greenville, PA	18041
East Greenwich, RI	02818
East Haddam, CT	06423
East Hampstead, NH	03826
East Hampton, CT	06424
East Hampton, NY	11937
East Hanover, NJ	07936
East Hardwick, VT	05836
East Hartland, CT	06027
East Haven, CT	06512
East Haven, VT	05837
East Helena, MT	59635
East Hickory, PA	16321
East Homer, NY	13056
East Irvine, CA	92650
East Islip, NY	11730
East Jewett, NY	12424
East Jordan, MI	49727
East Killingly, CT	06243
East Kingston, NH	03827
East Leroy, MI	49051
East Liberty, OH	43319
East Livermore, ME	04228
East Liverpool, OH	43920
East Longmeadow, MA	01028
East Lyme, CT	06333
East Lynn, IL	60932
East Lynn, WV	25512
East Lynne, MO	64743
East Machias, ME	04630
East Mansfield, MA	02031
East Marion, NY	11939
East Mc Keesport, PA	15035
East Meadow, NY	11554
East Meredith, NY	13757
East Middlebury, VT	05740
East Millinocket, ME	04430
East Millsboro, PA	15433
East Moline, IL	61244
East Montpelier, VT	05651
East Moriches, NY	11940
East Nassau, NY	12062
East New Market, MD	21631
East Newport, ME	04933
East Northport, NY	11731
East Norwich, NY	11732
East Olympia, WA	98540
East Orland, ME	04431
East Orleans, MA	02643
East Otis, MA	01029
East Otto, NY	14729
East Palatka, FL	32131
East Palestine, OH	44413
East Parsonsfield, ME	04028
East Pembroke, NY	14056
East Petersburg, PA	17520
East Pharsalia, NY	13758
East Pittsburgh, PA	15112
East Point, KY	41216
East Poland, ME	04230
East Poultney, VT	05741
East Prairie, MO	63845
East Princeton, MA	01517
East Prospect, PA	17317
East Providence, RI	02914
East Quogue, NY	11942
East Randolph, NY	14730
East Randolph, VT	05041
East Rochester, NY	14445
East Rochester, OH	44625
East Rockaway, NY	11518
East Rutherford, NJ	07073
East Ryegate, VT	05042
East Saint Johnsbury, VT	05838
East Sandwich, MA	02537
East Schodack, NY	12063
East Setauket, NY	11733
East Smethport, PA	16730
East Smithfield, PA	18817
East Sparta, OH	44626
East Spencer, NC	28039
East Springfield, NY	13333
East Springfield, OH	43925
East Springfield, PA	16411
East Stone Gap, VA	24246
East Syracuse, NY	13057
East Tallassee, AL	36023
East Taunton, MA	02718
East Tawas, MI	48730
East Templeton, MA	01438
East Texas, PA	18046
East Thetford, VT	05043
East Troy, WI	53120
East Vandergrift, PA	15629
East Vassalboro, ME	04935
East Wakefield, NH	03830
East Wallingford, VT	05742
East Walpole, MA	02032
East Wareham, MA	02538
East Waterboro, ME	04030
East Waterford, PA	17021
East Wenatchee, WA	98802
East Weymouth, MA	02189
East Williamson, NY	14449
East Wilton, ME	04234
East Windsor Hill, CT	06028
East Windsor, CT	06088
East Winthrop, ME	04343
East Woodstock, CT	06244
East Worcester, NY	12064
Eastaboga, AL	36260
Eastabuchie, MS	39436
Eastanollee, GA	30538
Eastchester, NY	10709
Eastern, KY	41622
Eastford, CT	06242
Eastham, MA	02642
Easthampton, MA	01027
Eastlake Weir, FL	32133
Eastlake, CO	80614
Eastlake, MI	49626
Eastland, TX	76448
Eastman, GA	31023
Eastman, WI	54626
Easton, CT	06612
Easton, IL	62633
Easton, KS	66020
Easton, MA	02334
Easton, ME	04740
Easton, MN	56025
Easton, MO	64443
Easton, TX	75641
Easton, WA	98925
Eastover, SC	29044
Eastpoint, FL	32328
Eastpointe, MI	48021
Eastport, ID	83826
Eastport, ME	04631
Eastport, MI	49627
Eastport, NY	11941
Eastsound, WA	98245
Eastview, KY	42732
Eastville, VA	23347
Eastwood, KY	40018
Eaton Center, NH	03832
Eaton Park, FL	33840
Eaton Rapids, MI	48827
Eaton, CO	80615
Eaton, IN	47338
Eaton, NY	13334
Eaton, OH	45320
Eaton, TN	38331
Eatonville, WA	98328
Eau Claire, MI	49111
Eau Claire, PA	16030
Eau Galle, WI	54737
Eben Junction, MI	49825
Ebensburg, PA	15931
Ebervale, PA	18223
Ebony, VA	23845
Ebro, FL	32437
Eccles, WV	25836
Echo Lake, CA	95721
Echo, LA	71330
Echo, MN	56237
Echo, OR	97826
Echo, UT	84024
Echola, AL	35457
Eckert, CO	81418
Eckerty, IN	47116
Eckhart Mines, MD	21528
Eckley, CO	80727
Eckman, WV	24829
Eclectic, AL	36024
Ecleto, TX	78111
Economy, IN	47339
Ecorse, MI	48229
Ecru, MS	38841
Ector, TX	75439
Edcouch, TX	78538
Eddington, ME	04428
Eddy, TX	76524
Eddyville, IA	52553
Eddyville, IL	62928
Eddyville, KY	42038
Eddyville, NE	68834
Eddyville, OR	97343
Edelstein, IL	61526
Eden Mills, VT	05653
Eden Valley, MN	55329
Eden, AZ	85535
Eden, GA	31307
Eden, ID	83325
Eden, MD	21822
Eden, NY	14057
Eden, SD	57232
Eden, TX	76837
Eden, UT	84310
Eden, VT	05652
Eden, WI	53019
Edenton, NC	27932
Edenville, MI	48620
Edgar Springs, MO	65462
Edgar, MT	59026
Edgar, NE	68935
Edgar, WI	54426
Edgard, LA	70049
Edgarton, WV	25672
Edgartown, MA	02539
Edgecomb, ME	04556
Edgefield, SC	29824
Edgeley, ND	58433
Edgemont, AR	72044
Edgemont, PA	19028
Edgemont, SD	57735
Edgemoor, SC	29712
Edgerton, KS	66021
Edgerton, MN	56128
Edgerton, MO	64444
Edgerton, OH	43517
Edgerton, WI	53534
Edgerton, WY	82635
Edgewater, MD	21037
Edgewater, NJ	07020
Edgewater, WI	54834
Edgewood, IA	52042
Edgewood, IL	62426
Edgewood, MD	21040
Edgewood, NM	87015
Edgewood, TX	75117
Edina, MO	63537
Edinburg, IL	62531
Edinburg, ND	58227
Edinburg, PA	16116
Edinburg, VA	22824
Edinburgh, IN	46124
Edison, CA	93220
Edison, GA	39846
Edison, NE	68936
Edison, OH	43320
Edisto Island, SC	29438
Edmeston, NY	13335
Edmond, WV	25837
Edmondson, AR	72332
Edmonson, TX	79032
Edmonton, KY	42129
Edmore, MI	48829
Edmore, ND	58330
Edmund, WI	53535
Edna, KS	67342
Edna, TX	77957
Edneyville, NC	28727
Edon, OH	43518
Edroy, TX	78352
Edson, KS	67733
Edwall, WA	99008
Edward, NC	27821
Edwards, CO	81632
Edwards, IL	61528
Edwards, MO	65326
Edwards, MS	39066
Edwards, NY	13635
Edwardsburg, MI	49112
Edwardsport, IN	47528
Edwardsville, AL	36261
Edwardsville, KS	66113
Edwardsville, VA	22456
Eek, AK	99578
Effie, LA	71331
Effie, MN	56639
Effingham, IL	62401
Effingham, KS	66023
Effingham, NH	03882
Effingham, SC	29541
Effort, PA	18330
Efland, NC	27243
Egan, LA	70531
Egan, SD	57024
Egegik, AK	99579
Egeland, ND	58331
Egg Harbor City, NJ	08215
Egg Harbor Township, NJ	08234
Egg Harbor, WI	54209
Eggleston, VA	24086
Eglin AFB, FL	32542
Eglon, WV	26716
Egnar, CO	81325
Egypt, AR	72427
Egypt, TX	77436
Ehrenberg, AZ	85334
Ehrhardt, SC	29081
Eidson, TN	37731
Eielson AFB, AK	99702
Eight Mile, AL	36613
Eighty Eight, KY	42130
Eighty Four, PA	15330
Eitzen, MN	55931
Ekalaka, MT	59324
Ekron, KY	40117
Ekwok, AK	99580
El Campo, TX	77437
El Cerrito, CA	94530
El Dorado Hills, CA	95762
El Dorado Springs, MO	64744
El Dorado, CA	95623
El Dorado, KS	67042
El Granada, CA	94018
El Indio, TX	78860
El Jobean, FL	33927
El Mirage, AZ	85335
El Nido, CA	95317
El Paso, AR	72045
El Paso, IL	61738
El Portal, CA	95318
El Prado, NM	87529
El Reno, OK	73036
El Rito, NM	87530
El Segundo, CA	90245
El Toro, CA	92609
El Verano, CA	95433
Elaine, AR	72333
Eland, WI	54427
Elba, AL	36323
Elba, NE	68835
Elba, NY	14058
Elbe, WA	98330
Elberfeld, IN	47613
Elberon, IA	52225
Elberon, VA	23846
Elbert, CO	80106
Elbert, WV	24830
Elberta, AL	36530
Elberta, MI	49628
Elberta, UT	84626
Elberton, GA	30635
Elbing, KS	67041
Elbow Lake, MN	56531
Elbridge, NY	13060
Elbridge, TN	38227
Elburn, IL	60119
Elcho, WI	54428
Elco, PA	15434
Eldena, IL	61324
Elderon, WI	54429
Elderton, PA	15736
Eldon, IA	52554
Eldon, MO	65026
Eldora, IA	50627
Eldorado Springs, CO	80025
Eldorado, IL	62930
Eldorado, OH	45321
Eldorado, OK	73537
Eldorado, TX	76936
Eldorado, WI	54932
Eldred, IL	62027
Eldred, NY	12732
Eldred, PA	16731
Eldridge, AL	35554
Eldridge, CA	95431
Eldridge, IA	52748
Eldridge, MO	65463
Eleanor, WV	25070
Electra, TX	76360
Electric City, WA	99123
Eleele, HI	96705
Elephant Butte, NM	87935
Eleroy, IL	61027
Eleva, WI	54738
Elfers, FL	34680
Elfin Cove, AK	99825
Elfrida, AZ	85610
Elgin, AZ	85611
Elgin, IA	52141
Elgin, MN	55932
Elgin, ND	58533
Elgin, NE	68636
Elgin, OH	45838
Elgin, OK	73538
Elgin, OR	97827
Elgin, PA	16413
Elgin, SC	29045
Elgin, TN	37732
Elgin, TX	78621
Elida, NM	88116
Elim, AK	99739
Eliot, ME	03903
Elizabeth, AR	72531
Elizabeth, CO	80107
Elizabeth, IL	61028
Elizabeth, IN	47117
Elizabeth, LA	70638
Elizabeth, MN	56533
Elizabeth, PA	15037
Elizabeth, WV	26143
Elizabethport, NJ	07206
Elizabethtown, IL	62931
Elizabethtown, IN	47232
Elizabethtown, NC	28337
Elizabethtown, NY	12932
Elizabethtown, PA	17022
Elizabethville, PA	17023
Elizaville, KY	41037
Elizaville, NY	12523
Elk City, ID	83525
Elk City, KS	67344
Elk Creek, CA	95939
Elk Creek, MO	65464
Elk Creek, NE	68348
Elk Creek, VA	24326
Elk Falls, KS	67345
Elk Garden, WV	26717
Elk Horn, IA	51531
Elk Horn, KY	42733
Elk Mills, MD	21920
Elk Mound, WI	54739
Elk Mountain, WY	82324
Elk Park, NC	28622
Elk Point, SD	57025
Elk Rapids, MI	49629
Elk River, ID	83827
Elk River, MN	55330
Elk, CA	95432
Elk, WA	99009
Elka Park, NY	12427
Elkader, IA	52043
Elkfork, KY	41421
Elkhart Lake, WI	53020
Elkhart, IA	50073
Elkhart, IL	62634
Elkhart, KS	67950
Elkhart, TX	75839
Elkhorn City, KY	41522
Elkhorn, NE	68022
Elkhorn, WI	53121
Elkhorn, WV	24831
Elkin, NC	28621
Elkins Park, PA	19027
Elkins, AR	72727
Elkins, NH	03233
Elkins, WV	26241
Elkland, MO	65644
Elkland, PA	16920
Elkmont, AL	35620
Elko, GA	31025
Elko, SC	29826
Elkport, IA	52044
Elkridge, MD	21075
Elkton, FL	32033
Elkton, KY	42220
Elkton, MI	48731
Elkton, MN	55933
Elkton, OH	44415
Elkton, OR	97436
Elkton, SD	57026
Elkton, TN	38455
Elkton, VA	22827
Elkview, WV	25071
Elkville, IL	62932
Elkwood, VA	22718
Ellabell, GA	31308
Ellamore, WV	26267
Ellaville, GA	31806
Ellenboro, NC	28040
Ellenboro, WV	26346
Ellenburg Center, NY	12934
Ellenburg Depot, NY	12935
Ellenburg, NY	12933
Ellendale, DE	19941
Ellendale, MN	56026
Ellendale, ND	58436
Ellendale, TN	38029
Ellensburg, WA	98926
Ellenton, FL	34222
Ellenton, GA	31747
Ellenville, NY	12428
Ellenwood, GA	30294
Ellerbe, NC	28338
Ellerslie, GA	31807
Ellerslie, MD	21529
Ellery, IL	62833
Ellettsville, IN	47429
Ellicottville, NY	14731
Ellinger, TX	78938
Ellington, CT	06029
Ellington, MO	63638
Ellington, NY	14732
Ellinwood, KS	67526
Elliott, IA	51532
Elliott, IL	60933
Elliott, MS	38926
Elliott, SC	29046
Elliottsburg, PA	17024
Elliottville, KY	40317
Ellis Grove, IL	62241
Ellis, ID	83235
Ellis, KS	67637
Ellisburg, NY	13636
Ellison Bay, WI	54210
Elliston, MT	59728
Elliston, VA	24087
Ellisville, IL	61431
Ellisville, MS	39437
Elloree, SC	29047
Ellsinore, MO	63937
Ellston, IA	50074
Ellsworth AFB, SD	57706
Ellsworth, IA	50075
Ellsworth, IL	61737
Ellsworth, KS	67439
Ellsworth, ME	04605
Ellsworth, MI	49729
Ellsworth, MN	56129
Ellsworth, NE	69340
Ellsworth, OH	44416
Ellsworth, PA	15331
Ellsworth, WI	54011
Ellwood City, PA	16117
Elm City, NC	27822
Elm Creek, NE	68836
Elm Grove, LA	71051
Elm Grove, WI	53122
Elm Hall, MI	48830
Elm Mott, TX	76640
Elm Springs, AR	72728
Elm, PA	17521
Elma, IA	50628
Elma, NY	14059
Elma, WA	98541
Elmaton, TX	77440
Elmdale, KS	66850
Elmendorf, TX	78112
Elmer City, WA	99124
Elmer, LA	71424
Elmer, MO	63538
Elmer, NJ	08318
Elmer, OK	73539
Elmhurst, IL	60126
Elmhurst, PA	18416
Elmira, CA	95625
Elmira, MI	49730
Elmira, OR	97437
Elmo, MO	64445
Elmo, MT	59915
Elmo, TX	75118
Elmo, UT	84521
Elmont, NY	11003
Elmora, PA	15737
Elmore City, OK	73433
Elmore, AL	36025
Elmore, MN	56027
Elmore, OH	43416
Elmsford, NY	10523
Elmwood Park, IL	60707
Elmwood Park, NJ	07407
Elmwood, IL	61529
Elmwood, MA	02337
Elmwood, NE	68349
Elmwood, TN	38560
Elmwood, WI	54740
Elnora, IN	47529
Elon, NC	27244
Elora, TN	37328
Elrama, PA	15038
Elrod, AL	35458
Elrosa, MN	56325
Elroy, WI	53929
Elsa, TX	78543
Elsah, IL	62028
Elsberry, MO	63343
Elsie, MI	48831
Elsie, NE	69134
Elsinore, UT	84724
Elsmere, NE	69135
Elsmore, KS	66732
Elton, LA	70532
Elton, PA	15934
Elton, WI	54430
Elton, WV	25965
Eltopia, WA	99330
Elvaston, IL	62334
Elverson, PA	19520
Elverta, CA	95626
Elwell, MI	48832
Elwin, IL	62532
Elwood, IL	60421
Elwood, IN	46036
Elwood, KS	66024
Elwood, NE	68937
Elwood, NJ	08217
Ely, IA	52227
Ely, MN	55731
Elyria, NE	68837
Elysburg, PA	17824
Elysian Fields, TX	75642
Elysian, MN	56028
Embarrass, MN	55732
Embarrass, WI	54933
Emblem, WY	82422
Embudo, NM	87531
Emden, IL	62635
Emden, MO	63439
Emeigh, PA	15738
Emelle, AL	35459
Emerado, ND	58228
Emerald Isle, NC	28594
Emerson, AR	71740
Emerson, GA	30137
Emerson, IA	51533
Emerson, KY	41135
Emerson, NE	68733
Emerson, NJ	07630
Emery, SD	57332
Emery, UT	84522
Emigrant Gap, CA	95715
Emigrant, MT	59027
Emigsville, PA	17318
Emily, MN	56447
Eminence, IN	46125
Eminence, KY	40019
Eminence, MO	65466
Emington, IL	60934
Emlenton, PA	16373
Emlyn, KY	40730
Emma, IL	62834
Emma, MO	65327
Emmalena, KY	41740
Emmet, AR	71835
Emmet, NE	68734
Emmetsburg, IA	50536
Emmett, ID	83617
Emmett, KS	66422
Emmett, MI	48022
Emmitsburg, MD	21727
Emmonak, AK	99581
Emmons, MN	56029
Emory, TX	75440
Emory, VA	24327
Empire, AL	35063
Empire, CA	95319
Empire, CO	80438
Empire, LA	70050
Empire, MI	49630
Empire, NV	89405
Empire, OH	43926
Emporia, KS	66801
Emporia, VA	23847
Emporium, PA	15834
Encampment, WY	82325
Encinal, TX	78019
Encino, NM	88321
Encino, TX	78353
Endeavor, PA	16322
Endeavor, WI	53930
Enderlin, ND	58027
Enders, NE	69027
Endicott, NE	68350
Endicott, WA	99125
Endwell, NY	13762
Energy, IL	62933
Energy, TX	76452
Enfield Center, NH	03749
Enfield, IL	62835
Enfield, NC	27823
Enfield, NH	03748
Engadine, MI	49827
Engelhard, NC	27824
England, AR	72046
Englewood Cliffs, NJ	07632
Englewood, KS	67840
Englewood, NJ	07631
Englewood, OH	45322
Englewood, TN	37329
English, IN	47118
Englishtown, NJ	07726
Enid, MS	38927
Enigma, GA	31749
Enka, NC	28728
Enloe, TX	75441
Ennice, NC	28623
Enning, SD	57737
Ennis, MT	59729
Enochs, TX	79324
Enola, AR	72047
Enola, PA	17025
Enon Valley, PA	16120
Enon, OH	45323
Enoree, SC	29335
Enosburg Falls, VT	05450
Ensign, KS	67841
Enterprise, KS	67441
Enterprise, LA	71425
Enterprise, MS	39330
Enterprise, OR	97828
Enterprise, UT	84725
Enterprise, WV	26568
Entiat, WA	98822
Entriken, PA	16638
Enumclaw, WA	98022
Enville, TN	38332
Eola, IL	60519
Eola, TX	76937
Eolia, KY	40826
Eolia, MO	63344
Epes, AL	35460
Ephraim, UT	84627
Ephraim, WI	54211
Ephrata, PA	17522
Ephrata, WA	98823
Epping, ND	58843
Epping, NH	03042
Epps, LA	71237
Epsom, NH	03234
Epworth, GA	30541
Epworth, IA	52045
Equality, AL	36026
Equality, IL	62934
Equinunk, PA	18417
Era, TX	76238
Erath, LA	70533
Erbacon, WV	26203
Erhard, MN	56534
Erick, OK	73645
Ericson, NE	68637
Erie, CO	80516
Erie, IL	61250
Erie, KS	66733
Erie, MI	48133
Erie, ND	58029
Erieville, NY	13061
Eriline, KY	40931
Erin, NY	14838
Erin, TN	37061
Ermine, KY	41815
Ernest, PA	15739
Ernul, NC	28527
Eros, LA	71238
Errol, NH	03579
Erskine, MN	56535
Erving, MA	01344
Erwin, NC	28339
Erwin, SD	57233
Erwin, TN	37650
Erwinna, PA	18920
Erwinville, LA	70729
Esbon, KS	66941
Escalante, UT	84726
Escalon, CA	95320
Escanaba, MI	49829
Escatawpa, MS	39552
Eskdale, WV	25075
Esko, MN	55733
Eskridge, KS	66423
Esmond, IL	60129
Esmond, ND	58332
Esmont, VA	22937
Esom Hill, GA	30138
Esopus, NY	12429
Esparto, CA	95627
Esperance, NY	12066
Essex Fells, NJ	07021
Essex, CA	92332
Essex, CT	06426
Essex, IA	51638
Essex, IL	60935
Essex, MA	01929
Essex, MD	21221
Essex, MO	63846
Essex, MT	59916
Essex, NY	12936
Essex, VT	05451
Essexville, MI	48732
Essie, KY	40827
Essig, MN	56030
Essington, PA	19029
Estacada, OR	97023
Estancia, NM	87016
Estcourt Station, ME	04741
Estell Manor, NJ	08319
Estelline, SD	57234
Estelline, TX	79233
Ester, AK	99725
Estherville, IA	51334
Estherwood, LA	70534
Estill Springs, TN	37330
Estill, SC	29918
Estillfork, AL	35745
Ethan, SD	57334
Ethel, AR	72048
Ethel, LA	70730
Ethel, MO	63539
Ethel, MS	39067
Ethel, WA	98542
Ethel, WV	25076
Ethelsville, AL	35461
Ether, NC	27247
Ethridge, MT	59435
Ethridge, TN	38456
Etlan, VA	22719
Etna Green, IN	46524
Etna, CA	96027
Etna, ME	04434
Etna, NH	03750
Etna, NY	13062
Etna, OH	43018
Etna, WY	83118
Etoile, KY	42131
Etoile, TX	75944
Eton, GA	30724
Etowah, AR	72428
Etowah, NC	28729
Etowah, TN	37331
Etta, MS	38627
Etters, PA	17319
Ettrick, WI	54627
Eubank, KY	42567
Eucha, OK	74342
Euclid, MN	56722
Eudora, AR	71640
Eudora, KS	66025
Eufaula, OK	74432
Eugene, MO	65032
Eunice, LA	70535
Eunice, MO	65468
Eunice, NM	88231
Eupora, MS	39744
Eure, NC	27935
Eureka, IL	61530
Eureka, KS	67045
Eureka, MI	48833
Eureka, MO	63025
Eureka, MT	59917
Eureka, NV	89316
Eureka, SD	57437
Eureka, UT	84628
Eureka, WI	54934
Eustace, TX	75124
Eustis, ME	04936
Eustis, NE	69028
Eutaw, AL	35462
Eutawville, SC	29048
Eva, AL	35621
Eva, TN	38333
Evadale, TX	77615
Evangeline, LA	70537
Evans City, PA	16033
Evans Mills, NY	13637
Evans, CO	80620
Evans, GA	30809
Evans, LA	70639
Evans, WA	99126
Evans, WV	25241
Evansdale, IA	50707
Evansport, OH	43519
Evanston, IN	47531
Evansville, AR	72729
Evansville, IL	62242
Evansville, MN	56326
Evansville, WI	53536
Evansville, WY	82636
Evant, TX	76525
Evart, MI	49631
Evarts, KY	40828
Eveleth, MN	55734
Evening Shade, AR	72532
Evensville, TN	37332
Everest, KS	66424
Everett, MA	02149
Everett, PA	15537
Everetts, NC	27825
Everglades City, FL	34139
Evergreen Park, IL	60805
Evergreen, AL	36401
Evergreen, LA	71333
Evergreen, NC	28438
Evergreen, VA	23939
Everly, IA	51338
Everson, PA	15631
Everson, WA	98247
Everton, AR	72633
Everton, MO	65646
Evington, VA	24550
Evinston, FL	32633
Ewa Beach, HI	96706
Ewan, NJ	08025
Ewell, MD	21824
Ewen, MI	49925
Ewing, IL	62836
Ewing, KY	41039
Ewing, MO	63440
Ewing, NE	68735
Ewing, VA	24248
Excel, AL	36439
Excello, MO	65247
Excelsior Springs, MO	64024
Excelsior, MN	55331
Exchange, WV	26619
Exeland, WI	54835
Exeter, CA	93221
Exeter, ME	04435
Exeter, MO	65647
Exeter, NE	68351
Exeter, NH	03833
Exeter, RI	02822
Exira, IA	50076
Exline, IA	52555
Exmore, VA	23350
Experiment, GA	30212
Export, PA	15632
Exton, PA	19341
Eyota, MN	55934
Ezel, KY	41425
Fabens, TX	79838
Faber, VA	22938
Fabius, NY	13063
Fabyan, CT	06245
Fackler, AL	35746
Factoryville, PA	18419
Fagus, MO	63938
Fair Bluff, NC	28439
Fair Grove, MO	65648
Fair Haven, MI	48023
Fair Haven, NJ	07704
Fair Haven, NY	13064
Fair Haven, VT	05743
Fair Lawn, NJ	07410
Fair Oaks, CA	95628
Fair Oaks, IN	47943
Fair Play, MO	65649
Fair Play, SC	29643
Fairacres, NM	88033
Fairbank, IA	50629
Fairbank, PA	15435
Fairbanks, IN	47849
Fairbanks, LA	71240
Fairborn, OH	45324
Fairburn, GA	30213
Fairburn, SD	57738
Fairbury, IL	61739
Fairbury, NE	68352
Fairchance, PA	15436
Fairchild Air Force Base, WA	99011
Fairchild, WI	54741
Fairdale, KY	40118
Fairdale, ND	58229
Fairdale, WV	25839
Fairdealing, MO	63939
Fairfax Station, VA	22039
Fairfax, IA	52228
Fairfax, MN	55332
Fairfax, MO	64446
Fairfax, OK	74637
Fairfax, SC	29827
Fairfax, SD	57335
Fairfax, VT	05454
Fairfield Bay, AR	72088
Fairfield, AL	35064
Fairfield, FL	32634
Fairfield, ID	83327
Fairfield, IL	62837
Fairfield, KY	40020
Fairfield, ME	04937
Fairfield, MT	59436
Fairfield, NC	27826
Fairfield, ND	58627
Fairfield, NE	68938
Fairfield, NJ	07004
Fairfield, PA	17320
Fairfield, TX	75840
Fairfield, VA	24435
Fairfield, VT	05455
Fairfield, WA	99012
Fairforest, SC	29336
Fairgrove, MI	48733
Fairhaven, MA	02719
Fairhope, PA	15538
Fairland, IN	46126
Fairland, OK	74343
Fairlawn, OH	44334
Fairlea, WV	24902
Fairlee, VT	05045
Fairless Hills, PA	19030
Fairmont, MN	56031
Fairmont, NC	28340
Fairmont, NE	68354
Fairmont, OK	73736
Fairmount City, PA	16224
Fairmount, GA	30139
Fairmount, IL	61841
Fairmount, IN	46928
Fairmount, ND	58030
Fairplay, CO	80440
Fairplay, MD	21733
Fairpoint, OH	43927
Fairport, NY	14450
Fairton, NJ	08320
Fairview Heights, IL	62208
Fairview Village, PA	19409
Fairview, IL	61432
Fairview, KS	66425
Fairview, KY	42221
Fairview, MI	48621
Fairview, MO	64842
Fairview, MT	59221
Fairview, NC	28730
Fairview, NJ	07022
Fairview, OH	43736
Fairview, OK	73737
Fairview, OR	97024
Fairview, PA	16415
Fairview, SD	57027
Fairview, TN	37062
Fairview, UT	84629
Fairview, WV	26570
Fairview, WY	83119
Fairwater, WI	53931
Faison, NC	28341
Faith, NC	28041
Faith, SD	57626
Falcon Heights, TX	78545
Falcon, KY	41426
Falcon, MO	65470
Falcon, NC	28342
Falconer, NY	14733
Falfurrias, TX	78355
Falkland, NC	27827
Falkner, MS	38629
Falkville, AL	35622
Fall Branch, TN	37656
Fall City, WA	98024
Fall Creek, OR	97438
Fall Creek, WI	54742
Fall River Mills, CA	96028
Fall River, KS	67047
Fall River, WI	53932
Fall Rock, KY	40932
Fallentimber, PA	16639
Falling Rock, WV	25079
Falling Waters, WV	25419
Fallon, MT	59326
Falls City, NE	68355
Falls City, OR	97344
Falls City, TX	78113
Falls Creek, PA	15840
Falls Mills, VA	24613
Falls Of Rough, KY	40119
Falls Village, CT	06031
Falls, PA	18615
Fallsburg, NY	12733
Fallston, MD	21047
Fallston, NC	28042
Falmouth, IN	46127
Falmouth, KY	41040
Falmouth, ME	04105
Falmouth, MI	49632
False Pass, AK	99583
Falun, KS	67442
Fancher, NY	14452
Fancy Farm, KY	42039
Fancy Gap, VA	24328
Fannettsburg, PA	17221
Fannin, TX	77960
Fanrock, WV	24834
Fanshawe, OK	74935
Fanwood, NJ	07023
Far Hills, NJ	07931
Farber, MO	63345
Fargo, GA	31631
Fargo, OK	73840
Faribault, MN	55021
Farina, IL	62838
Farley, IA	52046
Farley, MO	64028
Farlington, KS	66734
Farmdale, OH	44417
Farmer City, IL	61842
Farmer, OH	43520
Farmers, KY	40319
Farmersburg, IA	52047
Farmersburg, IN	47850
Farmersville Station, NY	14060
Farmersville, CA	93223
Farmersville, IL	62533
Farmersville, OH	45325
Farmersville, TX	75442
Farmerville, LA	71241
Farmingdale, ME	04344
Farmingdale, NJ	07727
Farmington Falls, ME	04940
Farmington, AR	72730
Farmington, CA	95230
Farmington, GA	30638
Farmington, IA	52626
Farmington, IL	61531
Farmington, KY	42040
Farmington, ME	04938
Farmington, MN	55024
Farmington, MO	63640
Farmington, NH	03835
Farmington, NY	14425
Farmington, PA	15437
Farmington, UT	84025
Farmington, WA	99128
Farmington, WV	26571
Farmingville, NY	11738
Farmland, IN	47340
Farmville, NC	27828
Farnam, NE	69029
Farner, TN	37333
Farnham, NY	14061
Farnham, VA	22460
Farnhamville, IA	50538
Farnsworth, TX	79033
Farragut, IA	51639
Farragut, TN	37934
Farrar, MO	63746
Farrell, MS	38630
Farrell, PA	16121
Farson, WY	82932
Farwell, MI	48622
Farwell, MN	56327
Farwell, NE	68838
Farwell, TX	79325
Fate, TX	75132
Faucett, MO	64448
Faulkner, MD	20632
Faulkton, SD	57438
Faunsdale, AL	36738
Fawn Grove, PA	17321
Fawnskin, CA	92333
Faxon, OK	73540
Fay, OK	73646
Fayette City, PA	15438
Fayette, AL	35555
Fayette, IA	52142
Fayette, MO	65248
Fayette, NY	13065
Fayette, OH	43521
Fayette, UT	84630
Fayetteville, NY	13066
Fayetteville, OH	45118
Fayetteville, PA	17222
Fayetteville, TN	37334
Fayetteville, TX	78940
Fayetteville, WV	25840
Fayville, MA	01745
Faywood, NM	88034
Fe Warren AFB, WY	82005
Feasterville Trevose, PA	19053
Feather Falls, CA	95940
Federal Dam, MN	56641
Federalsburg, MD	21632
Fedora, SD	57337
Fedscreek, KY	41524
Feeding Hills, MA	01030
Feesburg, OH	45119
Felch, MI	49831
Felda, FL	33930
Felicity, OH	45120
Fellows, CA	93224
Fellsmere, FL	32948
Felt, ID	83424
Felt, OK	73937
Felton, CA	95018
Felton, DE	19943
Felton, GA	30140
Felton, MN	56536
Felton, PA	17322
Felts Mills, NY	13638
Fence Lake, NM	87315
Fence, WI	54120
Fenelton, PA	16034
Fenn, ID	83531
Fennimore, WI	53809
Fennville, MI	49408
Fenton, IA	50539
Fenton, IL	61251
Fenton, LA	70640
Fenton, MI	48430
Fentress, TX	78622
Fenwick Island, DE	19944
Fenwick, MI	48834
Fenwick, WV	26202
Ferdinand, ID	83526
Ferdinand, IN	47532
Ferguson, IA	50078
Ferguson, KY	42533
Ferguson, NC	28624
Ferndale, CA	95536
Ferndale, FL	34729
Ferndale, MI	48220
Ferndale, NY	12734
Ferndale, PA	18921
Ferndale, WA	98248
Ferney, SD	57439
Fernley, NV	89408
Fernwood, ID	83830
Fernwood, MS	39635
Ferriday, LA	71334
Ferris, IL	62336
Ferris, TX	75125
Ferrisburgh, VT	05456
Ferron, UT	84523
Ferrum, VA	24088
Ferrysburg, MI	49409
Ferryville, WI	54628
Fertile, IA	50434
Fertile, MN	56540
Fessenden, ND	58438
Festus, MO	63028
Feura Bush, NY	12067
Fiatt, IL	61433
Fiddletown, CA	95629
Fidelity, IL	62030
Fieldale, VA	24089
Fielding, UT	84311
Fieldon, IL	62031
Fields Landing, CA	95537
Fields, OR	97710
Fieldton, TX	79326
Fife Lake, MI	49633
Fife, WA	98424
Fifield, WI	54524
Fifty Lakes, MN	56448
Fifty Six, AR	72533
Filer City, MI	49634
Filer, ID	83328
Filion, MI	48432
Filley, NE	68357
Fillmore, IL	62032
Fillmore, IN	46128
Fillmore, MO	64449
Fillmore, NY	14735
Fillmore, UT	84631
Fincastle, VA	24090
Finchville, KY	40022
Findlay, IL	62534
Findley Lake, NY	14736
Fine, NY	13639
Fingal, ND	58031
Finger, TN	38334
Fingerville, SC	29338
Finksburg, MD	21048
Finland, MN	55603
Finlayson, MN	55735
Finley, CA	95435
Finley, ND	58230
Finley, OK	74543
Finley, TN	38030
Finleyville, PA	15332
Finly, IN	46129
Firebaugh, CA	93622
Firestone, CO	80520
Firth, ID	83236
Firth, NE	68358
Fischer, TX	78623
Fish Camp, CA	93623
Fish Creek, WI	54212
Fish Haven, ID	83287
Fisher, AR	72429
Fisher, IL	61843
Fisher, LA	71426
Fisher, MN	56723
Fisher, PA	16225
Fisher, WV	26818
Fishers Hill, VA	22626
Fishers Island, NY	06390
Fishers Landing, NY	13641
Fishers, NY	14453
Fishersville, VA	22939
Fishertown, PA	15539
Fisherville, KY	40023
Fishing Creek, MD	21634
Fishkill, NY	12524
Fishs Eddy, NY	13774
Fishtail, MT	59028
Fisk, MO	63940
Fiskdale, MA	01518
Fiskeville, RI	02823
Fisty, KY	41743
Fitchburg, MA	01420
Fithian, IL	61844
Fittstown, OK	74842
Fitzgerald, GA	31750
Fitzhugh, OK	74843
Fitzpatrick, AL	36029
Fitzwilliam, NH	03447
Five Points, AL	36855
Five Points, CA	93624
Five Points, TN	38457
Flag Pond, TN	37657
Flagler Beach, FL	32136
Flagler, CO	80815
Flagtown, NJ	08821
Flanagan, IL	61740
Flanders, NJ	07836
Flandreau, SD	57028
Flasher, ND	58535
Flat Lick, KY	40935
Flat Rock, AL	35966
Flat Rock, IL	62427
Flat Rock, IN	47234
Flat Rock, MI	48134
Flat Rock, NC	28731
Flat Rock, OH	44828
Flat Top, WV	25841
Flat, TX	76526
Flatgap, KY	41219
Flatonia, TX	78941
Flatwoods, KY	41139
Flatwoods, LA	71427
Flatwoods, WV	26621
Flaxton, ND	58737
Flaxville, MT	59222
Fleetville, PA	18420
Fleetwood, NC	28626
Fleetwood, PA	19522
Fleischmanns, NY	12430
Fleming, CO	80728
Fleming, GA	31309
Fleming, OH	45729
Fleming, PA	16835
Flemingsburg, KY	41041
Flemington, MO	65650
Flemington, NJ	08822
Flemington, WV	26347
Flensburg, MN	56328
Fletcher, MO	63030
Fletcher, NC	28732
Fletcher, OH	45326
Fletcher, OK	73541
Flicksville, PA	18050
Flint Hill, VA	22627
Flint, TX	75762
Flinthill, MO	63346
Flinton, PA	16640
Flintstone, GA	30725
Flintstone, MD	21530
Flintville, TN	37335
Flippin, AR	72634
Flom, MN	56541
Flomaton, AL	36441
Flomot, TX	79234
Floodwood, MN	55736
Flora Vista, NM	87415
Flora, IL	62839
Flora, IN	46929
Flora, LA	71428
Flora, MS	39071
Florahome, FL	32140
Floral City, FL	34436
Floral, AR	72534
Florala, AL	36442
Florence, IN	47020
Florence, KS	66851
Florence, MA	01062
Florence, MO	65329
Florence, MS	39073
Florence, MT	59833
Florence, NJ	08518
Florence, OR	97439
Florence, SD	57235
Florence, TX	76527
Florence, VT	05744
Florence, WI	54121
Floresville, TX	78114
Florham Park, NJ	07932
Florida, NY	10921
Florien, LA	71429
Floris, IA	52560
Florissant, CO	80816
Floriston, CA	96111
Flossmoor, IL	60422
Flournoy, CA	96029
Flourtown, PA	19031
Flovilla, GA	30216
Floweree, MT	59440
Flowery Branch, GA	30542
Flowood, MS	39232
Floyd, IA	50435
Floyd, NM	88118
Floyd, VA	24091
Floydada, TX	79235
Floyds Knobs, IN	47119
Fluker, LA	70436
Flushing, MI	48433
Flushing, OH	43977
Fluvanna, TX	79517
Fly Creek, NY	13337
Flynn, TX	77855
Fogelsville, PA	18051
Folcroft, PA	19032
Foley, MN	56329
Foley, MO	63347
Folkston, GA	31537
Follansbee, WV	26037
Follett, TX	79034
Folly Beach, SC	29439
Folsom, LA	70437
Folsom, NM	88419
Folsom, PA	19033
Folsom, WV	26348
Folsomville, IN	47614
Fombell, PA	16123
Fonda, IA	50540
Fonda, NY	12068
Fontana Dam, NC	28733
Fontana, KS	66026
Fontana, WI	53125
Fontanelle, IA	50846
Fontanet, IN	47851
Foosland, IL	61845
Foothill Ranch, CA	92610
Footville, WI	53537
Forbes Road, PA	15633
Forbes, MN	55738
Forbes, ND	58439
Forbestown, CA	95941
Force, PA	15841
Ford City, PA	16226
Ford Cliff, PA	16228
Ford, KS	67842
Ford, VA	23850
Ford, WA	99013
Fordland, MO	65652
Fordoche, LA	70732
Fords Branch, KY	41526
Fords, NJ	08863
Fordsville, KY	42343
Fordville, ND	58231
Fordyce, AR	71742
Fordyce, NE	68736
Foreman, AR	71836
Forest City, IA	50436
Forest City, IL	61532
Forest City, MO	64451
Forest City, NC	28043
Forest City, PA	18421
Forest Dale, VT	05745
Forest Falls, CA	92339
Forest Grove, MT	59441
Forest Grove, OR	97116
Forest Grove, PA	18922
Forest Hill, LA	71430
Forest Hill, MD	21050
Forest Hill, WV	24935
Forest Hills, KY	41527
Forest Hills, NY	11375
Forest Home, AL	36030
Forest Junction, WI	54123
Forest Knolls, CA	94933
Forest Lake, MN	55025
Forest Lakes, AZ	85931
Forest Park, IL	60130
Forest Ranch, CA	95942
Forest River, ND	58233
Forest, IN	46039
Forest, LA	71242
Forest, MS	39074
Forest, OH	45843
Forest, VA	24551
Forestburg, TX	76239
Forestburgh, NY	12777
Forestdale, MA	02644
Forestdale, RI	02824
Foresthill, CA	95631
Foreston, MN	56330
Forestport, NY	13338
Forestville, CA	95436
Forestville, MI	48434
Forestville, NY	14062
Forestville, PA	16035
Forestville, WI	54213
Forgan, OK	73938
Foristell, MO	63348
Fork Union, VA	23055
Fork, MD	21051
Fork, SC	29543
Forked River, NJ	08731
Forkland, AL	36740
Forks Of Salmon, CA	96031
Forks, WA	98331
Forksville, PA	18616
Forman, ND	58032
Formoso, KS	66942
Forney, TX	75126
Forrest, IL	61741
Forreston, IL	61030
Forreston, TX	76041
Forsan, TX	79733
Forsyth, GA	31029
Forsyth, IL	62535
Forsyth, MO	65653
Forsyth, MT	59327
Fort Ann, NY	12827
Fort Apache, AZ	85926
Fort Ashby, WV	26719
Fort Atkinson, IA	52144
Fort Atkinson, WI	53538
Fort Bayard, NM	88036
Fort Belvoir, VA	22060
Fort Benton, MT	59442
Fort Bidwell, CA	96112
Fort Blackmore, VA	24250
Fort Bragg, CA	95437
Fort Branch, IN	47648
Fort Bridger, WY	82933
Fort Calhoun, NE	68023
Fort Campbell, KY	42223
Fort Cobb, OK	73038
Fort Covington, NY	12937
Fort Davis, AL	36031
Fort Davis, TX	79734
Fort Defiance, AZ	86504
Fort Defiance, VA	24437
Fort Deposit, AL	36032
Fort Dick, CA	95538
Fort Dodge, IA	50501
Fort Dodge, KS	67843
Fort Drum, NY	13602
Fort Duchesne, UT	84026
Fort Edward, NY	12828
Fort Eustis, VA	23604
Fort Fairfield, ME	04742
Fort Gaines, GA	39851
Fort Garland, CO	81133
Fort Gay, WV	25514
Fort George G Meade, MD	20755
Fort Gibson, OK	74434
Fort Gratiot, MI	48059
Fort Greely, AK	99731
Fort Hall, ID	83203
Fort Hancock, TX	79839
Fort Harrison, MT	59636
Fort Hill, PA	15540
Fort Hood, TX	76544
Fort Howard, MD	21052
Fort Hunter, NY	12069
Fort Irwin, CA	92310
Fort Jennings, OH	45844
Fort Johnson, NY	12070
Fort Jones, CA	96032
Fort Kent Mills, ME	04744
Fort Kent, ME	04743
Fort Klamath, OR	97626
Fort Laramie, WY	82212
Fort Lawn, SC	29714
Fort Leavenworth, KS	66027
Fort Lee, NJ	07024
Fort Lee, VA	23801
Fort Leonard Wood, MO	65473
Fort Littleton, PA	17223
Fort Loramie, OH	45845
Fort Loudon, PA	17224
Fort Lupton, CO	80621
Fort Lyon, CO	81038
Fort Madison, IA	52627
Fort Mc Coy, FL	32134
Fort Mc Kavett, TX	76841
Fort Mcdowell, AZ	85264
Fort Meade, FL	33841
Fort Meade, SD	57741
Fort Mitchell, AL	36856
Fort Mitchell, VA	23941
Fort Monmouth, NJ	07703
Fort Monroe, VA	23651
Fort Montgomery, NY	10922
Fort Morgan, CO	80701
Fort Myer, VA	22211
Fort Necessity, LA	71243
Fort Ogden, FL	34267
Fort Oglethorpe, GA	30742
Fort Peck, MT	59223
Fort Pierre, SD	57532
Fort Plain, NY	13339
Fort Polk, LA	71459
Fort Ransom, ND	58033
Fort Recovery, OH	45846
Fort Riley, KS	66442
Fort Ripley, MN	56449
Fort Ritner, IN	47430
Fort Rock, OR	97735
Fort Rucker, AL	36362
Fort Scott, KS	66701
Fort Shafter, HI	96858
Fort Shaw, MT	59443
Fort Sheridan, IL	60037
Fort Sill, OK	73503
Fort Smith, MT	59035
Fort Stanton, NM	88323
Fort Stockton, TX	79735
Fort Sumner, NM	88119
Fort Supply, OK	73841
Fort Thomas, AZ	85536
Fort Thomas, KY	41075
Fort Thompson, SD	57339
Fort Totten, ND	58335
Fort Towson, OK	74735
Fort Valley, GA	31030
Fort Valley, VA	22652
Fort Wainwright, AK	99703
Fort Washakie, WY	82514
Fort White, FL	32038
Fort Wingate, NM	87316
Fort Yates, ND	58538
Fort Yukon, AK	99740
Fortescue, NJ	08321
Fortine, MT	59918
Fortson, GA	31808
Fortuna, CA	95540
Fortuna, MO	65034
Fortuna, ND	58844
Fortville, IN	46040
Foss, OK	73647
Fossil, OR	97830
Fosston, MN	56542
Foster City, MI	49834
Foster, KY	41043
Foster, MO	64745
Foster, OK	73434
Foster, OR	97345
Foster, RI	02825
Foster, VA	23056
Foster, WV	25081
Fosters, AL	35463
Fosterville, TN	37063
Fostoria, IA	51340
Fostoria, KS	66426
Fostoria, MI	48435
Fostoria, OH	44830
Fouke, AR	71837
Fountain City, IN	47341
Fountain City, WI	54629
Fountain Green, UT	84632
Fountain Hill, AR	71642
Fountain Inn, SC	29644
Fountain Run, KY	42133
Fountain, CO	80817
Fountain, FL	32438
Fountain, MI	49410
Fountain, MN	55935
Fountain, NC	27829
Fountaintown, IN	46130
Fountainville, PA	18923
Four Corners, WY	82715
Four Lakes, WA	99014
Four Oaks, NC	27524
Four States, WV	26572
Fourmile, KY	40939
Fowler, CA	93625
Fowler, CO	81039
Fowler, IL	62338
Fowler, IN	47944
Fowler, KS	67844
Fowler, MI	48835
Fowler, OH	44418
Fowlerton, IN	46930
Fowlerton, TX	78021
Fowlerville, MI	48836
Fowlstown, GA	39852
Fox Island, WA	98333
Fox Lake, IL	60020
Fox Lake, WI	53933
Fox River Grove, IL	60021
Fox, AR	72051
Fox, OK	73435
Foxboro, MA	02035
Foxboro, WI	54836
Foxburg, PA	16036
Foxhome, MN	56543
Foxworth, MS	39483
Foyil, OK	74031
Frakes, KY	40940
Frametown, WV	26623
Francestown, NH	03043
Francesville, IN	47946
Francis Creek, WI	54214
Francis, OK	74844
Francisco, IN	47649
Francitas, TX	77961
Franconia, NH	03580
Franconia, PA	18924
Frankewing, TN	38459
Frankford, DE	19945
Frankford, MO	63441
Frankford, WV	24938
Frankfort Heights, IL	62840
Frankfort, IL	60423
Frankfort, IN	46041
Frankfort, KS	66427
Frankfort, ME	04438
Frankfort, MI	49635
Frankfort, NY	13340
Frankfort, OH	45628
Frankfort, SD	57440
Franklin Furnace, OH	45629
Franklin Grove, IL	61031
Franklin Lakes, NJ	07417
Franklin Park, IL	60131
Franklin Park, NJ	08823
Franklin Springs, GA	30639
Franklin Springs, NY	13341
Franklin Square, NY	11010
Franklin, AL	36444
Franklin, AR	72536
Franklin, GA	30217
Franklin, ID	83237
Franklin, IL	62638
Franklin, IN	46131
Franklin, KS	66735
Franklin, LA	70538
Franklin, MA	02038
Franklin, ME	04634
Franklin, MI	48025
Franklin, MN	55333
Franklin, MO	65250
Franklin, NE	68939
Franklin, NH	03235
Franklin, NJ	07416
Franklin, NY	13775
Franklin, OH	45005
Franklin, PA	16323
Franklin, TX	77856
Franklin, VA	23851
Franklin, VT	05457
Franklin, WI	53132
Franklin, WV	26807
Franklinton, LA	70438
Franklinton, NC	27525
Franklintown, PA	17323
Franklinville, NC	27248
Franklinville, NJ	08322
Franklinville, NY	14737
Frankston, TX	75763
Franksville, WI	53126
Frankton, IN	46044
Franktown, CO	80116
Franktown, VA	23354
Frankville, AL	36538
Frannie, WY	82423
Fraser, CO	80442
Fraser, MI	48026
Frazee, MN	56544
Frazer, MT	59225
Frazeysburg, OH	43822
Frazier Park, CA	93225
Fraziers Bottom, WV	25082
Fred, TX	77616
Frederic, MI	49733
Frederic, WI	54837
Frederica, DE	19946
Frederick, CO	80530
Frederick, IL	62639
Frederick, OK	73542
Frederick, PA	19435
Frederick, SD	57441
Fredericksburg, IA	50630
Fredericksburg, IN	47120
Fredericksburg, OH	44627
Fredericksburg, PA	17026
Fredericksburg, TX	78624
Fredericktown, MO	63645
Fredericktown, OH	43019
Fredericktown, PA	15333
Frederika, IA	50631
Fredonia, AZ	86022
Fredonia, KS	66736
Fredonia, KY	42411
Fredonia, ND	58440
Fredonia, NY	14063
Fredonia, PA	16124
Fredonia, TX	76842
Fredonia, WI	53021
Free Soil, MI	49411
Free Union, VA	22940
Freeborn, MN	56032
Freeburg, IL	62243
Freeburg, MO	65035
Freeburg, PA	17827
Freeburn, KY	41528
Freedom, CA	95019
Freedom, IN	47431
Freedom, ME	04941
Freedom, NH	03836
Freedom, NY	14065
Freedom, OK	73842
Freedom, PA	15042
Freedom, WI	54131
Freedom, WY	83120
Freehold, NJ	07728
Freehold, NY	12431
Freeland, MD	21053
Freeland, MI	48623
Freeland, PA	18224
Freeland, WA	98249
Freelandville, IN	47535
Freeman Spur, IL	62841
Freeman, MO	64746
Freeman, SD	57029
Freeman, VA	23856
Freeman, WV	24724
Freeport, FL	32439
Freeport, IL	61032
Freeport, KS	67049
Freeport, MI	49325
Freeport, MN	56331
Freeport, NY	11520
Freeport, OH	43973
Freeport, PA	16229
Freer, TX	78357
Freetown, IN	47235
Freeville, NY	13068
Freistatt, MO	65654
Fremont Center, NY	12736
Fremont, IA	52561
Fremont, IN	46737
Fremont, MO	63941
Fremont, NC	27830
Fremont, NH	03044
Fremont, OH	43420
Fremont, WI	54940
French Camp, CA	95231
French Camp, MS	39745
French Creek, WV	26218
French Gulch, CA	96033
French Lick, IN	47432
French Settlement, LA	70733
French Village, MO	63036
Frenchboro, ME	04635
Frenchburg, KY	40322
Frenchglen, OR	97736
Frenchmans Bayou, AR	72338
Frenchton, WV	26219
Frenchtown, MT	59834
Frenchtown, NJ	08825
Frenchville, ME	04745
Frenchville, PA	16836
Fresno, OH	43824
Fresno, TX	77545
Frewsburg, NY	14738
Friant, CA	93626
Friars Point, MS	38631
Friday Harbor, WA	98250
Friedens, PA	15541
Friedensburg, PA	17933
Friedheim, MO	63747
Friend, NE	68359
Friendly, WV	26146
Friendship, AR	71942
Friendship, IN	47021
Friendship, MD	20758
Friendship, ME	04547
Friendship, NY	14739
Friendship, OH	45630
Friendship, TN	38034
Friendship, WI	53934
Friendsville, MD	21531
Friendsville, PA	18818
Friendsville, TN	37737
Frierson, LA	71027
Fries, VA	24330
Friesland, WI	53935
Friona, TX	79035
Frisco City, AL	36445
Frisco, CO	80443
Frisco, NC	27936
Fritch, TX	79036
Frohna, MO	63748
Froid, MT	59226
Fromberg, MT	59029
Front Royal, VA	22630
Frontenac, KS	66763
Frontenac, MN	55026
Frontier, MI	49239
Frontier, WY	83121
Frost, MN	56033
Frost, TX	76641
Frostburg, MD	21532
Frostburg, PA	15740
Frostproof, FL	33843
Fruita, CO	81521
Fruitdale, AL	36539
Fruithurst, AL	36262
Fruitland Park, FL	34731
Fruitland, IA	52749
Fruitland, ID	83619
Fruitland, MD	21826
Fruitland, NM	87416
Fruitland, UT	84027
Fruitland, WA	99129
Fruitport, MI	49415
Fruitvale, TN	38336
Fruitvale, TX	75127
Fryburg, PA	16326
Fryeburg, ME	04037
Ft Mitchell, KY	41017
Fulda, IN	47536
Fulda, MN	56131
Fulks Run, VA	22830
Fullerton, ND	58441
Fullerton, NE	68638
Fulshear, TX	77441
Fulton, AL	36446
Fulton, AR	71838
Fulton, CA	95439
Fulton, IL	61252
Fulton, IN	46931
Fulton, KS	66738
Fulton, KY	42041
Fulton, MD	20759
Fulton, MI	49052
Fulton, MO	65251
Fulton, MS	38843
Fulton, NY	13069
Fulton, OH	43321
Fulton, SD	57340
Fulton, TX	78358
Fultondale, AL	35068
Fultonham, NY	12071
Fultonham, OH	43738
Fultonville, NY	12072
Fults, IL	62244
Funk, NE	68940
Funkstown, MD	21734
Funston, GA	31753
Fuquay Varina, NC	27526
Furlong, PA	18925
Furman, AL	36741
Furman, SC	29921
Fyffe, AL	35971
Gaastra, MI	49927
Gabbs, NV	89409
Gable, SC	29051
Gabriels, NY	12939
Gackle, ND	58442
Gadsden, SC	29052
Gadsden, TN	38337
Gage, OK	73843
Gagetown, MI	48735
Gail, TX	79738
Gaines, MI	48436
Gaines, PA	16921
Gainesboro, TN	38562
Gainestown, AL	36540
Gainesville, AL	35464
Gainesville, MO	65655
Gainesville, NY	14066
Gakona, AK	99586
Galata, MT	59444
Galatia, IL	62935
Galax, VA	24333
Galena Park, TX	77547
Galena, AK	99741
Galena, IL	61036
Galena, KS	66739
Galena, MD	21635
Galena, MO	65656
Galena, OH	43021
Gales Creek, OR	97117
Gales Ferry, CT	06335
Galesburg, KS	66740
Galesburg, MI	49053
Galesburg, ND	58035
Galesville, MD	20765
Galesville, WI	54630
Galeton, CO	80622
Galeton, PA	16922
Galien, MI	49113
Galion, OH	44833
Galivants Ferry, SC	29544
Gallagher, WV	25083
Gallant, AL	35972
Gallatin Gateway, MT	59730
Gallatin, MO	64640
Gallatin, TN	37066
Gallatin, TX	75764
Gallaway, TN	38036
Galliano, LA	70354
Gallina, NM	87017
Gallion, AL	36742
Gallipolis Ferry, WV	25515
Gallipolis, OH	45631
Gallitzin, PA	16641
Gallman, MS	39077
Galloway, OH	43119
Galloway, WI	54432
Galloway, WV	26349
Gallupville, NY	12073
Galt, CA	95632
Galt, IA	50101
Galt, IL	61037
Galt, MO	64641
Galva, IA	51020
Galva, IL	61434
Galva, KS	67443
Galveston, IN	46932
Galvin, WA	98544
Galway, NY	12074
Gamaliel, AR	72537
Gamaliel, KY	42140
Gambell, AK	99742
Gambier, OH	43022
Gambrills, MD	21054
Gamerco, NM	87317
Ganado, AZ	86505
Ganado, TX	77962
Gandeeville, WV	25243
Gann Valley, SD	57341
Gans, OK	74936
Gans, PA	15439
Gansevoort, NY	12831
Gantt, AL	36038
Gap Mills, WV	24941
Gap, PA	17527
Gapville, KY	41433
Garards Fort, PA	15334
Garber, IA	52048
Garber, OK	73738
Garberville, CA	95542
Garciasville, TX	78547
Garden City, AL	35070
Garden City, IA	50102
Garden City, ID	83714
Garden City, KS	67846
Garden City, LA	70540
Garden City, MN	56034
Garden City, MO	64747
Garden City, SD	57236
Garden City, TX	79739
Garden City, UT	84028
Garden Grove, IA	50103
Garden Plain, KS	67050
Garden Prairie, IL	61038
Garden Valley, CA	95633
Garden Valley, ID	83622
Garden, MI	49835
Gardendale, AL	35071
Gardendale, TX	79758
Gardenville, PA	18926
Gardiner, ME	04345
Gardiner, MT	59030
Gardiner, NY	12525
Gardiner, OR	97441
Gardner, CO	81040
Gardner, IL	60424
Gardner, KS	66030
Gardner, LA	71431
Gardner, MA	01440
Gardner, ND	58036
Gardners, PA	17324
Garfield, AR	72732
Garfield, GA	30425
Garfield, KS	67529
Garfield, KY	40140
Garfield, MN	56332
Garfield, NJ	07026
Garfield, NM	87936
Garfield, WA	99130
Garibaldi, OR	97118
Garita, NM	88421
Garland City, AR	71839
Garland, KS	66741
Garland, ME	04939
Garland, NC	28441
Garland, NE	68360
Garland, PA	16416
Garland, UT	84312
Garnavillo, IA	52049
Garner, AR	72052
Garner, IA	50438
Garner, KY	41817
Garner, NC	27529
Garnerville, NY	10923
Garnet Valley, PA	19060
Garnett, KS	66032
Garnett, SC	29922
Garrard, KY	40941
Garrattsville, NY	13342
Garretson, SD	57030
Garrett Park, MD	20896
Garrett, IN	46738
Garrett, KY	41630
Garrett, PA	15542
Garrett, WY	82058
Garrettsville, OH	44231
Garrison, IA	52229
Garrison, KY	41141
Garrison, MN	56450
Garrison, MO	65657
Garrison, MT	59731
Garrison, ND	58540
Garrison, NY	10524
Garrison, TX	75946
Garrison, UT	84728
Garrisonville, VA	22463
Garryowen, MT	59031
Garvin, MN	56132
Garvin, OK	74736
Garwin, IA	50632
Garwood, NJ	07027
Garwood, TX	77442
Gary, MN	56545
Gary, SD	57237
Gary, TX	75643
Gary, WV	24836
Garysburg, NC	27831
Garyville, LA	70051
Gas City, IN	46933
Gas, KS	66742
Gasburg, VA	23857
Gasconade, MO	65036
Gasport, NY	14067
Gasquet, CA	95543
Gassaway, WV	26624
Gassville, AR	72635
Gaston, IN	47342
Gaston, NC	27832
Gaston, OR	97119
Gaston, SC	29053
Gastonville, PA	15336
Gate City, VA	24251
Gate, OK	73844
Gates Mills, OH	44040
Gates, NC	27937
Gates, OR	97346
Gates, TN	38037
Gatesville, NC	27938
Gateway, AR	72733
Gateway, CO	81522
Gatewood, MO	63942
Gatlinburg, TN	37738
Gattman, MS	38844
Gatzke, MN	56724
Gauley Bridge, WV	25085
Gause, TX	77857
Gautier, MS	39553
Gay, GA	30218
Gay, WV	25244
Gaylesville, AL	35973
Gaylord, KS	67638
Gaylord, MN	55334
Gaylordsville, CT	06755
Gays Creek, KY	41745
Gays Mills, WI	54631
Gays, IL	61928
Gaysville, VT	05746
Gayville, SD	57031
Gazelle, CA	96034
Geary, OK	73040
Geddes, SD	57342
Geff, IL	62842
Geigertown, PA	19523
Geismar, LA	70734
Gem, KS	67734
Gene Autry, OK	73436
Genesee Depot, WI	53127
Genesee, ID	83832
Genesee, MI	48437
Geneseo, IL	61254
Geneseo, KS	67444
Geneseo, NY	14454
Geneva, AL	36340
Geneva, FL	32732
Geneva, GA	31810
Geneva, IA	50633
Geneva, ID	83238
Geneva, IL	60134
Geneva, IN	46740
Geneva, MN	56035
Geneva, NE	68361
Geneva, NY	14456
Geneva, OH	44041
Genoa City, WI	53128
Genoa, AR	71840
Genoa, CO	80818
Genoa, IL	60135
Genoa, NE	68640
Genoa, NV	89411
Genoa, NY	13071
Genoa, OH	43430
Genoa, WI	54632
Genoa, WV	25517
Gentry, AR	72734
Gentry, MO	64453
Gentryville, IN	47537
George West, TX	78022
George, IA	51237
George, WA	98824
Georges Mills, NH	03751
Georgetown, CA	95634
Georgetown, CO	80444
Georgetown, CT	06829
Georgetown, DE	19947
Georgetown, FL	32139
Georgetown, GA	39854
Georgetown, ID	83239
Georgetown, IL	61846
Georgetown, IN	47122
Georgetown, KY	40324
Georgetown, LA	71432
Georgetown, MA	01833
Georgetown, MD	21930
Georgetown, ME	04548
Georgetown, MN	56546
Georgetown, MS	39078
Georgetown, NY	13072
Georgetown, OH	45121
Georgetown, PA	15043
Georgetown, TN	37336
Georgiana, AL	36033
Gepp, AR	72538
Gerald, MO	63037
Geraldine, AL	35974
Geraldine, MT	59446
Gerber, CA	96035
Gering, NE	69341
Gerlach, NV	89412
Gerlaw, IL	61435
German Valley, IL	61039
Germansville, PA	18053
Germanton, NC	27019
Germantown, IL	62245
Germantown, KY	41044
Germantown, NY	12526
Germantown, OH	45327
Germantown, WI	53022
Germfask, MI	49836
Geronimo, OK	73543
Geronimo, TX	78115
Gerrardstown, WV	25420
Gerry, NY	14740
Gerton, NC	28735
Gervais, OR	97026
Gettysburg, OH	45328
Gettysburg, SD	57442
Getzville, NY	14068
Geuda Springs, KS	67051
Geyser, MT	59447
Geyserville, CA	95441
Gheens, LA	70355
Ghent, KY	41045
Ghent, MN	56239
Ghent, NY	12075
Ghent, WV	25843
Gibbon Glade, PA	15440
Gibbon, MN	55335
Gibbon, NE	68840
Gibbonsville, ID	83463
Gibbs, MO	63540
Gibbsboro, NJ	08026
Gibbstown, NJ	08027
Gibsland, LA	71028
Gibson City, IL	60936
Gibson Island, MD	21056
Gibson, GA	30810
Gibson, IA	50104
Gibson, LA	70356
Gibson, MO	63847
Gibson, NC	28343
Gibson, PA	18820
Gibson, TN	38338
Gibsonburg, OH	43431
Gibsonia, PA	15044
Gibsonton, FL	33534
Gibsonville, NC	27249
Giddings, TX	78942
Gideon, MO	63848
Gifford, IA	50259
Gifford, IL	61847
Gifford, PA	16732
Gifford, SC	29923
Gifford, WA	99131
Gila Bend, AZ	85337
Gila, NM	88038
Gilbert, AR	72636
Gilbert, IA	50105
Gilbert, LA	71336
Gilbert, MN	55741
Gilbert, PA	18331
Gilbert, SC	29054
Gilbert, WV	25621
Gilberton, PA	17934
Gilbertown, AL	36908
Gilberts, IL	60136
Gilbertsville, KY	42044
Gilbertsville, NY	13776
Gilbertsville, PA	19525
Gilbertville, IA	50634
Gilbertville, MA	01031
Gilboa, NY	12076
Gilboa, WV	26671
Gilby, ND	58235
Gilchrist, OR	97737
Gilchrist, TX	77617
Gilcrest, CO	80623
Gildford, MT	59525
Gile, WI	54525
Gilead, NE	68362
Gilford, MI	48736
Gilford, NH	03249
Gill, CO	80624
Gill, MA	01354
Gillespie, IL	62033
Gillett Grove, IA	51341
Gillett, AR	72055
Gillett, PA	16925
Gillett, TX	78116
Gillett, WI	54124
Gillette, NJ	07933
Gillham, AR	71841
Gilliam, LA	71029
Gilliam, MO	65330
Gillsville, GA	30543
Gilman City, MO	64642
Gilman, CT	06336
Gilman, IA	50106
Gilman, IL	60938
Gilman, MN	56333
Gilman, VT	05904
Gilman, WI	54433
Gilmanton Iron Works, NH	03837
Gilmanton, NH	03237
Gilmanton, WI	54743
Gilmore City, IA	50541
Gilmore, AR	72339
Gilson, IL	61436
Gilsum, NH	03448
Giltner, NE	68841
Gipsy, MO	63750
Gipsy, PA	15741
Girard, GA	30426
Girard, IL	62640
Girard, KS	66743
Girard, OH	44420
Girard, PA	16417
Girard, TX	79518
Girardville, PA	17935
Girdler, KY	40943
Girdletree, MD	21829
Girdwood, AK	99587
Girvin, TX	79740
Given, WV	25245
Gladbrook, IA	50635
Glade Hill, VA	24092
Glade Park, CO	81523
Glade Spring, VA	24340
Glade Valley, NC	28627
Glade, KS	67639
Gladeville, TN	37071
Gladewater, TX	75647
Gladstone, IL	61437
Gladstone, MI	49837
Gladstone, ND	58630
Gladstone, NJ	07934
Gladstone, NM	88422
Gladstone, OR	97027
Gladstone, VA	24553
Gladwin, MI	48624
Gladwyne, PA	19035
Glady, WV	26268
Gladys, VA	24554
Glandorf, OH	45848
Glasco, KS	67445
Glasco, NY	12432
Glasford, IL	61533
Glasgow, MO	65254
Glasgow, MT	59230
Glasgow, PA	16644
Glasgow, VA	24555
Glasgow, WV	25086
Glassboro, NJ	08028
Glasser, NJ	07837
Glassport, PA	15045
Glasston, ND	58236
Glastonbury, CT	06033
Gleason, TN	38229
Gleason, WI	54435
Glen Allan, MS	38744
Glen Allen, AL	35559
Glen Alpine, NC	28628
Glen Arbor, MI	49636
Glen Arm, MD	21057
Glen Aubrey, NY	13777
Glen Campbell, PA	15742
Glen Carbon, IL	62034
Glen Cove, ME	04846
Glen Cove, NY	11542
Glen Dale, WV	26038
Glen Daniel, WV	25844
Glen Easton, WV	26039
Glen Echo, MD	20812
Glen Elder, KS	67446
Glen Ellen, CA	95442
Glen Ferris, WV	25090
Glen Flora, TX	77443
Glen Flora, WI	54526
Glen Fork, WV	25845
Glen Gardner, NJ	08826
Glen Haven, CO	80532
Glen Haven, WI	53810
Glen Head, NY	11545
Glen Hope, PA	16645
Glen Jean, WV	25846
Glen Lyn, VA	24093
Glen Lyon, PA	18617
Glen Mills, PA	19342
Glen Oaks, NY	11004
Glen Richey, PA	16837
Glen Riddle Lima, PA	19037
Glen Ridge, NJ	07028
Glen Rock, NJ	07452
Glen Rock, PA	17327
Glen Rogers, WV	25848
Glen Rose, TX	76043
Glen Saint Mary, FL	32040
Glen Spey, NY	12737
Glen Ullin, ND	58631
Glen White, WV	25849
Glen Wild, NY	12738
Glen Wilton, VA	24438
Glen, MS	38846
Glen, MT	59732
Glen, NH	03838
Glen, WV	25088
Glenallen, MO	63751
Glenarm, IL	62536
Glenbeulah, WI	53023
Glenbrook, NV	89413
Glenburn, ND	58740
Glencliff, NH	03238
Glencoe, AR	72539
Glencoe, CA	95232
Glencoe, IL	60022
Glencoe, KY	41046
Glencoe, MN	55336
Glencoe, NM	88324
Glencoe, OH	43928
Glencoe, OK	74032
Glencross, SD	57630
Glendale Heights, IL	60139
Glendale Springs, NC	28629
Glendale, KY	42740
Glendale, MA	01229
Glendale, OR	97442
Glendale, RI	02826
Glendale, SC	29346
Glendale, UT	84729
Glendive, MT	59330
Glendo, WY	82213
Glendora, MS	38928
Glendora, NJ	08029
Gleneden Beach, OR	97388
Glenelg, MD	21737
Glenfield, ND	58443
Glenfield, NY	13343
Glenford, NY	12433
Glenford, OH	43739
Glengary, WV	25421
Glenham, NY	12527
Glenham, SD	57631
Glenhaven, CA	95443
Glenmont, NY	12077
Glenmont, OH	44628
Glenmoore, PA	19343
Glenmora, LA	71433
Glenn Dale, MD	20769
Glenn, CA	95943
Glenn, GA	30219
Glenn, MI	49416
Glennallen, AK	99588
Glennie, MI	48737
Glenns Ferry, ID	83623
Glennville, CA	93226
Glennville, GA	30427
Glenolden, PA	19036
Glenoma, WA	98336
Glenpool, OK	74033
Glenrock, WY	82637
Glens Falls, NY	12801
Glens Fork, KY	42741
Glenshaw, PA	15116
Glenside, PA	19038
Glentana, MT	59240
Glenview, KY	40025
Glenvil, NE	68941
Glenville, MN	56036
Glenville, NC	28736
Glenville, PA	17329
Glenville, WV	26351
Glenwood City, WI	54013
Glenwood Landing, NY	11547
Glenwood, AL	36034
Glenwood, AR	71943
Glenwood, FL	32722
Glenwood, GA	30428
Glenwood, IA	51534
Glenwood, IL	60425
Glenwood, IN	46133
Glenwood, MD	21738
Glenwood, MN	56334
Glenwood, MO	63541
Glenwood, NC	28737
Glenwood, NJ	07418
Glenwood, NM	88039
Glenwood, NY	14069
Glenwood, UT	84730
Glenwood, WA	98619
Glenwood, WV	25520
Glidden, IA	51443
Glidden, TX	78943
Glidden, WI	54527
Glide, OR	97443
Glorieta, NM	87535
Gloster, LA	71030
Gloster, MS	39638
Gloucester City, NJ	08030
Gloucester Point, VA	23062
Gloucester, NC	28528
Gloucester, VA	23061
Glouster, OH	45732
Glover, VT	05839
Gloversville, NY	12078
Gloverville, SC	29828
Glyndon, MD	21071
Glyndon, MN	56547
Glynn, LA	70736
Gnadenhutten, OH	44629
Gober, TX	75443
Gobler, MO	63849
Gobles, MI	49055
Goddard, KS	67052
Godfrey, IL	62035
Godley, TX	76044
Godwin, NC	28344
Goehner, NE	68364
Goessel, KS	67053
Goetzville, MI	49736
Goff, KS	66428
Goffstown, NH	03045
Golconda, IL	62938
Golconda, NV	89414
Gold Bar, WA	98251
Gold Beach, OR	97444
Gold Canyon, AZ	85118
Gold Creek, MT	59733
Gold Hill, NC	28071
Gold Hill, OR	97525
Gold Run, CA	95717
Golden City, MO	64748
Golden Eagle, IL	62036
Golden Gate, IL	62843
Golden Meadow, LA	70357
Golden Valley, AZ	86413
Golden Valley, ND	58541
Golden, IL	62339
Golden, MO	65658
Golden, MS	38847
Golden, OK	74737
Golden, TX	75444
Goldendale, WA	98620
Goldenrod, FL	32733
Goldens Bridge, NY	10526
Goldfield, IA	50542
Goldfield, NV	89013
Goldonna, LA	71031
Goldsboro, MD	21636
Goldsboro, TX	79519
Goldsmith, IN	46045
Goldsmith, TX	79741
Goldston, NC	27252
Goldthwaite, TX	76844
Goldvein, VA	22720
Golf, IL	60029
Goliad, TX	77963
Goltry, OK	73739
Golva, ND	58632
Gomer, OH	45809
Gonvick, MN	56644
Gonzales, CA	93926
Gonzales, TX	78629
Gonzalez, FL	32560
Goochland, VA	23063
Good Hart, MI	49737
Good Hope, GA	30641
Good Hope, IL	61438
Good Thunder, MN	56037
Goode, VA	24556
Goodell, IA	50439
Goodells, MI	48027
Goodfellow AFB, TX	76908
Goodfield, IL	61742
Goodhue, MN	55027
Gooding, ID	83330
Goodland, FL	34140
Goodland, IN	47948
Goodland, KS	67735
Goodland, MN	55742
Goodman, MO	64843
Goodman, MS	39079
Goodman, WI	54125
Goodnews Bay, AK	99589
Goodrich, MI	48438
Goodrich, ND	58444
Goodrich, TX	77335
Goodridge, MN	56725
Goodspring, TN	38460
Goodsprings, AL	35560
Goodview, VA	24095
Goodville, PA	17528
Goodwater, AL	35072
Goodwell, OK	73939
Goodwin, AR	72340
Goodwin, SD	57238
Goodwine, IL	60939
Goodyears Bar, CA	95944
Goose Creek, SC	29445
Goose Lake, IA	52750
Goose Rock, KY	40944
Gordo, AL	35466
Gordon, AL	36343
Gordon, GA	31031
Gordon, KY	41819
Gordon, NE	69343
Gordon, PA	17936
Gordon, TX	76453
Gordon, WI	54838
Gordon, WV	25093
Gordonsville, TN	38563
Gordonsville, VA	22942
Gordonville, MO	63752
Gordonville, PA	17529
Gordonville, TX	76245
Gore Springs, MS	38929
Gore, OK	74435
Gore, VA	22637
Goree, TX	76363
Goreville, IL	62939
Gorham, IL	62940
Gorham, KS	67640
Gorham, ME	04038
Gorham, NH	03581
Gorham, NY	14461
Gorin, MO	63543
Gorman, TX	76454
Gormania, WV	26720
Gorum, LA	71434
Goshen, AL	36035
Goshen, AR	72735
Goshen, CA	93227
Goshen, CT	06756
Goshen, KY	40026
Goshen, MA	01032
Goshen, NH	03752
Goshen, NJ	08218
Goshen, NY	10924
Goshen, OH	45122
Goshen, UT	84633
Goshen, VA	24439
Gosnell, AR	72319
Gosport, IN	47433
Gotebo, OK	73041
Gotha, FL	34734
Gotham, WI	53540
Gothenburg, NE	69138
Gough, GA	30811
Gould City, MI	49838
Gould, AR	71643
Gould, OK	73544
Gouldbusk, TX	76845
Gouldsboro, ME	04607
Gouldsboro, PA	18424
Gouverneur, NY	13642
Gove, KS	67736
Government Camp, OR	97028
Gowanda, NY	14070
Gowen, MI	49326
Gowen, OK	74545
Gower, MO	64454
Gowrie, IA	50543
Grabill, IN	46741
Grace City, ND	58445
Grace, ID	83241
Grace, MS	38745
Gracemont, OK	73042
Graceville, FL	32440
Graceville, MN	56240
Gracewood, GA	30812
Gracey, KY	42232
Grady, AL	36036
Grady, AR	71644
Grady, NM	88120
Gradyville, KY	42742
Gradyville, PA	19039
Graettinger, IA	51342
Graff, MO	65660
Graford, TX	76449
Grafton, IA	50440
Grafton, IL	62037
Grafton, MA	01519
Grafton, ND	58237
Grafton, NE	68365
Grafton, NH	03240
Grafton, NY	12082
Grafton, OH	44044
Grafton, VT	05146
Grafton, WI	53024
Grafton, WV	26354
Graham, AL	36263
Graham, FL	32042
Graham, KY	42344
Graham, MO	64455
Graham, NC	27253
Graham, OK	73437
Graham, TX	76450
Graham, WA	98338
Grahamsville, NY	12740
Grahn, KY	41142
Grain Valley, MO	64029
Grainfield, KS	67737
Grambling, LA	71245
Gramercy, LA	70052
Gramling, SC	29348
Grammer, IN	47236
Grampian, PA	16838
Granada, CO	81041
Granada, MN	56039
Granby, CO	80446
Granby, CT	06035
Granby, MA	01033
Granby, MO	64844
Granby, VT	05840
Grand Bay, AL	36541
Grand Cane, LA	71032
Grand Canyon, AZ	86023
Grand Chain, IL	62941
Grand Chenier, LA	70643
Grand Coteau, LA	70541
Grand Coulee, WA	99133
Grand Gorge, NY	12434
Grand Haven, MI	49417
Grand Island, FL	32735
Grand Island, NY	14072
Grand Isle, LA	70358
Grand Isle, ME	04746
Grand Isle, VT	05458
Grand Junction, IA	50107
Grand Junction, MI	49056
Grand Junction, TN	38039
Grand Lake Stream, ME	04637
Grand Lake, CO	80447
Grand Ledge, MI	48837
Grand Marais, MI	49839
Grand Marais, MN	55604
Grand Marsh, WI	53936
Grand Meadow, MN	55936
Grand Mound, IA	52751
Grand Portage, MN	55605
Grand Rapids, OH	43522
Grand Ridge, FL	32442
Grand Ridge, IL	61325
Grand River, IA	50108
Grand River, OH	44045
Grand Rivers, KY	42045
Grand Ronde, OR	97347
Grand Saline, TX	75140
Grand Terrace, CA	92313
Grand Tower, IL	62942
Grand Valley, PA	16420
Grand View, ID	83624
Grand View, WI	54839
Grandfalls, TX	79742
Grandfield, OK	73546
Grandin, FL	32138
Grandin, MO	63943
Grandin, ND	58038
Grandview, IA	52752
Grandview, IN	47615
Grandview, MO	64030
Grandview, TN	37337
Grandview, TX	76050
Grandview, WA	98930
Grandy, MN	55029
Grandy, NC	27939
Granger, IA	50109
Granger, IN	46530
Granger, MO	63442
Granger, TX	76530
Granger, WA	98932
Granger, WY	82934
Grangeville, ID	83530
Granite Bay, CA	95746
Granite Canon, WY	82059
Granite City, IL	62040
Granite Falls, MN	56241
Granite Falls, NC	28630
Granite Falls, WA	98252
Granite Quarry, NC	28072
Granite Springs, NY	10527
Granite, CO	81228
Granite, OK	73547
Graniteville, SC	29829
Graniteville, VT	05654
Grannis, AR	71944
Grant City, MO	64456
Grant Park, IL	60940
Grant Town, WV	26574
Grant, AL	35747
Grant, CO	80448
Grant, FL	32949
Grant, IA	50847
Grant, LA	70644
Grant, MI	49327
Grant, NE	69140
Grant, OK	74738
Grantham, NH	03753
Grantham, PA	17027
Granton, WI	54436
Grants, NM	87020
Grantsboro, NC	28529
Grantsburg, IL	62943
Grantsburg, IN	47123
Grantsburg, WI	54840
Grantsdale, MT	59835
Grantsville, MD	21536
Grantsville, UT	84029
Grantsville, WV	26147
Grantville, GA	30220
Grantville, KS	66429
Grantville, PA	17028
Granville Summit, PA	16926
Granville, IA	51022
Granville, IL	61326
Granville, MA	01034
Granville, ND	58741
Granville, NY	12832
Granville, OH	43023
Granville, PA	17029
Granville, TN	38564
Granville, VT	05747
Granville, WV	26534
Grapeland, TX	75844
Grapeview, WA	98546
Grapeville, PA	15634
Grapevine, AR	72057
Grasonville, MD	21638
Grass Creek, IN	46935
Grass Lake, MI	49240
Grass Range, MT	59032
Grass Valley, OR	97029
Grassflat, PA	16839
Grasston, MN	55030
Grassy Butte, ND	58634
Grassy Creek, NC	28631
Grassy Meadows, WV	24943
Gratiot, OH	43740
Gratiot, WI	53541
Gratis, OH	45330
Graton, CA	95444
Gratz, PA	17030
Gravel Switch, KY	40328
Gravelly, AR	72838
Graves Mill, VA	22721
Gravette, AR	72736
Gravity, IA	50848
Gravois Mills, MO	65037
Grawn, MI	49637
Gray Court, SC	29645
Gray Hawk, KY	40434
Gray Mountain, AZ	86016
Gray Summit, MO	63039
Gray, GA	31032
Gray, IA	50110
Gray, KY	40734
Gray, LA	70359
Gray, ME	04039
Gray, PA	15544
Grayland, WA	98547
Grayling, AK	99590
Graymont, IL	61743
Grayridge, MO	63850
Grays Knob, KY	40829
Grays River, WA	98621
Grayslake, IL	60030
Grayson, GA	30017
Grayson, KY	41143
Grayson, LA	71435
Graysville, AL	35073
Graysville, GA	30726
Graysville, IN	47852
Graysville, OH	45734
Graysville, PA	15337
Graysville, TN	37338
Graytown, OH	43432
Grayville, IL	62844
Great Barrington, MA	01230
Great Bend, KS	67530
Great Bend, NY	13643
Great Bend, PA	18821
Great Cacapon, WV	25422
Great Falls, SC	29055
Great Falls, VA	22066
Great Lakes, IL	60088
Great Meadows, NJ	07838
Great Mills, MD	20634
Great River, NY	11739
Great Valley, NY	14741
Greeley, IA	52050
Greeley, KS	66033
Greeley, NE	68842
Greeley, PA	18425
Greeleyville, SC	29056
Green Bank, WV	24944
Green Bay, VA	23942
Green Camp, OH	43322
Green Castle, MO	63544
Green City, MO	63545
Green Cove Springs, FL	32043
Green Creek, NJ	08219
Green Forest, AR	72638
Green Harbor, MA	02041
Green Isle, MN	55338
Green Lake, WI	54941
Green Lane, PA	18054
Green Mountain Falls, CO	80819
Green Mountain, NC	28740
Green Pond, AL	35074
Green Pond, SC	29446
Green Ridge, MO	65332
Green River, UT	84525
Green River, WY	82935
Green Road, KY	40946
Green Sea, SC	29545
Green Spring, WV	26722
Green Springs, OH	44836
Green Sulphur Springs, WV	25966
Green Valley Lake, CA	92341
Green Valley, IL	61534
Green Valley, WI	54127
Green Village, NJ	07935
Green, KS	67447
Green, OH	44232
Greenacres, FL	33454
Greenacres, WA	99016
Greenback, TN	37742
Greenbackville, VA	23356
Greenbank, WA	98253
Greenbrae, CA	94904
Greenbrier, AR	72058
Greenbrier, TN	37073
Greenbush, MA	02040
Greenbush, ME	04418
Greenbush, MI	48738
Greenbush, MN	56726
Greenbush, VA	23357
Greenbush, WI	53026
Greencastle, IN	46135
Greencastle, PA	17225
Greencreek, ID	83533
Greendale, WI	53129
Greendell, NJ	07839
Greene, IA	50636
Greene, ME	04236
Greene, NY	13778
Greene, RI	02827
Greenfield Center, NY	12833
Greenfield Park, NY	12435
Greenfield, CA	93927
Greenfield, IA	50849
Greenfield, IL	62044
Greenfield, IN	46140
Greenfield, MO	65661
Greenfield, NH	03047
Greenfield, OH	45123
Greenfield, OK	73043
Greenfield, TN	38230
Greenford, OH	44422
Greenhurst, NY	14742
Greenland, AR	72737
Greenland, MI	49929
Greenland, NH	03840
Greenlawn, NY	11740
Greenleaf, ID	83626
Greenleaf, KS	66943
Greenleaf, WI	54126
Greenock, PA	15047
Greenport, NY	11944
Greens Farms, CT	06838
Greens Fork, IN	47345
Greensboro Bend, VT	05842
Greensboro, AL	36744
Greensboro, FL	32330
Greensboro, GA	30642
Greensboro, IN	47344
Greensboro, MD	21639
Greensboro, PA	15338
Greensboro, VT	05841
Greensburg, IN	47240
Greensburg, KS	67054
Greensburg, KY	42743
Greensburg, LA	70441
Greentop, MO	63546
Greentown, IN	46936
Greentown, OH	44630
Greentown, PA	18426
Greenup, IL	62428
Greenup, KY	41144
Greenvale, NY	11548
Greenview, CA	96037
Greenview, IL	62642
Greenville Junction, ME	04442
Greenville, AL	36037
Greenville, CA	95947
Greenville, FL	32331
Greenville, GA	30222
Greenville, IA	51343
Greenville, IL	62246
Greenville, IN	47124
Greenville, KY	42345
Greenville, ME	04441
Greenville, MI	48838
Greenville, MO	63944
Greenville, NH	03048
Greenville, NY	12083
Greenville, OH	45331
Greenville, PA	16125
Greenville, RI	02828
Greenville, UT	84731
Greenville, VA	24440
Greenville, WI	54942
Greenville, WV	24945
Greenwald, MN	56335
Greenway, AR	72430
Greenway, VA	22067
Greenwell Springs, LA	70739
Greenwich, KS	67055
Greenwich, NJ	08323
Greenwich, NY	12834
Greenwich, OH	44837
Greenwich, UT	84732
Greenwood Lake, NY	10925
Greenwood Springs, MS	38848
Greenwood, AR	72936
Greenwood, CA	95635
Greenwood, DE	19950
Greenwood, FL	32443
Greenwood, LA	71033
Greenwood, ME	04255
Greenwood, MO	64034
Greenwood, NE	68366
Greenwood, NY	14839
Greenwood, TX	76246
Greenwood, VA	22943
Greenwood, WI	54437
Greer, AZ	85927
Gregory, AR	72059
Gregory, MI	48137
Gregory, SD	57533
Gregory, TX	78359
Greig, NY	13345
Grelton, OH	43523
Grenada, CA	96038
Grenloch, NJ	08032
Grenola, KS	67346
Grenora, ND	58845
Grenville, NM	88424
Grenville, SD	57239
Gresham, NE	68367
Gresham, SC	29546
Gresham, WI	54128
Grethel, KY	41631
Gretna, FL	32332
Gretna, NE	68028
Gretna, VA	24557
Grey Eagle, MN	56336
Greybull, WY	82426
Greycliff, MT	59033
Gridley, CA	95948
Gridley, IL	61744
Gridley, KS	66852
Griffin, IN	47616
Griffith, IN	46319
Griffithsville, WV	25521
Griffithville, AR	72060
Grifton, NC	28530
Griggsville, IL	62340
Grimes, CA	95950
Grimes, IA	50111
Grimesland, NC	27837
Grimsley, TN	38565
Grimstead, VA	23064
Grindstone, PA	15442
Grinnell, IA	50112
Grinnell, KS	67738
Grissom Arb, IN	46971
Griswold, IA	51535
Grizzly Flats, CA	95636
Groesbeck, TX	76642
Groom, TX	79039
Grosse Ile, MI	48138
Grosse Tete, LA	70740
Grosvenor Dale, CT	06246
Groton, NY	13073
Groton, SD	57445
Groton, VT	05046
Grottoes, VA	24441
Grouse Creek, UT	84313
Grove City, MN	56243
Grove City, OH	43123
Grove City, PA	16127
Grove Hill, AL	36451
Groveland, CA	95321
Groveland, FL	34736
Groveland, IL	61535
Groveland, MA	01834
Groveland, NY	14462
Groveoak, AL	35975
Grover Hill, OH	45849
Grover, CO	80729
Grover, NC	28073
Grover, PA	17735
Grover, SC	29447
Grover, WY	83122
Grovertown, IN	46531
Groves, TX	77619
Grovespring, MO	65662
Groveton, NH	03582
Groveton, TX	75845
Grovetown, GA	30813
Grubbs, AR	72431
Grubville, MO	63041
Gruetli Laager, TN	37339
Grulla, TX	78548
Grundy Center, IA	50638
Grundy, VA	24614
Gruver, IA	51344
Gruver, TX	79040
Grygla, MN	56727
Guadalupe, CA	93434
Guadalupita, NM	87722
Gualala, CA	95445
Guasti, CA	91743
Guatay, CA	91931
Guerneville, CA	95446
Guernsey, IA	52221
Guernsey, WY	82214
Guerra, TX	78360
Gueydan, LA	70542
Guffey, CO	80820
Guide Rock, NE	68942
Guild, NH	03754
Guild, TN	37340
Guilderland Center, NY	12085
Guilderland, NY	12084
Guildhall, VT	05905
Guilford, CT	06437
Guilford, IN	47022
Guilford, ME	04443
Guilford, MO	64457
Guilford, NY	13780
Guin, AL	35563
Guinda, CA	95637
Guion, AR	72540
Gulf Hammock, FL	32639
Gulf, NC	27256
Gulliver, MI	49840
Gully, MN	56646
Gulston, KY	40830
Gum Spring, VA	23065
Gunlock, KY	41632
Gunlock, UT	84733
Gunnison, MS	38746
Gunnison, UT	84634
Gunpowder, MD	21010
Gunter, TX	75058
Guntersville, AL	35976
Guntown, MS	38849
Gurdon, AR	71743
Gurley, AL	35748
Gurley, NE	69141
Gurnee, IL	60031
Gustavus, AK	99826
Gustine, CA	95322
Gustine, TX	76455
Guston, KY	40142
Guthrie Center, IA	50115
Guthrie, KY	42234
Guthrie, OK	73044
Guthrie, TX	79236
Guttenberg, IA	52052
Guy, AR	72061
Guy, TX	77444
Guymon, OK	73942
Guys Mills, PA	16327
Guys, TN	38339
Guysville, OH	45735
Guyton, GA	31312
Gwinn, MI	49841
Gwinner, ND	58040
Gwynedd Valley, PA	19437
Gwynedd, PA	19436
Gwynn Oak, MD	21207
Gwynn, VA	23066
Gwynneville, IN	46144
Gypsum, CO	81637
Gypsum, KS	67448
Gypsum, OH	43433
Gypsy, WV	26361
Habersham, GA	30544
Hachita, NM	88040
Hacienda Heights, CA	91745
Hackberry, AZ	86411
Hackberry, LA	70645
Hackensack, MN	56452
Hacker Valley, WV	26222
Hackett, AR	72937
Hackettstown, NJ	07840
Hackleburg, AL	35564
Hacksneck, VA	23358
Hadar, NE	68738
Haddam, CT	06438
Haddam, KS	66944
Haddock, GA	31033
Haddon Heights, NJ	08035
Haddonfield, NJ	08033
Hadensville, VA	23067
Hadley, MA	01035
Hadley, MI	48440
Hadley, NY	12835
Hadley, PA	16130
Hadlyme, CT	06439
Hagaman, NY	12086
Hagan, GA	30429
Hagar Shores, MI	49039
Hagarstown, IL	62247
Hagarville, AR	72839
Hager City, WI	54014
Hagerhill, KY	41222
Hagerman, ID	83332
Hagerman, NM	88232
Hagerstown, IN	47346
Hague, ND	58542
Hague, NY	12836
Hague, VA	22469
Hahira, GA	31632
Hahnville, LA	70057
Haigler, NE	69030
Haiku, HI	96708
Hailesboro, NY	13645
Hailey, ID	83333
Haileyville, OK	74546
Haines Falls, NY	12436
Haines, AK	99827
Haines, OR	97833
Hainesport, NJ	08036
Hakalau, HI	96710
Halbur, IA	51444
Halcottsville, NY	12438
Hale Center, TX	79041
Hale, MI	48739
Hale, MO	64643
Haleiwa, HI	96712
Hales Corners, WI	53130
Halethorpe, MD	21227
Haleyville, AL	35565
Half Moon Bay, CA	94019
Half Way, MO	65663
Halfway, OR	97834
Halifax, MA	02338
Halifax, NC	27839
Halifax, PA	17032
Halifax, VA	24558
Hall Summit, LA	71034
Hall, MT	59837
Hall, NY	14463
Hallam, NE	68368
Halleck, NV	89824
Hallett, OK	74034
Hallettsville, TX	77964
Halliday, ND	58636
Hallie, KY	41821
Hallieford, VA	23068
Hallock, MN	56728
Hallowell, ME	04347
Halls, TN	38040
Hallsboro, NC	28442
Hallstead, PA	18822
Hallsville, MO	65255
Hallsville, OH	45633
Hallsville, TX	75650
Halltown, MO	65664
Halltown, WV	25423
Hallwood, VA	23359
Halma, MN	56729
Halsey, NE	69142
Halsey, OR	97348
Halstad, MN	56548
Halstead, KS	67056
Haltom City, TX	76117
Hambleton, WV	26269
Hamburg, AR	71646
Hamburg, IA	51640
Hamburg, IL	62045
Hamburg, LA	71339
Hamburg, MI	48139
Hamburg, MN	55339
Hamburg, NJ	07419
Hamburg, NY	14075
Hamburg, PA	19526
Hamden, NY	13782
Hamden, OH	45634
Hamel, IL	62046
Hamel, MN	55340
Hamer, ID	83425
Hamer, SC	29547
Hamersville, OH	45130
Hamill, SD	57534
Hamilton City, CA	95951
Hamilton, AL	35570
Hamilton, CO	81638
Hamilton, GA	31811
Hamilton, IA	50116
Hamilton, IL	62341
Hamilton, IN	46742
Hamilton, KS	66853
Hamilton, MA	01936
Hamilton, MI	49419
Hamilton, MO	64644
Hamilton, MS	39746
Hamilton, MT	59840
Hamilton, NC	27840
Hamilton, ND	58238
Hamilton, NY	13346
Hamilton, PA	15744
Hamilton, TX	76531
Hamilton, WA	98255
Hamler, OH	43524
Hamlet, IN	46532
Hamlet, NC	28345
Hamlin, IA	50117
Hamlin, NY	14464
Hamlin, PA	18427
Hamlin, TX	79520
Hamlin, WV	25523
Hammett, ID	83627
Hammon, OK	73650
Hammond, IL	61929
Hammond, MT	59332
Hammond, NY	13646
Hammond, OR	97121
Hammond, WI	54015
Hammondsport, NY	14840
Hammondsville, OH	43930
Hammonton, NJ	08037
Hampden Sydney, VA	23943
Hampden, MA	01036
Hampden, ME	04444
Hampden, ND	58338
Hampshire, IL	60140
Hampshire, TN	38461
Hampstead, MD	21074
Hampstead, NC	28443
Hampstead, NH	03841
Hampton Bays, NY	11946
Hampton Falls, NH	03844
Hampton, AR	71744
Hampton, CT	06247
Hampton, FL	32044
Hampton, GA	30228
Hampton, IA	50441
Hampton, IL	61256
Hampton, KY	42047
Hampton, MN	55031
Hampton, NE	68843
Hampton, NJ	08827
Hampton, NY	12837
Hampton, SC	29924
Hampton, TN	37658
Hamptonville, NC	27020
Hamshire, TX	77622
Hamtramck, MI	48212
Hana, HI	96713
Hanahan, SC	29410
Hanalei, HI	96714
Hanamaulu, HI	96715
Hanapepe, HI	96716
Hanceville, AL	35077
Hancock, IA	51536
Hancock, MD	21750
Hancock, ME	04640
Hancock, MI	49930
Hancock, MN	56244
Hancock, NH	03449
Hancock, NY	13783
Hancock, VT	05748
Hancock, WI	54943
Hancocks Bridge, NJ	08038
Handley, WV	25102
Hankamer, TX	77560
Hankins, NY	12741
Hankinson, ND	58041
Hanksville, UT	84734
Hanley Falls, MN	56245
Hanlontown, IA	50444
Hanna City, IL	61536
Hanna, IN	46340
Hanna, OK	74845
Hanna, UT	84031
Hanna, WY	82327
Hannacroix, NY	12087
Hannaford, ND	58448
Hannah, ND	58239
Hannastown, PA	15635
Hannawa Falls, NY	13647
Hannibal, MO	63401
Hannibal, NY	13074
Hannibal, OH	43931
Hannibal, WI	54439
Hanover Park, IL	60133
Hanover, CT	06350
Hanover, IL	61041
Hanover, IN	47243
Hanover, KS	66945
Hanover, ME	04237
Hanover, MI	49241
Hanover, MN	55341
Hanover, NH	03755
Hanover, NM	88041
Hanover, VA	23069
Hanover, WI	53542
Hanover, WV	24839
Hanoverton, OH	44423
Hansboro, ND	58339
Hanscom AFB, MA	01731
Hansen, ID	83334
Hansford, WV	25103
Hanska, MN	56041
Hanson, KY	42413
Hanson, MA	02341
Hanston, KS	67849
Hansville, WA	98340
Happy Camp, CA	96039
Happy Jack, AZ	86024
Happy Valley, OR	97086
Happy, KY	41746
Happy, TX	79042
Haralson, GA	30229
Harbert, MI	49115
Harbeson, DE	19951
Harbinger, NC	27941
Harbor Beach, MI	48441
Harbor City, CA	90710
Harbor Springs, MI	49740
Harbor View, OH	43434
Harborcreek, PA	16421
Harborside, ME	04642
Harborton, VA	23389
Harcourt, IA	50544
Hardaway, AL	36039
Hardburly, KY	41747
Hardeeville, SC	29927
Hardenville, MO	65666
Hardesty, OK	73944
Hardin, IL	62047
Hardin, KY	42048
Hardin, MO	64035
Hardin, MT	59034
Hardin, TX	77561
Hardinsburg, IN	47125
Hardinsburg, KY	40143
Hardtner, KS	67057
Hardwick, GA	31034
Hardwick, MA	01037
Hardwick, MN	56134
Hardwick, VT	05843
Hardy, AR	72542
Hardy, IA	50545
Hardy, KY	41531
Hardy, NE	68943
Hardy, VA	24101
Hardyville, KY	42746
Hardyville, VA	23070
Harford, NY	13784
Harford, PA	18823
Hargill, TX	78549
Harker Heights, TX	76548
Harkers Island, NC	28531
Harlan, IN	46743
Harlan, KY	40831
Harleigh, PA	18225
Harlem Springs, OH	44631
Harlem, GA	30814
Harlem, MT	59526
Harleton, TX	75651
Harleyville, SC	29448
Harlowton, MT	59036
Harman, WV	26270
Harmans, MD	21077
Harmon, IL	61042
Harmonsburg, PA	16422
Harmony, CA	93435
Harmony, IN	47853
Harmony, ME	04942
Harmony, MN	55939
Harmony, NC	28634
Harmony, PA	16037
Harmony, RI	02829
Harned, KY	40144
Harold, KY	41635
Harper Woods, MI	48225
Harper, IA	52231
Harper, KS	67058
Harper, OR	97906
Harper, TX	78631
Harper, WV	25851
Harpers Ferry, IA	52146
Harpers Ferry, WV	25425
Harpersfield, NY	13786
Harpersville, AL	35078
Harperville, MS	39080
Harpster, OH	43323
Harpswell, ME	04079
Harpursville, NY	13787
Harrah, OK	73045
Harrah, WA	98933
Harrell, AR	71745
Harrells, NC	28444
Harrellsville, NC	27942
Harriet, AR	72639
Harrietta, MI	49638
Harriman, NY	10926
Harriman, TN	37748
Harrington Park, NJ	07640
Harrington, DE	19952
Harrington, ME	04643
Harrington, WA	99134
Harris, IA	51345
Harris, MI	49845
Harris, MN	55032
Harris, MO	64645
Harris, NC	28074
Harris, NY	12742
Harrisburg, AR	72432
Harrisburg, IL	62946
Harrisburg, MO	65256
Harrisburg, NC	28075
Harrisburg, NE	69345
Harrisburg, OH	43126
Harrisburg, OR	97446
Harrisburg, SD	57032
Harrison City, PA	15636
Harrison Township, MI	48045
Harrison Valley, PA	16927
Harrison, GA	31035
Harrison, ID	83833
Harrison, ME	04040
Harrison, MI	48625
Harrison, MT	59735
Harrison, NE	69346
Harrison, NJ	07029
Harrison, NY	10528
Harrison, OH	45030
Harrison, SD	57344
Harrison, TN	37341
Harrisonburg, LA	71340
Harrisonville, MO	64701
Harrisonville, NJ	08039
Harrisonville, PA	17228
Harristown, IL	62537
Harrisville, MI	48740
Harrisville, MS	39082
Harrisville, NH	03450
Harrisville, NY	13648
Harrisville, OH	43974
Harrisville, PA	16038
Harrisville, RI	02830
Harrisville, WV	26362
Harrod, OH	45850
Harrods Creek, KY	40027
Harrodsburg, IN	47434
Harrodsburg, KY	40330
Harrogate, TN	37752
Harrold, SD	57536
Harrold, TX	76364
Harsens Island, MI	48028
Harshaw, WI	54529
Hart, MI	49420
Hart, TX	79043
Hartfield, VA	23071
Hartford City, IN	47348
Hartford, AL	36344
Hartford, AR	72938
Hartford, IA	50118
Hartford, IL	62048
Hartford, KS	66854
Hartford, KY	42347
Hartford, MI	49057
Hartford, NY	12838
Hartford, OH	44424
Hartford, SD	57033
Hartford, TN	37753
Hartford, VT	05047
Hartford, WI	53027
Hartford, WV	25247
Hartington, NE	68739
Hartland Four Corners, VT	05049
Hartland, ME	04943
Hartland, MI	48353
Hartland, MN	56042
Hartland, VT	05048
Hartland, WI	53029
Hartleton, PA	17829
Hartley, IA	51346
Hartley, TX	79044
Hartline, WA	99135
Hartly, DE	19953
Hartman, AR	72840
Hartman, CO	81043
Harts, WV	25524
Hartsburg, IL	62643
Hartsburg, MO	65039
Hartsdale, NY	10530
Hartsel, CO	80449
Hartselle, AL	35640
Hartsfield, GA	31756
Hartshorn, MO	65479
Hartshorne, OK	74547
Hartstown, PA	16131
Hartsville, IN	47244
Hartsville, TN	37074
Hartville, MO	65667
Hartville, OH	44632
Hartville, WY	82215
Hartwell, GA	30643
Hartwick, IA	52232
Hartwick, NY	13348
Hartwood, VA	22471
Harvard, ID	83834
Harvard, IL	60033
Harvard, MA	01451
Harvard, NE	68944
Harvel, IL	62538
Harvest, AL	35749
Harvey, AR	72841
Harvey, IA	50119
Harvey, IL	60426
Harvey, ND	58341
Harveys Lake, PA	18618
Harveysburg, OH	45032
Harveyville, KS	66431
Harviell, MO	63945
Harwich Port, MA	02646
Harwich, MA	02645
Harwick, PA	15049
Harwinton, CT	06791
Harwood Heights, IL	60706
Harwood, MD	20776
Harwood, MO	64750
Harwood, ND	58042
Harwood, TX	78632
Hasbrouck Heights, NJ	07604
Haskell, NJ	07420
Haskell, OK	74436
Haskell, TX	79521
Haskins, OH	43525
Haslet, TX	76052
Haslett, MI	48840
Hassell, NC	27841
Hastings On Hudson, NY	10706
Hastings, FL	32145
Hastings, IA	51540
Hastings, MI	49058
Hastings, MN	55033
Hastings, NY	13076
Hastings, OK	73548
Hastings, PA	16646
Hasty, AR	72640
Hasty, CO	81044
Haswell, CO	81045
Hat Creek, CA	96040
Hatboro, PA	19040
Hatch, NM	87937
Hatch, UT	84735
Hatchechubbee, AL	36858
Hatfield, AR	71945
Hatfield, IN	47617
Hatfield, MA	01038
Hatfield, MO	64458
Hatfield, PA	19440
Hathaway Pines, CA	95233
Hathaway, MT	59333
Hathorne, MA	01937
Hatley, WI	54440
Hatteras, NC	27943
Hattieville, AR	72063
Hatton, ND	58240
Haubstadt, IN	47639
Haugan, MT	59842
Haugen, WI	54841
Haughton, LA	71037
Hauppauge, NY	11788
Hauula, HI	96717
Havana, AR	72842
Havana, FL	32333
Havana, IL	62644
Havana, KS	67347
Havana, ND	58043
Havelock, IA	50546
Havelock, NC	28532
Haven, KS	67543
Havensville, KS	66432
Haverford, PA	19041
Haverhill, IA	50120
Haverhill, NH	03765
Haverhill, OH	45636
Haverstraw, NY	10927
Havertown, PA	19083
Haviland, KS	67059
Haviland, OH	45851
Havre De Grace, MD	21078
Havre, MT	59501
Haw River, NC	27258
Hawaii National Park, HI	96718
Hawaiian Gardens, CA	90716
Hawarden, IA	51023
Hawi, HI	96719
Hawk Point, MO	63349
Hawk Run, PA	16840
Hawk Springs, WY	82217
Hawkeye, IA	52147
Hawkins, TX	75765
Hawkins, WI	54530
Hawkinsville, GA	31036
Hawks, MI	49743
Hawley, MN	56549
Hawley, PA	18428
Hawley, TX	79525
Hawleyville, CT	06440
Haworth, NJ	07641
Haworth, OK	74740
Hawthorn, PA	16230
Hawthorne, FL	32640
Hawthorne, NV	89415
Hawthorne, NY	10532
Hawthorne, WI	54842
Haxtun, CO	80731
Hay Springs, NE	69347
Hay, WA	99136
Hayden, AL	35079
Hayden, CO	81639
Hayden, ID	83835
Hayden, IN	47245
Haydenville, MA	01039
Haydenville, OH	43127
Hayes Center, NE	69032
Hayes, LA	70646
Hayes, SD	57537
Hayes, VA	23072
Hayesville, IA	52562
Hayesville, NC	28904
Hayesville, OH	44838
Hayfield, MN	55940
Hayfork, CA	96041
Haynes, AR	72341
Haynesville, LA	71038
Haynesville, VA	22472
Hayneville, AL	36040
Hays, KS	67601
Hays, MT	59527
Hays, NC	28635
Haysi, VA	24256
Haysville, KS	67060
Hayti, MO	63851
Hayti, SD	57241
Hayward, MN	56043
Hayward, WI	54843
Haywood, VA	22722
Haywood, WV	26366
Hazard, NE	68844
Hazel Crest, IL	60429
Hazel Green, AL	35750
Hazel Green, KY	41332
Hazel Green, WI	53811
Hazel Hurst, PA	16733
Hazel Park, MI	48030
Hazel, KY	42049
Hazel, SD	57242
Hazelhurst, WI	54531
Hazelton, ID	83335
Hazelton, KS	67061
Hazelton, ND	58544
Hazelwood, MO	63042
Hazelwood, NC	28738
Hazen, AR	72064
Hazen, ND	58545
Hazlehurst, GA	31539
Hazlehurst, MS	39083
Hazlet, NJ	07730
Hazleton, IA	50641
Hazleton, IN	47640
Head Waters, VA	24442
Headland, AL	36345
Headrick, OK	73549
Heafford Junction, WI	54532
Healdsburg, CA	95448
Healdton, OK	73438
Healy, AK	99743
Healy, KS	67850
Hearne, TX	77859
Heart Butte, MT	59448
Heartwell, NE	68945
Heaters, WV	26627
Heath Springs, SC	29058
Heath, MA	01346
Heath, OH	43056
Heathsville, VA	22473
Heavener, OK	74937
Hebbronville, TX	78361
Heber City, UT	84032
Heber, AZ	85928
Heber, CA	92249
Hebo, OR	97122
Hebron, CT	06248
Hebron, IL	60034
Hebron, IN	46341
Hebron, MD	21830
Hebron, ME	04238
Hebron, ND	58638
Hebron, NE	68370
Hebron, NH	03241
Hecker, IL	62248
Hecla, SD	57446
Hector, AR	72843
Hector, MN	55342
Hector, NY	14841
Hedgesville, WV	25427
Hedley, TX	79237
Hedrick, IA	52563
Heflin, AL	36264
Heflin, LA	71039
Hegins, PA	17938
Heidelberg, KY	41333
Heidelberg, MS	39439
Heidenheimer, TX	76533
Heidrick, KY	40949
Heilwood, PA	15745
Heiskell, TN	37754
Heislerville, NJ	08324
Heisson, WA	98622
Helen, GA	30545
Helen, MD	20635
Helen, WV	25853
Helena, AL	35080
Helena, AR	72342
Helena, MO	64459
Helena, NY	13649
Helena, OH	43435
Helena, OK	73741
Helendale, CA	92342
Helenville, WI	53137
Helenwood, TN	37755
Helix, OR	97835
Hellertown, PA	18055
Hellier, KY	41534
Helm, CA	93627
Helmetta, NJ	08828
Helmsburg, IN	47435
Helmville, MT	59843
Helotes, TX	78023
Helper, UT	84526
Helton, KY	40840
Heltonville, IN	47436
Helvetia, WV	26224
Hematite, MO	63047
Hemingford, NE	69348
Hemingway, SC	29554
Hemlock, IN	46937
Hemlock, MI	48626
Hemlock, NY	14466
Hemphill, TX	75948
Hemphill, WV	24842
Hempstead, TX	77445
Henagar, AL	35978
Henderson Harbor, NY	13651
Henderson, AR	72544
Henderson, CO	80640
Henderson, IA	51541
Henderson, IL	61439
Henderson, MD	21640
Henderson, MI	48841
Henderson, MN	56044
Henderson, NE	68371
Henderson, NY	13650
Henderson, TN	38340
Henderson, WV	25106
Hendersonville, PA	15339
Hendley, NE	68946
Hendricks, MN	56136
Hendricks, WV	26271
Hendrix, OK	74741
Hendrum, MN	56550
Henefer, UT	84033
Henlawson, WV	25624
Henley, MO	65040
Hennepin, IL	61327
Hennepin, OK	73444
Hennessey, OK	73742
Henniker, NH	03242
Henning, IL	61848
Henning, MN	56551
Henning, TN	38041
Henrico, NC	27842
Henrietta, MO	64036
Henrietta, NC	28076
Henrietta, NY	14467
Henrietta, TX	76365
Henriette, MN	55036
Henrieville, UT	84736
Henry, IL	61537
Henry, SD	57243
Henry, TN	38231
Henry, VA	24102
Henryetta, OK	74437
Henryville, IN	47126
Henryville, PA	18332
Hensel, ND	58241
Hensley, AR	72065
Hensley, WV	24843
Hensonville, NY	12439
Hephzibah, GA	30815
Hepler, KS	66746
Heppner, OR	97836
Hepzibah, WV	26369
Herald, CA	95638
Herbster, WI	54844
Herculaneum, MO	63048
Hercules, CA	94547
Hereford, AZ	85615
Hereford, CO	80732
Hereford, OR	97837
Hereford, PA	18056
Hereford, TX	79045
Herington, KS	67449
Herkimer, NY	13350
Herlong, CA	96113
Herman, MN	56248
Herman, NE	68029
Herman, PA	16039
Hermann, MO	65041
Hermansville, MI	49847
Hermanville, MS	39086
Herminie, PA	15637
Hermiston, OR	97838
Hermitage, AR	71647
Hermitage, MO	65668
Hermitage, PA	16148
Hermitage, TN	37076
Hermleigh, TX	79526
Hermon, NY	13652
Hermosa Beach, CA	90254
Hermosa, SD	57744
Hernandez, NM	87537
Hernando, MS	38632
Herndon, KS	67739
Herndon, KY	42236
Herndon, PA	17830
Herndon, WV	24726
Hernshaw, WV	25107
Herod, IL	62947
Heron Lake, MN	56137
Heron, MT	59844
Herreid, SD	57632
Herrick Center, PA	18430
Herrick, IL	62431
Herrick, SD	57538
Herriman, UT	84096
Herrin, IL	62948
Herron, MI	49744
Herscher, IL	60941
Hersey, MI	49639
Hershey, NE	69143
Hershey, PA	17033
Hertel, WI	54845
Hesperia, MI	49421
Hesperus, CO	81326
Hessel, MI	49745
Hessmer, LA	71341
Hesston, KS	67062
Hesston, PA	16647
Hestand, KY	42151
Hester, LA	70743
Heth, AR	72346
Hettick, IL	62649
Hettinger, ND	58639
Heuvelton, NY	13654
Hewett, WV	25108
Hewitt, MN	56453
Hewitt, NJ	07421
Hewitt, TX	76643
Hewitt, WI	54441
Hewlett, NY	11557
Hext, TX	76848
Heyburn, ID	83336
Heyworth, IL	61745
Hi Hat, KY	41636
Hiawassee, GA	30546
Hiawatha, IA	52233
Hiawatha, KS	66434
Hiawatha, WV	24729
Hibbs, PA	15443
Hibernia, NJ	07842
Hickman, CA	95323
Hickman, KY	42050
Hickman, NE	68372
Hickman, TN	38567
Hickory Corners, MI	49060
Hickory Flat, MS	38633
Hickory Grove, SC	29717
Hickory Hills, IL	60457
Hickory Plains, AR	72066
Hickory Ridge, AR	72347
Hickory Valley, TN	38042
Hickory, KY	42051
Hickory, MS	39332
Hickory, PA	15340
Hicksville, OH	43526
Hico, TX	76457
Hico, WV	25854
Hidalgo, IL	62432
Hidalgo, TX	78557
Hidden Valley Lake, CA	95467
Hidden Valley, PA	15502
Hiddenite, NC	28636
Higbee, MO	65257
Higden, AR	72067
Higdon, AL	35979
Higganum, CT	06441
Higgins Lake, MI	48627
Higgins, TX	79046
Higginson, AR	72068
Higginsport, OH	45131
Higginsville, MO	64037
High Bridge, NJ	08829
High Bridge, WI	54846
High Falls, NY	12440
High Hill, MO	63350
High Island, TX	77623
High Point, MO	65042
High Ridge, MO	63049
High Rolls Mountain Park, NM	88325
High Shoals, GA	30645
High Shoals, NC	28077
High View, WV	26808
Highfalls, NC	27259
Highgate Center, VT	05459
Highgate Springs, VT	05460
Highland City, FL	33846
Highland Falls, NY	10928
Highland Home, AL	36041
Highland Lake, NY	12743
Highland Lakes, NJ	07422
Highland Mills, NY	10930
Highland Park, IL	60035
Highland Park, MI	48203
Highland Park, NJ	08904
Highland, CA	92346
Highland, IL	62249
Highland, IN	46322
Highland, KS	66035
Highland, MD	20777
Highland, NY	12528
Highland, OH	45132
Highland, WI	53543
Highlands, NC	28741
Highlands, NJ	07732
Highlands, TX	77562
Highlandville, IA	52149
Highlandville, MO	65669
Highmore, SD	57345
Highmount, NY	12441
Highspire, PA	17034
Hightstown, NJ	08520
Highwood, IL	60040
Highwood, MT	59450
Higley, AZ	85236
Hiko, NV	89017
Hiland, WY	82638
Hilbert, WI	54129
Hilda, SC	29813
Hildale, UT	84784
Hildebran, NC	28637
Hildreth, NE	68947
Hilger, MT	59451
Hilham, TN	38568
Hill AFB, UT	84056
Hill City, ID	83337
Hill City, KS	67642
Hill City, MN	55748
Hill City, SD	57745
Hill, NH	03243
Hillburn, NY	10931
Hiller, PA	15444
Hilliard, FL	32046
Hilliard, OH	43026
Hilliards, PA	16040
Hillister, TX	77624
Hillman, MI	49746
Hillman, MN	56338
Hillpoint, WI	53937
Hillrose, CO	80733
Hills, IA	52235
Hills, MN	56138
Hillsboro, AL	35643
Hillsboro, GA	31038
Hillsboro, IA	52630
Hillsboro, IL	62049
Hillsboro, IN	47949
Hillsboro, KS	67063
Hillsboro, KY	41049
Hillsboro, MD	21641
Hillsboro, MO	63050
Hillsboro, MS	39087
Hillsboro, ND	58045
Hillsboro, NM	88042
Hillsboro, OH	45133
Hillsboro, TN	37342
Hillsboro, TX	76645
Hillsboro, WI	54634
Hillsboro, WV	24946
Hillsborough, NC	27278
Hillsborough, NH	03244
Hillsborough, NJ	08844
Hillsdale, IL	61257
Hillsdale, IN	47854
Hillsdale, KS	66036
Hillsdale, MI	49242
Hillsdale, NJ	07642
Hillsdale, NY	12529
Hillsdale, OK	73743
Hillsdale, PA	15746
Hillsdale, WY	82060
Hillsgrove, PA	18619
Hillside, CO	81232
Hillside, IL	60162
Hillside, NJ	07205
Hillsville, PA	16132
Hillsville, VA	24343
Hilltop, WV	25855
Hilltown, PA	18927
Hillview, IL	62050
Hillview, KY	40129
Hilmar, CA	95324
Hilton, NY	14468
Hiltons, VA	24258
Hima, KY	40951
Himrod, NY	14842
Hinckley, IL	60520
Hinckley, ME	04944
Hinckley, MN	55037
Hinckley, NY	13352
Hinckley, OH	44233
Hinckley, UT	84635
Hindman, KY	41822
Hindsboro, IL	61930
Hindsville, AR	72738
Hines, IL	60141
Hines, MN	56647
Hines, OR	97738
Hinesburg, VT	05461
Hineston, LA	71438
Hingham, MT	59528
Hingham, WI	53031
Hinkle, KY	40953
Hinkley, CA	92347
Hinsdale, MA	01235
Hinsdale, MT	59241
Hinsdale, NH	03451
Hinsdale, NY	14743
Hinton, IA	51024
Hinton, OK	73047
Hinton, VA	22831
Hinton, WV	25951
Hiram, GA	30141
Hiram, ME	04041
Hiram, OH	44234
Hiseville, KY	42152
Hitchcock, OK	73744
Hitchcock, SD	57348
Hitchcock, TX	77563
Hitchins, KY	41146
Hitchita, OK	74438
Hitterdal, MN	56552
Hiwasse, AR	72739
Hiwassee, VA	24347
Hixson, TN	37343
Hixton, WI	54635
Ho Ho Kus, NJ	07423
Hoagland, IN	46745
Hobart, IN	46342
Hobart, NY	13788
Hobart, OK	73651
Hobart, WA	98025
Hobbs, IN	46047
Hobbsville, NC	27946
Hobgood, NC	27843
Hoboken, GA	31542
Hoboken, NJ	07030
Hobson, MT	59452
Hobson, TX	78117
Hobucken, NC	28537
Hochheim, TX	77967
Hockessin, DE	19707
Hockingport, OH	45739
Hockley, TX	77447
Hodge, LA	71247
Hodgen, OK	74939
Hodgenville, KY	42748
Hodges, AL	35571
Hoehne, CO	81046
Hoffman, IL	62250
Hoffman, MN	56339
Hoffman, NC	28347
Hoffmeister, NY	13353
Hogansburg, NY	13655
Hogansville, GA	30230
Hogeland, MT	59529
Hohenwald, TN	38462
Hoisington, KS	67544
Hokah, MN	55941
Holabird, SD	57540
Holbrook, AZ	86025
Holbrook, ID	83243
Holbrook, MA	02343
Holbrook, NE	68948
Holbrook, NY	11741
Holbrook, PA	15341
Holcomb, IL	61043
Holcomb, KS	67851
Holcomb, MO	63852
Holcomb, MS	38940
Holcombe, WI	54745
Holden, LA	70744
Holden, MA	01520
Holden, ME	04429
Holden, MO	64040
Holden, UT	84636
Holden, WV	25625
Holdenville, OK	74848
Holder, FL	34445
Holderness, NH	03245
Holdingford, MN	56340
Holdrege, NE	68949
Holgate, OH	43527
Holicong, PA	18928
Holladay, TN	38341
Holland Patent, NY	13354
Holland, IA	50642
Holland, IN	47541
Holland, KY	42153
Holland, MA	01521
Holland, MN	56139
Holland, MO	63853
Holland, NY	14080
Holland, OH	43528
Holland, TX	76534
Hollandale, MN	56045
Hollandale, MS	38748
Hollandale, WI	53544
Hollansburg, OH	45332
Hollenberg, KS	66946
Holley, NY	14470
Holliday, MO	65258
Holliday, TX	76366
Hollidaysburg, PA	16648
Hollins, AL	35082
Hollis Center, ME	04042
Hollis, NH	03049
Hollis, NY	11423
Hollis, OK	73550
Hollister, FL	32147
Hollister, NC	27844
Hollister, OK	73551
Holliston, MA	01746
Holloman Air Force Base, NM	88330
Hollow Rock, TN	38342
Holloway, MN	56249
Holloway, OH	43985
Hollowville, NY	12530
Hollsopple, PA	15935
Holly Bluff, MS	39088
Holly Grove, AR	72069
Holly Hill, SC	29059
Holly Pond, AL	35083
Holly Ridge, NC	28445
Holly Springs, GA	30142
Holly Springs, NC	27540
Holly, CO	81047
Holly, MI	48442
Hollytree, AL	35751
Hollywood, AL	35752
Hollywood, MD	20636
Hollywood, SC	29449
Holman, NM	87723
Holmdel, NJ	07733
Holmen, WI	54636
Holmes Beach, FL	34218
Holmes City, MN	56341
Holmes Mill, KY	40843
Holmes, NY	12531
Holmesville, OH	44633
Holstein, IA	51025
Holstein, NE	68950
Holt, CA	95234
Holt, FL	32564
Holt, MI	48842
Holt, MO	64048
Holton, IN	47023
Holton, KS	66436
Holton, MI	49425
Holts Summit, MO	65043
Holtville, CA	92250
Holtwood, PA	17532
Holualoa, HI	96725
Holy City, CA	95026
Holy Cross, AK	99602
Holy Cross, IA	52053
Holy Trinity, AL	36859
Holyoke, CO	80734
Holyoke, MN	55749
Holyrood, KS	67450
Home, KS	66438
Home, PA	15747
Homedale, ID	83628
Homelake, CO	81135
Homeland, CA	92548
Homeland, FL	33847
Homer City, PA	15748
Homer Glen, IL	60491
Homer, AK	99603
Homer, GA	30547
Homer, IL	61849
Homer, IN	46146
Homer, LA	71040
Homer, MI	49245
Homer, MN	55942
Homer, NE	68030
Homer, NY	13077
Homer, OH	43027
Homerville, GA	31634
Homerville, OH	44235
Homestead, IA	52236
Homestead, MT	59242
Homestead, PA	15120
Hometown, IL	60456
Hometown, WV	25109
Homewood, CA	96141
Homewood, IL	60430
Homeworth, OH	44634
Hominy, OK	74035
Homosassa Springs, FL	34447
Honaker, VA	24260
Honaunau, HI	96726
Hondo, NM	88336
Hondo, TX	78861
Honea Path, SC	29654
Honeoye Falls, NY	14472
Honeoye, NY	14471
Honesdale, PA	18431
Honey Brook, PA	19344
Honey Creek, IA	51542
Honey Creek, WI	53138
Honey Grove, PA	17035
Honey Grove, TX	75446
Honeydew, CA	95545
Honeyville, UT	84314
Honobia, OK	74549
Honokaa, HI	96727
Honomu, HI	96728
Honor, MI	49640
Honoraville, AL	36042
Hood River, OR	97031
Hood, CA	95639
Hood, VA	22723
Hoodsport, WA	98548
Hooker, OK	73945
Hookerton, NC	28538
Hooks, TX	75561
Hooksett, NH	03106
Hookstown, PA	15050
Hoolehua, HI	96729
Hoonah, AK	99829
Hoopa, CA	95546
Hooper Bay, AK	99604
Hooper, CO	81136
Hooper, NE	68031
Hooper, UT	84315
Hooper, WA	99333
Hoopeston, IL	60942
Hoople, ND	58243
Hooppole, IL	61258
Hoosick Falls, NY	12090
Hoosick, NY	12089
Hooven, OH	45033
Hooversville, PA	15936
Hop Bottom, PA	18824
Hopatcong, NJ	07843
Hope Hull, AL	36043
Hope Mills, NC	28348
Hope Valley, RI	02832
Hope, AK	99605
Hope, ID	83836
Hope, IN	47246
Hope, KS	67451
Hope, KY	40334
Hope, ME	04847
Hope, MI	48628
Hope, MN	56046
Hope, ND	58046
Hope, NJ	07844
Hope, NM	88250
Hope, RI	02831
Hopedale, IL	61747
Hopedale, MA	01747
Hopedale, OH	43976
Hopeland, PA	17533
Hopeton, OK	73746
Hopewell Junction, NY	12533
Hopewell, NJ	08525
Hopewell, OH	43746
Hopewell, PA	16650
Hopewell, VA	23860
Hopkins Park, IL	60944
Hopkins, MI	49328
Hopkins, MO	64461
Hopkins, SC	29061
Hopkinton, IA	52237
Hopkinton, MA	01748
Hopkinton, RI	02833
Hopland, CA	95449
Hopwood, PA	15445
Hoquiam, WA	98550
Horace, ND	58047
Horatio, AR	71842
Horatio, SC	29062
Hordville, NE	68846
Horicon, WI	53032
Horn Lake, MS	38637
Hornbeak, TN	38232
Hornbeck, LA	71439
Hornbrook, CA	96044
Hornell, NY	14843
Horner, WV	26372
Hornersville, MO	63855
Hornick, IA	51026
Hornitos, CA	95325
Hornsby, TN	38044
Horntown, VA	23395
Horse Branch, KY	42349
Horse Cave, KY	42749
Horse Creek, WY	82061
Horse Shoe, NC	28742
Horseheads, NY	14845
Horsepen, VA	24619
Horseshoe Bay, TX	78657
Horseshoe Beach, FL	32648
Horseshoe Bend, AR	72512
Horseshoe Bend, ID	83629
Horsham, PA	19044
Hortense, GA	31543
Horton, AL	35980
Horton, KS	66439
Horton, MI	49246
Hortonville, NY	12745
Hortonville, WI	54944
Hoschton, GA	30548
Hosford, FL	32334
Hoskins, NE	68740
Hoskinston, KY	40844
Hosmer, SD	57448
Hospers, IA	51238
Hosston, LA	71043
Hostetter, PA	15638
Hot Springs, MT	59845
Hot Springs, NC	28743
Hot Springs, SD	57747
Hot Springs, VA	24445
Hot Sulphur Springs, CO	80451
Hotchkiss, CO	81419
Hotevilla, AZ	86030
Houck, AZ	86506
Houghton Lake Heights, MI	48630
Houghton Lake, MI	48629
Houghton, IA	52631
Houghton, MI	49931
Houghton, NY	14744
Houghton, SD	57449
Houlka, MS	38850
Houlton, ME	04730
Houlton, WI	54082
Housatonic, MA	01236
House Springs, MO	63051
House, NM	88121
Houston, AK	99694
Houston, AL	35572
Houston, AR	72070
Houston, DE	19954
Houston, MN	55943
Houston, MO	65483
Houston, MS	38851
Houston, OH	45333
Houston, PA	15342
Houstonia, MO	65333
Hoven, SD	57450
Hovland, MN	55606
Howard Beach, NY	11414
Howard City, MI	49329
Howard, CO	81233
Howard, GA	31039
Howard, KS	67349
Howard, OH	43028
Howard, PA	16841
Howard, SD	57349
Howardsville, VA	24562
Howe, ID	83244
Howe, IN	46746
Howe, OK	74940
Howe, TX	75459
Howell, NJ	07731
Howell, UT	84316
Howells, NE	68641
Howells, NY	10932
Howes Cave, NY	12092
Howes, SD	57748
Howey In The Hills, FL	34737
Howland, ME	04448
Hoxie, AR	72433
Hoxie, KS	67740
Hoyleton, IL	62803
Hoyt Lakes, MN	55750
Hoyt, KS	66440
Hoyt, OK	74440
Hoytville, OH	43529
Huachuca City, AZ	85616
Hualapai, AZ	86412
Hubbard Lake, MI	49747
Hubbard, IA	50122
Hubbard, NE	68741
Hubbard, OH	44425
Hubbard, OR	97032
Hubbard, TX	76648
Hubbardston, MA	01452
Hubbardston, MI	48845
Hubbardsville, NY	13355
Hubbell, MI	49934
Hubbell, NE	68375
Hubert, NC	28539
Hubertus, WI	53033
Huddleston, VA	24104
Huddy, KY	41535
Hudgins, VA	23076
Hudson Falls, NY	12839
Hudson, CO	80642
Hudson, IA	50643
Hudson, IL	61748
Hudson, IN	46747
Hudson, KS	67545
Hudson, KY	40145
Hudson, MA	01749
Hudson, ME	04449
Hudson, MI	49247
Hudson, NC	28638
Hudson, NH	03051
Hudson, NY	12534
Hudson, SD	57034
Hudson, WI	54016
Hudson, WY	82515
Hudsonville, MI	49426
Huey, IL	62252
Hueysville, KY	41640
Huffman, TX	77336
Hufsmith, TX	77337
Huger, SC	29450
Huggins, MO	65484
Hughes Springs, TX	75656
Hughes, AK	99745
Hughes, AR	72348
Hugheston, WV	25110
Hughesville, MD	20637
Hughesville, MO	65334
Hughesville, PA	17737
Hughson, CA	95326
Hughsonville, NY	12537
Hugo, CO	80821
Hugo, MN	55038
Hugo, OK	74743
Hugoton, KS	67951
Huguenot, NY	12746
Hulbert, MI	49748
Hulbert, OK	74441
Hulen, KY	40845
Hulett, WY	82720
Huletts Landing, NY	12841
Hull, GA	30646
Hull, IA	51239
Hull, IL	62343
Hull, MA	02045
Hull, TX	77564
Hulls Cove, ME	04644
Humansville, MO	65674
Humarock, MA	02047
Humbird, WI	54746
Humboldt, AZ	86329
Humboldt, IA	50548
Humboldt, IL	61931
Humboldt, KS	66748
Humboldt, MN	56731
Humboldt, NE	68376
Humboldt, SD	57035
Humboldt, TN	38343
Hume, CA	93628
Hume, IL	61932
Hume, MO	64752
Hume, NY	14745
Hume, VA	22639
Humeston, IA	50123
Hummels Wharf, PA	17831
Hummelstown, PA	17036
Humnoke, AR	72072
Humphrey, AR	72073
Humphrey, NE	68642
Humphreys, MO	64646
Humptulips, WA	98552
Hundred, WV	26575
Hungerford, TX	77448
Hungry Horse, MT	59919
Hunker, PA	15639
Hunlock Creek, PA	18621
Hunnewell, MO	63443
Hunt, NY	14846
Hunt, TX	78024
Hunter, AR	72074
Hunter, KS	67452
Hunter, ND	58048
Hunter, NY	12442
Hunter, OK	74640
Hunters, WA	99137
Huntertown, IN	46748
Huntingburg, IN	47542
Huntingdon Valley, PA	19006
Huntingdon, TN	38344
Huntington Mills, PA	18622
Huntington Park, CA	90255
Huntington Woods, MI	48070
Huntington, AR	72940
Huntington, IN	46750
Huntington, MA	01050
Huntington, NY	11743
Huntington, OR	97907
Huntington, TX	75949
Huntington, UT	84528
Huntington, VT	05462
Huntingtown, MD	20639
Huntland, TN	37345
Huntley, IL	60142
Huntley, MN	56047
Huntley, MT	59037
Huntley, WY	82218
Huntly, VA	22640
Huntsburg, OH	44046
Huntsville, AR	72740
Huntsville, IL	62344
Huntsville, MO	65259
Huntsville, OH	43324
Huntsville, TN	37756
Huntsville, UT	84317
Hurdland, MO	63547
Hurdle Mills, NC	27541
Hurdsfield, ND	58451
Hurlburt Field, FL	32544
Hurley, MO	65675
Hurley, MS	39555
Hurley, NM	88043
Hurley, NY	12443
Hurley, SD	57036
Hurley, VA	24620
Hurley, WI	54534
Hurleyville, NY	12747
Hurlock, MD	21643
Huron, CA	93234
Huron, IN	47437
Huron, OH	44839
Huron, TN	38345
Hurricane Mills, TN	37078
Hurricane, UT	84737
Hurricane, WV	25526
Hurst, IL	62949
Hurt, VA	24563
Hurtsboro, AL	36860
Huslia, AK	99746
Huson, MT	59846
Husser, LA	70442
Hustisford, WI	53034
Hustle, VA	22476
Hustler, WI	54637
Huston, ID	83630
Hustontown, PA	17229
Hustonville, KY	40437
Husum, WA	98623
Hutchins, TX	75141
Hutchinson, MN	55350
Hutchinson, PA	15640
Hutsonville, IL	62433
Huttig, AR	71747
Hutto, TX	78634
Huttonsville, WV	26273
Huxford, AL	36543
Huxley, IA	50124
Hyampom, CA	96046
Hyannis Port, MA	02647
Hyannis, MA	02601
Hyannis, NE	69350
Hyattville, WY	82428
Hydaburg, AK	99922
Hyde Park, MA	02136
Hyde Park, NY	12538
Hyde Park, PA	15641
Hyde Park, UT	84318
Hyde Park, VT	05655
Hyde, PA	16843
Hyden, KY	41749
Hyder, AK	99923
Hydes, MD	21082
Hydesville, CA	95547
Hydetown, PA	16328
Hydeville, VT	05750
Hydro, OK	73048
Hye, TX	78635
Hygiene, CO	80533
Hymera, IN	47855
Hyndman, PA	15545
Hyrum, UT	84319
Hysham, MT	59038
Iaeger, WV	24844
Ibapah, UT	84034
Iberia, MO	65486
Iberia, OH	43325
Icard, NC	28666
Ickesburg, PA	17037
Ida Grove, IA	51445
Ida, AR	72546
Ida, LA	71044
Ida, MI	48140
Idabel, OK	74745
Idaho City, ID	83631
Idaho Springs, CO	80452
Idalia, CO	80735
Idalou, TX	79329
Idamay, WV	26576
Idanha, OR	97350
Idaville, IN	47950
Idaville, PA	17337
Ideal, GA	31041
Ideal, SD	57541
Ider, AL	35981
Idledale, CO	80453
Idlewild, MI	49642
Idlewild, TN	38346
Idleyld Park, OR	97447
Idyllwild, CA	92549
Ignacio, CO	81137
Igo, CA	96047
Ihlen, MN	56140
Ijamsville, MD	21754
Ikes Fork, WV	24845
Ila, GA	30647
Ilfeld, NM	87538
Iliamna, AK	99606
Iliff, CO	80736
Ilion, NY	13357
Illinois City, IL	61259
Illiopolis, IL	62539
Ilwaco, WA	98624
Imbler, OR	97841
Imboden, AR	72434
Imlay City, MI	48444
Imlay, NV	89418
Imlaystown, NJ	08526
Imler, PA	16655
Immaculata, PA	19345
Imnaha, OR	97842
Imogene, IA	51645
Imperial, CA	92251
Imperial, MO	63052
Imperial, NE	69033
Imperial, PA	15126
Imperial, TX	79743
Ina, IL	62846
Inavale, NE	68952
Inchelium, WA	99138
Independence, CA	93526
Independence, IA	50644
Independence, KS	67301
Independence, KY	41051
Independence, LA	70443
Independence, MS	38638
Independence, OH	44131
Independence, OR	97351
Independence, VA	24348
Independence, WI	54747
Independence, WV	26374
Index, WA	98256
Indiahoma, OK	73552
Indialantic, FL	32903
Indian Head, MD	20640
Indian Head, PA	15446
Indian Hills, CO	80454
Indian Lake Estates, FL	33855
Indian Lake, NY	12842
Indian Mound, TN	37079
Indian Orchard, MA	01151
Indian River, MI	49749
Indian Rocks Beach, FL	33785
Indian Trail, NC	28079
Indian Valley, ID	83632
Indian Valley, VA	24105
Indian Wells, AZ	86031
Indian Wells, CA	92210
Indian, AK	99540
Indianola, IA	50125
Indianola, IL	61850
Indianola, NE	69034
Indianola, OK	74442
Indianola, PA	15051
Indianola, WA	98342
Indiantown, FL	34956
Indore, WV	25111
Industry, IL	61440
Industry, PA	15052
Industry, TX	78944
Inez, KY	41224
Inez, TX	77968
Ingalls, IN	46048
Ingalls, KS	67853
Ingalls, MI	49848
Inglefield, IN	47618
Ingleside, IL	60041
Ingleside, MD	21644
Ingleside, TX	78362
Inglis, FL	34449
Ingomar, MT	59039
Ingomar, PA	15127
Ingraham, IL	62434
Ingram, KY	40955
Ingram, TX	78025
Inkom, ID	83245
Inkster, MI	48141
Inkster, ND	58244
Inland, NE	68954
Inlet Beach, FL	32461
Inlet, NY	13360
Inman, KS	67546
Inman, NE	68742
Inman, SC	29349
Innis, LA	70747
Inola, OK	74036
Institute, WV	25112
Intercession City, FL	33848
Intercourse, PA	17534
Interior, SD	57750
Interlaken, NY	14847
Interlochen, MI	49643
International Falls, MN	56649
Intervale, NH	03845
Inverness, CA	94937
Inverness, MS	38753
Inverness, MT	59530
Inwood, IA	51240
Inwood, NY	11096
Inwood, WV	25428
Inyokern, CA	93527
Iola, KS	66749
Iola, TX	77861
Iona, ID	83427
Iona, MN	56141
Ione, CA	95640
Ione, OR	97843
Ione, WA	99139
Ionia, IA	50645
Ionia, MI	48846
Ionia, MO	65335
Ionia, NY	14475
Iota, LA	70543
Iowa Falls, IA	50126
Iowa Park, TX	76367
Iowa, LA	70647
Ipava, IL	61441
Ipswich, MA	01938
Ipswich, SD	57451
Ira, IA	50127
Ira, TX	79527
Iraan, TX	79744
Irasburg, VT	05845
Iredell, TX	76649
Ireland, IN	47545
Ireland, WV	26376
Irene, SD	57037
Irene, TX	76650
Ireton, IA	51027
Irma, WI	54442
Irmo, SC	29063
Iron Belt, WI	54536
Iron City, GA	39859
Iron City, TN	38463
Iron Gate, VA	24448
Iron Mountain, MI	49801
Iron Ridge, WI	53035
Iron River, MI	49935
Iron River, WI	54847
Iron Station, NC	28080
Iron, MN	55751
Irondale, MO	63648
Irondale, OH	43932
Ironia, NJ	07845
Irons, MI	49644
Ironside, OR	97908
Ironsides, MD	20643
Ironton, MN	56455
Ironton, MO	63650
Ironton, OH	45638
Ironwood, MI	49938
Iroquois, IL	60945
Iroquois, SD	57353
Irrigon, OR	97844
Irvine, KY	40336
Irvine, PA	16329
Irving, IL	62051
Irving, NY	14081
Irvington, AL	36544
Irvington, IL	62848
Irvington, KY	40146
Irvington, NJ	07111
Irvington, NY	10533
Irvington, VA	22480
Irvona, PA	16656
Irwin, IA	51446
Irwin, ID	83428
Irwin, OH	43029
Irwin, PA	15642
Irwinton, GA	31042
Irwinville, GA	31760
Isaban, WV	24846
Isabel, KS	67065
Isabel, SD	57633
Isabella, MN	55607
Isabella, MO	65676
Isabella, OK	73747
Isabella, PA	15447
Isanti, MN	55040
Iselin, NJ	08830
Ishpeming, MI	49849
Islamorada, FL	33036
Island City, KY	41338
Island Falls, ME	04747
Island Grove, FL	32654
Island Heights, NJ	08732
Island Lake, IL	60042
Island Park, ID	83429
Island Park, NY	11558
Island Pond, VT	05846
Island, KY	42350
Islandia, NY	11749
Islandton, SC	29929
Isle Au Haut, ME	04645
Isle La Motte, VT	05463
Isle Of Palms, SC	29451
Isle Of Springs, ME	04549
Isle Of Wight, VA	23397
Isle Saint George, OH	43436
Isle, MN	56342
Islesboro, ME	04848
Islesford, ME	04646
Isleta, NM	87022
Isleton, CA	95641
Islip Terrace, NY	11752
Islip, NY	11751
Ismay, MT	59336
Isola, MS	38754
Isom, KY	41824
Isonville, KY	41149
Issue, MD	20645
Istachatta, FL	34636
Italy, TX	76651
Itasca, IL	60143
Itasca, TX	76055
Ithaca, MI	48847
Ithaca, NE	68033
Itmann, WV	24847
Itta Bena, MS	38941
Iuka, IL	62849
Iuka, KS	67066
Iuka, MS	38852
Iva, SC	29655
Ivan, AR	71748
Ivanhoe, CA	93235
Ivanhoe, MN	56142
Ivanhoe, NC	28447
Ivanhoe, TX	75447
Ivanhoe, VA	24350
Ivel, KY	41642
Ivesdale, IL	61851
Ivins, UT	84738
Ivor, VA	23866
Ivoryton, CT	06442
Ivy, VA	22945
Ivydale, WV	25113
Ixonia, WI	53036
Jachin, AL	36910
Jack, AL	36346
Jackhorn, KY	41825
Jackman, ME	04945
Jackpot, NV	89825
Jacks Creek, TN	38347
Jacksboro, TN	37757
Jacksboro, TX	76458
Jackson Center, OH	45334
Jackson Center, PA	16133
Jackson Heights, NY	11372
Jackson Springs, NC	27281
Jackson, CA	95642
Jackson, GA	30233
Jackson, KY	41339
Jackson, LA	70748
Jackson, MN	56143
Jackson, MO	63755
Jackson, MT	59736
Jackson, NC	27845
Jackson, NE	68743
Jackson, NH	03846
Jackson, NJ	08527
Jackson, OH	45640
Jackson, PA	18825
Jackson, SC	29831
Jackson, WI	53037
Jacksonboro, SC	29452
Jacksonburg, WV	26377
Jacksonport, AR	72075
Jacksons Gap, AL	36861
Jacksontown, OH	43030
Jacksonville, AL	36265
Jacksonville, GA	31544
Jacksonville, MO	65260
Jacksonville, NY	14854
Jacksonville, OH	45740
Jacksonville, OR	97530
Jacksonville, TX	75766
Jacksonville, VT	05342
Jacob, IL	62950
Jacobs Creek, PA	15448
Jacobsburg, OH	43933
Jacobson, MN	55752
Jacumba, CA	91934
Jadwin, MO	65501
Jaffrey, NH	03452
Jakin, GA	39861
Jal, NM	88252
Jamaica Plain, MA	02130
Jamaica, IA	50128
Jamaica, VA	23079
Jamaica, VT	05343
James City, PA	16734
James Creek, PA	16657
Jameson, MO	64647
Jamesport, MO	64648
Jamesport, NY	11947
Jamestown, CA	95327
Jamestown, CO	80455
Jamestown, IN	46147
Jamestown, KS	66948
Jamestown, KY	42629
Jamestown, LA	71045
Jamestown, MI	49427
Jamestown, MO	65046
Jamestown, NC	27282
Jamestown, NM	87347
Jamestown, OH	45335
Jamestown, PA	16134
Jamestown, RI	02835
Jamestown, SC	29453
Jamestown, TN	38556
Jamestown, VA	23081
Jamesville, NC	27846
Jamesville, NY	13078
Jamesville, VA	23398
Jamieson, OR	97909
Jamison, PA	18929
Jamul, CA	91935
Jane Lew, WV	26378
Janesville, CA	96114
Janesville, IA	50647
Janesville, IL	62435
Janesville, MN	56048
Jansen, NE	68377
Jarales, NM	87023
Jarbidge, NV	89826
Jaroso, CO	81138
Jarreau, LA	70749
Jarrell, TX	76537
Jarrettsville, MD	21084
Jarvisburg, NC	27947
Jasonville, IN	47438
Jasper, AR	72641
Jasper, FL	32052
Jasper, GA	30143
Jasper, MI	49248
Jasper, MN	56144
Jasper, MO	64755
Jasper, NY	14855
Jasper, OH	45642
Jasper, TN	37347
Jasper, TX	75951
Java Center, NY	14082
Java Village, NY	14083
Java, SD	57452
Java, VA	24565
Jay Em, WY	82219
Jay, FL	32565
Jay, ME	04239
Jay, NY	12941
Jay, OK	74346
Jayess, MS	39641
Jayton, TX	79528
Jbsa Ft Sam Houston, TX	78234
Jbsa Lackland, TX	78236
Jbsa Randolph, TX	78150
Jeanerette, LA	70544
Jeannette, PA	15644
Jeddo, MI	48032
Jeff, KY	41751
Jeffers, MN	56145
Jefferson City, MT	59638
Jefferson City, TN	37760
Jefferson Valley, NY	10535
Jefferson, AL	36745
Jefferson, AR	72079
Jefferson, CO	80456
Jefferson, GA	30549
Jefferson, IA	50129
Jefferson, MA	01522
Jefferson, MD	21755
Jefferson, ME	04348
Jefferson, NC	28640
Jefferson, NH	03583
Jefferson, NY	12093
Jefferson, OH	44047
Jefferson, OR	97352
Jefferson, PA	15344
Jefferson, SC	29718
Jefferson, SD	57038
Jefferson, TX	75657
Jefferson, WI	53549
Jeffersonton, VA	22724
Jeffersonville, GA	31044
Jeffersonville, KY	40337
Jeffersonville, NY	12748
Jeffersonville, OH	43128
Jeffersonville, VT	05464
Jeffrey City, WY	82310
Jeffrey, WV	25114
Jekyll Island, GA	31527
Jellico, TN	37762
Jelm, WY	82063
Jemez Pueblo, NM	87024
Jemez Springs, NM	87025
Jemison, AL	35085
Jena, LA	71342
Jenera, OH	45841
Jenkinjones, WV	24848
Jenkins Bridge, VA	23399
Jenkins, KY	41537
Jenkins, MN	56456
Jenkinsburg, GA	30234
Jenkinsville, SC	29065
Jenkintown, PA	19046
Jenks, OK	74037
Jenner, CA	95450
Jenners, PA	15546
Jennerstown, PA	15547
Jennings, FL	32053
Jennings, KS	67643
Jennings, LA	70546
Jennings, OK	74038
Jensen, UT	84035
Jeremiah, KY	41826
Jericho, VT	05465
Jerico Springs, MO	64756
Jermyn, PA	18433
Jermyn, TX	76459
Jerome, AZ	86331
Jerome, ID	83338
Jerome, MI	49249
Jerome, MO	65529
Jerome, PA	15937
Jeromesville, OH	44840
Jerry City, OH	43437
Jersey Mills, PA	17739
Jersey Shore, PA	17740
Jersey, AR	71651
Jersey, GA	30018
Jersey, VA	22481
Jerseyville, IL	62052
Jerusalem, AR	72080
Jerusalem, OH	43747
Jesse, WV	24849
Jessie, ND	58452
Jessieville, AR	71949
Jessup, MD	20794
Jessup, PA	18434
Jesup, IA	50648
Jet, OK	73749
Jetersville, VA	23083
Jetmore, KS	67854
Jetson, KY	42252
Jewell Ridge, VA	24622
Jewell, GA	31045
Jewell, IA	50130
Jewell, KS	66949
Jewell, OH	43530
Jewett City, CT	06351
Jewett, IL	62436
Jewett, NY	12444
Jewett, OH	43986
Jewett, TX	75846
Jigger, LA	71249
Jim Falls, WI	54748
Jim Thorpe, PA	18229
Joanna, SC	29351
Joaquin, TX	75954
Jobstown, NJ	08041
Joelton, TN	37080
Joes, CO	80822
Joffre, PA	15053
Johannesburg, CA	93528
Johannesburg, MI	49751
John Day, OR	97845
Johnsburg, NY	12843
Johnson City, NY	13790
Johnson City, TX	78636
Johnson Creek, WI	53038
Johnson, AR	72741
Johnson, KS	67855
Johnson, NE	68378
Johnson, NY	10933
Johnson, VT	05656
Johnsonburg, NJ	07846
Johnsonburg, PA	15845
Johnsonville, IL	62850
Johnsonville, NY	12094
Johnsonville, SC	29555
Johnston City, IL	62951
Johnston, IA	50131
Johnston, RI	02919
Johnston, SC	29832
Johnstown, CO	80534
Johnstown, NE	69214
Johnstown, NY	12095
Johnstown, OH	43031
Joice, IA	50446
Joiner, AR	72350
Joinerville, TX	75658
Joliet, MT	59041
Jolley, IA	50551
Jolo, WV	24850
Jolon, CA	93928
Jonancy, KY	41538
Jonas Ridge, NC	28641
Jones Mill, AR	72105
Jones Mills, PA	15646
Jones, AL	36749
Jones, LA	71250
Jones, MI	49061
Jones, OK	73049
Jonesboro, IL	62952
Jonesboro, IN	46938
Jonesboro, LA	71251
Jonesboro, ME	04648
Jonesboro, TX	76538
Jonesborough, TN	37659
Jonesburg, MO	63351
Jonesport, ME	04649
Jonestown, MS	38639
Jonestown, PA	17038
Jonesville, IN	47247
Jonesville, KY	41052
Jonesville, LA	71343
Jonesville, MI	49250
Jonesville, NC	28642
Jonesville, TX	75659
Jonesville, VA	24263
Jonesville, VT	05466
Joplin, MT	59531
Joppa, AL	35087
Joppa, IL	62953
Joppa, MD	21085
Jordan Valley, OR	97910
Jordan, MN	55352
Jordan, MT	59337
Jordan, NY	13080
Jordanville, NY	13361
Joseph City, AZ	86032
Joseph, OR	97846
Joseph, UT	84739
Josephine, PA	15750
Josephine, TX	75164
Josephine, WV	25857
Joshua Tree, CA	92252
Joshua, TX	76058
Jourdanton, TX	78026
Joy, IL	61260
Joyce, LA	71440
Joyce, WA	98343
Jud, ND	58454
Juda, WI	53550
Judith Gap, MT	59453
Judson, IN	47856
Judson, TX	75660
Judsonia, AR	72081
Julesburg, CO	80737
Juliaetta, ID	83535
Julian, CA	92036
Julian, NC	27283
Julian, NE	68379
Julian, PA	16844
Julian, WV	25529
Juliette, GA	31046
Juliustown, NJ	08042
Jump River, WI	54434
Jumping Branch, WV	25969
Junction City, AR	71749
Junction City, CA	96048
Junction City, GA	31812
Junction City, KS	66441
Junction City, KY	40440
Junction City, OH	43748
Junction City, OR	97448
Junction City, WI	54443
Junction, IL	62954
Junction, TX	76849
Junction, UT	84740
June Lake, CA	93529
Juneau, WI	53039
Junedale, PA	18230
Juniata, NE	68955
Junior, WV	26275
Juntura, OR	97911
Jurupa Valley, CA	92509
Justice, IL	60458
Justice, WV	24851
Justiceburg, TX	79330
Justin, TX	76247
Kaaawa, HI	96730
Kabetogama, MN	56669
Kadoka, SD	57543
Kahlotus, WA	99335
Kahoka, MO	63445
Kahuku, HI	96731
Kaibeto, AZ	86053
Kailua, HI	96734
Kaiser, MO	65047
Kake, AK	99830
Kaktovik, AK	99747
Kalaheo, HI	96741
Kalama, WA	98625
Kalaupapa, HI	96742
Kaleva, MI	49645
Kalida, OH	45853
Kalkaska, MI	49646
Kalona, IA	52247
Kalskag, AK	99607
Kaltag, AK	99748
Kamas, UT	84036
Kamay, TX	76369
Kamiah, ID	83536
Kampsville, IL	62053
Kamrar, IA	50132
Kamuela, HI	96743
Kanab, UT	84741
Kanaranzi, MN	56146
Kanarraville, UT	84742
Kanawha Falls, WV	25115
Kanawha Head, WV	26228
Kanawha, IA	50447
Kandiyohi, MN	56251
Kane, IL	62054
Kane, PA	16735
Kaneohe, HI	96744
Kaneville, IL	60144
Kankakee, IL	60901
Kanona, NY	14856
Kanopolis, KS	67454
Kanorado, KS	67741
Kanosh, UT	84637
Kansas, AL	35573
Kansas, IL	61933
Kansas, OH	44841
Kansas, OK	74347
Kansasville, WI	53139
Kantner, PA	15548
Kapaa, HI	96746
Kapaau, HI	96755
Kaplan, LA	70548
Kapowsin, WA	98344
Karbers Ridge, IL	62955
Karlsruhe, ND	58744
Karlstad, MN	56732
Karluk, AK	99608
Karnack, TX	75661
Karnak, IL	62956
Karnes City, TX	78118
Karns City, PA	16041
Karthaus, PA	16845
Karval, CO	80823
Kasbeer, IL	61328
Kasigluk, AK	99609
Kasilof, AK	99610
Kasota, MN	56050
Kasson, MN	55944
Kathleen, FL	33849
Kathleen, GA	31047
Kathryn, ND	58049
Katonah, NY	10536
Kattskill Bay, NY	12844
Kaufman, TX	75142
Kaukauna, WI	54130
Kaumakani, HI	96747
Kaunakakai, HI	96748
Kauneonga Lake, NY	12749
Kaw City, OK	74641
Kaweah, CA	93237
Kawkawlin, MI	48631
Kaycee, WY	82639
Kayenta, AZ	86033
Kaylor, SD	57354
Kaysville, UT	84037
Keaau, HI	96749
Kealakekua, HI	96750
Kealia, HI	96751
Keams Canyon, AZ	86034
Keansburg, NJ	07734
Kearney, MO	64060
Kearneysville, WV	25430
Kearsarge, MI	49942
Kearsarge, NH	03847
Keasbey, NJ	08832
Keatchie, LA	71046
Keaton, KY	41226
Keauhou, HI	96739
Keavy, KY	40737
Kechi, KS	67067
Keedysville, MD	21756
Keego Harbor, MI	48320
Keeler, CA	93530
Keeling, VA	24566
Keen Mountain, VA	24624
Keene Valley, NY	12943
Keene, CA	93531
Keene, KY	40339
Keene, ND	58847
Keene, NY	12942
Keene, OH	43828
Keene, TX	76059
Keene, VA	22946
Keenes, IL	62851
Keenesburg, CO	80643
Keensburg, IL	62852
Keewatin, MN	55753
Keezletown, VA	22832
Kegley, WV	24731
Keiser, AR	72351
Keisterville, PA	15449
Keithsburg, IL	61442
Keithville, LA	71047
Keizer, OR	97307
Kekaha, HI	96752
Kelayres, PA	18231
Keldron, SD	57634
Kelford, NC	27847
Kell, IL	62853
Keller, VA	23401
Keller, WA	99140
Kellerman, AL	35468
Kellerton, IA	50133
Kelley, IA	50134
Kelleys Island, OH	43438
Kelliher, MN	56650
Kellnersville, WI	54215
Kellogg, IA	50135
Kellogg, ID	83837
Kellogg, MN	55945
Kelly, LA	71441
Kelly, NC	28448
Kelly, WY	83011
Kellysville, WV	24732
Kellyton, AL	35089
Kellyville, OK	74039
Kelseyville, CA	95451
Kelso, MO	63758
Kelso, TN	37348
Kelso, WA	98626
Kelton, PA	19346
Kemah, TX	77565
Kemblesville, PA	19347
Kemmerer, WY	83101
Kemp, OK	74747
Kemp, TX	75143
Kempner, TX	76539
Kempton, IL	60946
Kempton, IN	46049
Kempton, PA	19529
Kenai, AK	99611
Kenansville, FL	34739
Kenansville, NC	28349
Kenbridge, VA	23944
Kendalia, TX	78027
Kendall Park, NJ	08824
Kendall, KS	67857
Kendall, MI	49062
Kendall, NY	14476
Kendall, WI	54638
Kendallville, IN	46755
Kendleton, TX	77451
Kendrick, ID	83537
Kenduskeag, ME	04450
Kenedy, TX	78119
Kenefic, OK	74748
Kenesaw, NE	68956
Kenilworth, IL	60043
Kenilworth, NJ	07033
Kenilworth, UT	84529
Kenly, NC	27542
Kenmare, ND	58746
Kenmore, WA	98028
Kenna, NM	88122
Kenna, WV	25248
Kennan, WI	54537
Kennard, IN	47351
Kennard, NE	68034
Kennard, TX	75847
Kennebec, SD	57544
Kennebunk, ME	04043
Kennebunkport, ME	04046
Kennedale, TX	76060
Kennedy, AL	35574
Kennedy, MN	56733
Kennedy, NY	14747
Kennedyville, MD	21645
Kennerdell, PA	16374
Kenneth, MN	56147
Kennett Square, PA	19348
Kennett, MO	63857
Kenney, IL	61749
Kenney, TX	77452
Keno, OR	97627
Kenova, WV	25530
Kenoza Lake, NY	12750
Kensal, ND	58455
Kensett, AR	72082
Kensett, IA	50448
Kensington, KS	66951
Kensington, MN	56343
Kensington, OH	44427
Kent City, MI	49330
Kent, AL	36045
Kent, CT	06757
Kent, IL	61044
Kent, MN	56553
Kent, NY	14477
Kent, OR	97033
Kent, PA	15752
Kentfield, CA	94914
Kentland, IN	47951
Kenton, DE	19955
Kenton, KY	41053
Kenton, OH	43326
Kenton, OK	73946
Kenton, TN	38233
Kents Hill, ME	04349
Kents Store, VA	23084
Kentwood, LA	70444
Kenvil, NJ	07847
Kenvir, KY	40847
Kenwood, CA	95452
Kenyon, MN	55946
Kenyon, RI	02836
Keo, AR	72083
Keokee, VA	24265
Keokuk, IA	52632
Keosauqua, IA	52565
Keota, IA	52248
Keota, OK	74941
Kerby, OR	97531
Kerens, TX	75144
Kerens, WV	26276
Kerhonkson, NY	12446
Kerkhoven, MN	56252
Kerman, CA	93630
Kermit, TX	79745
Kermit, WV	25674
Kernville, CA	93238
Kerr, OH	45643
Kerrick, MN	55756
Kerrick, TX	79051
Kersey, CO	80644
Kersey, PA	15846
Kershaw, SC	29067
Keshena, WI	54135
Keslers Cross Lanes, WV	26675
Kesley, IA	50649
Keswick, IA	50136
Keswick, VA	22947
Ketchum, ID	83340
Ketchum, OK	74349
Kettle Falls, WA	99141
Kettle Island, KY	40958
Kettle River, MN	55757
Kettleman City, CA	93239
Kettlersville, OH	45336
Keuka Park, NY	14478
Kevil, KY	42053
Kevin, MT	59454
Kew Gardens, NY	11415
Kewadin, MI	49648
Kewanee, IL	61443
Kewanee, MO	63860
Kewanna, IN	46939
Kewaskum, WI	53040
Kewaunee, WI	54216
Key Biscayne, FL	33149
Key Colony Beach, FL	33051
Key Largo, FL	33037
Keyes, CA	95328
Keyes, OK	73947
Keyesport, IL	62253
Keymar, MD	21757
Keyport, NJ	07735
Keyport, WA	98345
Keyser, WV	26726
Keystone Heights, FL	32656
Keystone, IA	52249
Keystone, IN	46759
Keystone, NE	69144
Keystone, SD	57751
Keysville, GA	30816
Keysville, VA	23947
Keytesville, MO	65261
Kiahsville, WV	25534
Kiamesha Lake, NY	12751
Kiana, AK	99749
Kidder, MO	64649
Kidron, OH	44636
Kiefer, OK	74041
Kiel, WI	53042
Kieler, WI	53812
Kiester, MN	56051
Kihei, HI	96753
Kila, MT	59920
Kilauea, HI	96754
Kilbourne, IL	62655
Kilbourne, LA	71253
Kilbourne, OH	43032
Kildare, TX	75562
Kilgore, NE	69216
Kilkenny, MN	56052
Kill Buck, NY	14748
Kill Devil Hills, NC	27948
Killarney, FL	34740
Killawog, NY	13794
Killbuck, OH	44637
Killdeer, ND	58640
Killduff, IA	50137
Killen, AL	35645
Killington, VT	05751
Killingworth, CT	06419
Kilmarnock, VA	22482
Kilmichael, MS	39747
Kiln, MS	39556
Kim, CO	81049
Kimball, MN	55353
Kimball, NE	69145
Kimball, SD	57355
Kimball, WV	24853
Kimballton, IA	51543
Kimberling City, MO	65686
Kimberly, AL	35091
Kimberly, ID	83341
Kimberly, OR	97848
Kimberly, WI	54136
Kimberly, WV	25118
Kimberton, PA	19442
Kimbolton, OH	43749
Kimmell, IN	46760
Kimmswick, MO	63053
Kimper, KY	41539
Kinards, SC	29355
Kincaid, IL	62540
Kincaid, KS	66039
Kincaid, WV	25119
Kinde, MI	48445
Kinder, LA	70648
Kinderhook, IL	62345
Kinderhook, NY	12106
Kindred, ND	58051
King And Queen Court House, VA	23085
King City, CA	93930
King City, MO	64463
King Cove, AK	99612
King Ferry, NY	13081
King George, VA	22485
King Hill, ID	83633
King Salmon, AK	99613
King William, VA	23086
King, NC	27021
King, WI	54946
Kingdom City, MO	65262
Kingfield, ME	04947
Kingfisher, OK	73750
Kingman, IN	47952
Kingman, KS	67068
Kingman, ME	04451
Kingmont, WV	26578
Kings Bay, GA	31547
Kings Beach, CA	96143
Kings Canyon National Pk, CA	93633
Kings Mills, OH	45034
Kings Mountain, KY	40442
Kings Mountain, NC	28086
Kings Park, NY	11754
Kingsburg, CA	93631
Kingsbury, IN	46345
Kingsbury, TX	78638
Kingsford Heights, IN	46346
Kingsford, MI	49802
Kingsland, AR	71652
Kingsland, GA	31548
Kingsland, TX	78639
Kingsley, IA	51028
Kingsley, MI	49649
Kingsley, PA	18826
Kingston Mines, IL	61539
Kingston Springs, TN	37082
Kingston, AR	72742
Kingston, GA	30145
Kingston, ID	83839
Kingston, IL	60145
Kingston, MA	02364
Kingston, MI	48741
Kingston, MO	64650
Kingston, NH	03848
Kingston, NJ	08528
Kingston, OH	45644
Kingston, OK	73439
Kingston, PA	18704
Kingston, RI	02881
Kingston, TN	37763
Kingston, UT	84743
Kingston, WA	98346
Kingston, WI	53939
Kingstree, SC	29556
Kingsville, MD	21087
Kingsville, MO	64061
Kingsville, OH	44048
Kingwood, WV	26537
Kinmundy, IL	62854
Kinnear, WY	82516
Kinney, MN	55758
Kinross, MI	49752
Kinsale, VA	22488
Kinsey, MT	59338
Kinsley, KS	67547
Kinsman, IL	60437
Kinsman, OH	44428
Kinston, AL	36453
Kinta, OK	74552
Kintnersville, PA	18930
Kintyre, ND	58549
Kinzers, PA	17535
Kiowa, CO	80117
Kiowa, KS	67070
Kiowa, OK	74553
Kipling, NC	27543
Kipling, OH	43750
Kipnuk, AK	99614
Kipton, OH	44049
Kirby, AR	71950
Kirby, OH	43330
Kirby, WY	82430
Kirbyville, MO	65679
Kirbyville, TX	75956
Kirk, CO	80824
Kirkersville, OH	43033
Kirkland, AZ	86332
Kirkland, IL	60146
Kirklin, IN	46050
Kirkman, IA	51447
Kirksey, KY	42054
Kirksville, MO	63501
Kirkville, IA	52566
Kirkville, NY	13082
Kirkwood, CA	95646
Kirkwood, DE	19708
Kirkwood, IL	61447
Kirkwood, NY	13795
Kirkwood, PA	17536
Kiron, IA	51448
Kirtland AFB, NM	87117
Kirtland, NM	87417
Kirvin, TX	75848
Kirwin, KS	67644
Kismet, KS	67859
Kissee Mills, MO	65680
Kistler, WV	25628
Kit Carson, CA	95644
Kit Carson, CO	80825
Kite, GA	31049
Kite, KY	41828
Kittery Point, ME	03905
Kittery, ME	03904
Kittitas, WA	98934
Kittredge, CO	80457
Kittrell, NC	27544
Kitts Hill, OH	45645
Kitty Hawk, NC	27949
Kitzmiller, MD	21538
Kivalina, AK	99750
Klamath River, CA	96050
Klamath, CA	95548
Klawock, AK	99925
Kleinfeltersville, PA	17039
Klemme, IA	50449
Klickitat, WA	98628
Klingerstown, PA	17941
Klondike, TX	75448
Knapp, WI	54749
Kneeland, CA	95549
Knickerbocker, TX	76939
Knierim, IA	50552
Knife River, MN	55609
Knifley, KY	42753
Knightdale, NC	27545
Knights Landing, CA	95645
Knightsen, CA	94548
Knightstown, IN	46148
Knightsville, IN	47857
Knippa, TX	78870
Knob Lick, KY	42154
Knob Lick, MO	63651
Knob Noster, MO	65336
Knobel, AR	72435
Knott, TX	79748
Knotts Island, NC	27950
Knowlesville, NY	14479
Knox City, MO	63446
Knox City, TX	79529
Knox Dale, PA	15847
Knox, IN	46534
Knox, ND	58343
Knox, NY	12107
Knox, PA	16232
Knoxboro, NY	13362
Knoxville, AL	35469
Knoxville, AR	72845
Knoxville, GA	31050
Knoxville, IA	50138
Knoxville, IL	61448
Knoxville, MD	21758
Knoxville, PA	16928
Kobuk, AK	99751
Kodak, TN	37764
Koeltztown, MO	65048
Kohler, WI	53044
Kokomo, MS	39643
Koleen, IN	47439
Koloa, HI	96756
Konawa, OK	74849
Kongiganak, AK	99545
Koosharem, UT	84744
Kooskia, ID	83539
Kootenai, ID	83840
Koppel, PA	16136
Kopperl, TX	76652
Kopperston, WV	24854
Korbel, CA	95550
Kosciusko, MS	39090
Koshkonong, MO	65692
Kosse, TX	76653
Kossuth, PA	16331
Kotlik, AK	99620
Kotzebue, AK	99752
Kountze, TX	77625
Kouts, IN	46347
Koyuk, AK	99753
Koyukuk, AK	99754
Kraemer, LA	70371
Krakow, WI	54137
Kramer, ND	58748
Kranzburg, SD	57245
Kreamer, PA	17833
Krebs, OK	74554
Kremlin, MT	59532
Kremlin, OK	73753
Kremmling, CO	80459
Kresgeville, PA	18333
Kress, TX	79052
Krotz Springs, LA	70750
Krum, TX	76249
Krypton, KY	41754
Kualapuu, HI	96757
Kula, HI	96790
Kulm, ND	58456
Kulpmont, PA	17834
Kulpsville, PA	19443
Kuna, ID	83634
Kunia, HI	96759
Kunkle, OH	43531
Kunkletown, PA	18058
Kure Beach, NC	28449
Kurten, TX	77862
Kurthwood, LA	71443
Kurtistown, HI	96760
Kurtz, IN	47249
Kuttawa, KY	42055
Kutztown, PA	19530
Kwethluk, AK	99621
Kwigillingok, AK	99622
Kyburz, CA	95720
Kykotsmovi Village, AZ	86039
Kyle, SD	57752
Kyle, TX	78640
Kyle, WV	24855
Kylertown, PA	16847
Kyles Ford, TN	37765
La Barge, WY	83123
La Belle, MO	63447
La Belle, PA	15450
La Blanca, TX	78558
La Center, KY	42056
La Center, WA	98629
La Conner, WA	98257
La Coste, TX	78039
La Crescent, MN	55947
La Crosse, FL	32658
La Crosse, IN	46348
La Crosse, KS	67548
La Crosse, VA	23950
La Cygne, KS	66040
La Farge, WI	54639
La Fargeville, NY	13656
La Fayette, GA	30728
La Fayette, IL	61449
La Fayette, KY	42254
La Fayette, NY	13084
La Feria, TX	78559
La Follette, TN	37766
La Fontaine, IN	46940
La France, SC	29656
La Grande, OR	97850
La Grande, WA	98348
La Grange Park, IL	60526
La Grange, AR	72352
La Grange, CA	95329
La Grange, IL	60525
La Grange, MO	63448
La Grange, NC	28551
La Grange, TN	38046
La Grange, TX	78945
La Harpe, IL	61450
La Harpe, KS	66751
La Honda, CA	94020
La Jara, CO	81140
La Jara, NM	87027
La Jose, PA	15753
La Joya, NM	87028
La Joya, TX	78560
La Junta, CO	81050
La Loma, NM	87724
La Luz, NM	88337
La Madera, NM	87539
La Marque, TX	77568
La Mesa, NM	88044
La Moille, IL	61330
La Monte, MO	65337
La Motte, IA	52054
La Palma, CA	90623
La Pine, OR	97739
La Place, IL	61936
La Plata, MD	20646
La Plata, MO	63549
La Plata, NM	87418
La Plume, PA	18440
La Pointe, WI	54850
La Porte City, IA	50651
La Prairie, IL	62346
La Pryor, TX	78872
La Push, WA	98350
La Rose, IL	61541
La Rue, OH	43332
La Russell, MO	64848
La Sal, UT	84530
La Salle, CO	80645
La Salle, IL	61301
La Salle, MI	48145
La Salle, MN	56056
La Salle, TX	77969
La Valle, WI	53941
La Verkin, UT	84745
La Verne, CA	91750
La Vernia, TX	78121
La Veta, CO	81055
La Villa, TX	78562
La Vista, NE	68128
La Ward, TX	77970
Labadie, MO	63055
Labadieville, LA	70372
Labolt, SD	57246
Lac Du Flambeau, WI	54538
Lacarne, OH	43439
Lacassine, LA	70650
Lacey Spring, VA	22833
Laceys Spring, AL	35754
Laceyville, PA	18623
Lachine, MI	49753
Lackawaxen, PA	18435
Lackey, KY	41643
Lackey, VA	23694
Laclede, ID	83841
Laclede, MO	64651
Lacombe, LA	70445
Lacon, IL	61540
Lacona, IA	50139
Lacona, NY	13083
Laconia, IN	47135
Laconia, TN	38045
Lacoochee, FL	33537
Lacota, MI	49063
Lacrosse, WA	99143
Ladd, IL	61329
Laddonia, MO	63352
Ladera Ranch, CA	92694
Ladiesburg, MD	21759
Ladoga, IN	47954
Ladonia, TX	75449
Ladora, IA	52251
Ladson, SC	29456
Ladysmith, VA	22501
Ladysmith, WI	54848
Lafayette Hill, PA	19444
Lafayette, AL	36862
Lafayette, CA	94549
Lafayette, CO	80026
Lafayette, MN	56054
Lafayette, NJ	07848
Lafayette, OH	45854
Lafayette, OR	97127
Lafayette, TN	37083
Lafe, AR	72436
Lafferty, OH	43951
Lafitte, LA	70067
Lafox, IL	60147
Lagrange, IN	46761
Lagrange, ME	04453
Lagrange, OH	44050
Lagrange, WY	82221
Lagrangeville, NY	12540
Lagro, IN	46941
Laguna Park, TX	76644
Laguna Woods, CA	92637
Laguna, NM	87026
Lagunitas, CA	94938
Lahaska, PA	18931
Lahmansville, WV	26731
Lahoma, OK	73754
Laie, HI	96762
Laings, OH	43752
Laingsburg, MI	48848
Laird Hill, TX	75666
Lairdsville, PA	17742
Lake Alfred, FL	33850
Lake Andes, SD	57356
Lake Ann, MI	49650
Lake Ariel, PA	18436
Lake Arrowhead, CA	92352
Lake Arthur, LA	70549
Lake Arthur, NM	88253
Lake Benton, MN	56149
Lake Bluff, IL	60044
Lake Bronson, MN	56734
Lake Butler, FL	32054
Lake Cicott, IN	46942
Lake City, AR	72437
Lake City, CA	96115
Lake City, CO	81235
Lake City, IA	51449
Lake City, KS	67071
Lake City, MI	49651
Lake City, MN	55041
Lake City, PA	16423
Lake City, SC	29560
Lake City, SD	57247
Lake Clear, NY	12945
Lake Como, FL	32157
Lake Como, PA	18437
Lake Cormorant, MS	38641
Lake Creek, TX	75450
Lake Crystal, MN	56055
Lake Dallas, TX	75065
Lake Delton, WI	53940
Lake Elmo, MN	55042
Lake Elmore, VT	05657
Lake Forest, CA	92630
Lake Forest, IL	60045
Lake Fork, ID	83635
Lake Fork, IL	62541
Lake Geneva, FL	32160
Lake Geneva, WI	53147
Lake George, CO	80827
Lake George, MI	48633
Lake George, MN	56458
Lake George, NY	12845
Lake Grove, NY	11755
Lake Hamilton, FL	33851
Lake Harbor, FL	33459
Lake Harmony, PA	18624
Lake Helen, FL	32744
Lake Hiawatha, NJ	07034
Lake Hill, NY	12448
Lake Hopatcong, NJ	07849
Lake Hubert, MN	56459
Lake Hughes, CA	93532
Lake Huntington, NY	12752
Lake In The Hills, IL	60156
Lake Isabella, CA	93240
Lake Jackson, TX	77566
Lake Junaluska, NC	28745
Lake Katrine, NY	12449
Lake Leelanau, MI	49653
Lake Lillian, MN	56253
Lake Linden, MI	49945
Lake Lure, NC	28746
Lake Luzerne, NY	12846
Lake Lynn, PA	15451
Lake Mc Donald, MT	59921
Lake Mills, IA	50450
Lake Mills, WI	53551
Lake Milton, OH	44429
Lake Minchumina, AK	99757
Lake Monroe, FL	32747
Lake Montezuma, AZ	86342
Lake Nebagamon, WI	54849
Lake Norden, SD	57248
Lake Odessa, MI	48849
Lake Ozark, MO	65049
Lake Panasoffkee, FL	33538
Lake Park, GA	31636
Lake Park, IA	51347
Lake Park, MN	56554
Lake Peekskill, NY	10537
Lake Placid, NY	12946
Lake Pleasant, MA	01347
Lake Pleasant, NY	12108
Lake Powell, UT	84533
Lake Preston, SD	57249
Lake Providence, LA	71254
Lake Saint Louis, MO	63367
Lake Spring, MO	65532
Lake Station, IN	46405
Lake Stevens, WA	98258
Lake Tomahawk, WI	54539
Lake Toxaway, NC	28747
Lake View, IA	51450
Lake View, NY	14085
Lake View, SC	29563
Lake Villa, IL	60046
Lake Village, AR	71653
Lake Village, IN	46349
Lake Waccamaw, NC	28450
Lake Wilson, MN	56151
Lake Winola, PA	18625
Lake Worth Beach, FL	33460
Lake, MI	48632
Lake, MS	39092
Lake, WV	25121
Lakebay, WA	98349
Lakefield, MN	56150
Lakehead, CA	96051
Lakehurst, NJ	08733
Lakeland, GA	31635
Lakeland, LA	70752
Lakeland, MI	48143
Lakeland, MN	55043
Lakemont, GA	30552
Lakemont, NY	14857
Lakemore, OH	44250
Lakeport, CA	95453
Lakeshore, CA	93634
Lakeshore, FL	33854
Lakeshore, MS	39558
Lakeside Marblehead, OH	43440
Lakeside, AZ	85929
Lakeside, CA	92040
Lakeside, CT	06758
Lakeside, MI	49116
Lakeside, MT	59922
Lakeside, NE	69351
Lakeside, OR	97449
Laketon, IN	46943
Laketown, UT	84038
Lakeview, AR	72642
Lakeview, MI	48850
Lakeview, NC	28350
Lakeview, OH	43331
Lakeview, OR	97630
Lakeview, TX	79239
Lakeville, CT	06039
Lakeville, IN	46536
Lakeville, MI	48366
Lakeville, MN	55044
Lakeville, NY	14480
Lakeville, OH	44638
Lakeville, PA	18438
Lakewood, IL	62438
Lakewood, NJ	08701
Lakewood, NM	88254
Lakewood, NY	14750
Lakewood, OH	44107
Lakewood, PA	18439
Lakewood, WI	54138
Lakin, KS	67860
Lakota, IA	50451
Lakota, ND	58344
Lamar, AR	72846
Lamar, CO	81052
Lamar, IN	47550
Lamar, MO	64759
Lamar, MS	38642
Lamar, OK	74850
Lamar, PA	16848
Lamar, SC	29069
Lamartine, PA	16375
Lambert Lake, ME	04454
Lambert, MS	38643
Lambert, MT	59243
Lamberton, MN	56152
Lambertville, MI	48144
Lambertville, NJ	08530
Lambrook, AR	72353
Lambsburg, VA	24351
Lame Deer, MT	59043
Lamesa, TX	79331
Lamoille, NV	89828
Lamona, WA	99144
Lamoni, IA	50140
Lamont, CA	93241
Lamont, FL	32336
Lamont, IA	50650
Lamont, KS	66855
Lamont, MI	49430
Lamont, OK	74643
Lamont, WA	99017
Lamoure, ND	58458
Lampasas, TX	76550
Lampe, MO	65681
Lampeter, PA	17537
Lamy, NM	87540
Lanagan, MO	64847
Lanai City, HI	96763
Lanark Village, FL	32323
Lanark, IL	61046
Lanark, WV	25860
Lancaster, IL	62855
Lancaster, KS	66041
Lancaster, MA	01523
Lancaster, MN	56735
Lancaster, MO	63548
Lancaster, NH	03584
Lancaster, NY	14086
Lancaster, OH	43130
Lancaster, TN	38569
Lancaster, VA	22503
Lancaster, WI	53813
Lance Creek, WY	82222
Lancing, TN	37770
Land O Lakes, WI	54540
Landenberg, PA	19350
Lander, WY	82520
Landers, CA	92285
Landing, NJ	07850
Landingville, PA	17942
Landis, NC	28088
Landisburg, PA	17040
Landisville, NJ	08326
Landisville, PA	17538
Lando, SC	29724
Landrum, SC	29356
Lane City, TX	77453
Lane, IL	61750
Lane, KS	66042
Lane, OK	74555
Lane, SC	29564
Lane, SD	57358
Laneburg, AR	71844
Lanesboro, IA	51451
Lanesboro, MN	55949
Lanesboro, PA	18827
Lanesborough, MA	01237
Lanesville, IN	47136
Lanesville, NY	12450
Lanett, AL	36863
Laneview, VA	22504
Laneville, TX	75667
Lanexa, VA	23089
Langdon, ND	58249
Langeloth, PA	15054
Langford, SD	57454
Langhorne, PA	19047
Langley, AR	71952
Langley, KY	41645
Langley, OK	74350
Langley, SC	29834
Langley, WA	98260
Langlois, OR	97450
Langston, AL	35755
Langston, OK	73050
Langsville, OH	45741
Langtry, TX	78871
Langworthy, IA	52252
Lankin, ND	58250
Lannon, WI	53046
Lanoka Harbor, NJ	08734
Lansdale, PA	19446
Lansdowne, PA	19050
Lanse, MI	49946
Lanse, PA	16849
Lansford, ND	58750
Lansford, PA	18232
Lansing, IA	52151
Lansing, IL	60438
Lansing, KS	66043
Lansing, MN	55950
Lansing, NC	28643
Lansing, NY	14882
Lansing, OH	43934
Lansing, WV	25862
Lantry, SD	57636
Laona, WI	54541
Laotto, IN	46763
Lapaz, IN	46537
Lapeer, MI	48446
Lapel, IN	46051
Lapine, AL	36046
Lapoint, UT	84039
Laporte, CO	80535
Laporte, MN	56461
Laporte, PA	18626
Lapwai, ID	83540
Laquey, MO	65534
Larchmont, NY	10538
Larchwood, IA	51241
Laredo, MO	64652
Larimer, PA	15647
Larimore, ND	58251
Larkspur, CO	80118
Larned, KS	67550
Larose, LA	70373
Larrabee, IA	51029
Larsen Bay, AK	99624
Larsen, WI	54947
Larslan, MT	59244
Larue, TX	75770
Larwill, IN	46764
Las Animas, CO	81054
Las Vegas, NM	87701
Lasara, TX	78561
Lascassas, TN	37085
Lashmeet, WV	24733
Lastrup, MN	56344
Latah, WA	99018
Latexo, TX	75849
Latham, IL	62543
Latham, KS	67072
Latham, MO	65050
Latham, NY	12110
Latham, OH	45646
Lathrop, CA	95330
Lathrop, MO	64465
Latimer, IA	50452
Laton, CA	93242
Latonia, KY	41015
Latrobe, PA	15650
Latta, SC	29565
Lattimer Mines, PA	18234
Lattimore, NC	28089
Latty, OH	45855
Lauderdale, MS	39335
Laughlin AFB, TX	78843
Laughlintown, PA	15655
Laupahoehoe, HI	96764
Laura, IL	61451
Laura, OH	45337
Laurel Bloomery, TN	37680
Laurel Fork, VA	24352
Laurel Hill, FL	32567
Laurel Hill, NC	28351
Laurel Springs, NC	28644
Laurel, DE	19956
Laurel, FL	34272
Laurel, IA	50141
Laurel, IN	47024
Laurel, MT	59044
Laurel, NE	68745
Laurel, NY	11948
Laurelton, PA	17835
Laurelville, OH	43135
Laurens, IA	50554
Laurens, NY	13796
Laurens, SC	29360
Laurie, MO	65038
Laurier, WA	99146
Laurys Station, PA	18059
Lava Hot Springs, ID	83246
Lavaca, AR	72941
Lavalette, WV	25535
Lavallette, NJ	08735
Laveen, AZ	85339
Lavelle, PA	17943
Laverne, OK	73848
Lavina, MT	59046
Lavinia, TN	38348
Lavon, TX	75166
Lavonia, GA	30553
Lawai, HI	96765
Lawler, IA	52154
Lawley, AL	36793
Lawn, PA	17041
Lawn, TX	79530
Lawndale, IL	61751
Lawndale, NC	28090
Lawnside, NJ	08045
Lawrence Township, NJ	08648
Lawrence, MI	49064
Lawrence, MS	39336
Lawrence, NE	68957
Lawrence, NY	11559
Lawrence, PA	15055
Lawrenceburg, IN	47025
Lawrenceburg, KY	40342
Lawrenceburg, TN	38464
Lawrenceville, IL	62439
Lawrenceville, NY	12949
Lawrenceville, PA	16929
Lawrenceville, VA	23868
Lawson, AR	71750
Lawson, MO	64062
Lawsonville, NC	27022
Lawtell, LA	70550
Lawtey, FL	32058
Lawton, IA	51030
Lawton, MI	49065
Lawton, ND	58345
Lawton, PA	18828
Lawtons, NY	14091
Layland, WV	25864
Layton, NJ	07851
Laytonville, CA	95454
Lazbuddie, TX	79053
Lazear, CO	81420
Le Center, MN	56057
Le Claire, IA	52753
Le Grand, CA	95333
Le Grand, IA	50142
Le Mars, IA	51031
Le Raysville, PA	18829
Le Roy, IL	61752
Le Roy, KS	66857
Le Roy, MN	55951
Le Roy, NY	14482
Le Roy, WV	25252
Le Sueur, MN	56058
Leachville, AR	72438
Lead Hill, AR	72644
Lead Hill, MO	72643
Lead, SD	57754
Leadore, ID	83464
Leadville, CO	80461
Leadwood, MO	63653
Leaf River, IL	61047
Leakesville, MS	39451
Leakey, TX	78873
Leamington, UT	84638
Leary, GA	39862
Leasburg, MO	65535
Leasburg, NC	27291
Leavenworth, IN	47137
Leavenworth, KS	66048
Leavenworth, WA	98826
Leavittsburg, OH	44430
Lebam, WA	98554
Lebanon Junction, KY	40150
Lebanon, CT	06249
Lebanon, GA	30146
Lebanon, IL	62254
Lebanon, IN	46052
Lebanon, KS	66952
Lebanon, KY	40033
Lebanon, ME	04027
Lebanon, MO	65536
Lebanon, NE	69036
Lebanon, NJ	08833
Lebanon, OH	45036
Lebanon, OK	73440
Lebanon, OR	97355
Lebanon, SD	57455
Lebanon, VA	24266
Lebanon, WI	53047
Lebeau, LA	71345
Lebec, CA	93243
Leblanc, LA	70651
Lebo, KS	66856
Leburn, KY	41831
Leck Kill, PA	17836
Leckrone, PA	15454
Lecompte, LA	71346
Lecompton, KS	66050
Lecontes Mills, PA	16850
Ledbetter, KY	42058
Ledbetter, TX	78946
Lederach, PA	19450
Ledger, MT	59456
Ledgewood, NJ	07852
Ledyard, CT	06339
Ledyard, IA	50556
Lee Center, IL	61331
Lee Center, NY	13363
Lee Vining, CA	93541
Lee, FL	32059
Lee, IL	60530
Lee, MA	01238
Lee, ME	04455
Lee, NH	03861
Leechburg, PA	15656
Leedey, OK	73654
Leeds Point, NJ	08220
Leeds, AL	35094
Leeds, MA	01053
Leeds, ME	04263
Leeds, ND	58346
Leeds, NY	12451
Leeds, UT	84746
Leeper, PA	16233
Lees Creek, OH	45138
Leesburg, AL	35983
Leesburg, GA	31763
Leesburg, IN	46538
Leesburg, NJ	08327
Leesburg, OH	45135
Leesburg, TX	75451
Leesport, PA	19533
Leesville, OH	44639
Leesville, SC	29070
Leesville, TX	78122
Leeton, MO	64761
Leetonia, OH	44431
Leetsdale, PA	15056
Leflore, OK	74942
Lefor, ND	58641
Lefors, TX	79054
Left Hand, WV	25251
Leggett, CA	95585
Leggett, TX	77350
Lehigh, IA	50557
Lehigh, KS	67073
Lehigh, OK	74556
Lehighton, PA	18235
Lehman, PA	18627
Lehr, ND	58460
Leicester, MA	01524
Leicester, NC	28748
Leicester, NY	14481
Leigh, NE	68643
Leighton, AL	35646
Leighton, IA	50143
Leipsic, OH	45856
Leisenring, PA	15455
Leiter, WY	82837
Leiters Ford, IN	46945
Leivasy, WV	26676
Lejunior, KY	40849
Leland, IA	50453
Leland, IL	60531
Leland, MI	49654
Leland, MS	38756
Leland, NC	28451
Lelia Lake, TX	79240
Lemasters, PA	17231
Lemhi, ID	83465
Leming, TX	78050
Lemitar, NM	87823
Lemmon, SD	57638
Lemon Cove, CA	93244
Lemon Springs, NC	28355
Lemont Furnace, PA	15456
Lemont, IL	60439
Lemont, PA	16851
Lemoyne, NE	69146
Lemoyne, OH	43441
Lemoyne, PA	17043
Lempster, NH	03605
Lena, IL	61048
Lena, LA	71447
Lena, MS	39094
Lena, WI	54139
Lenapah, OK	74042
Lengby, MN	56651
Lenhartsville, PA	19534
Lenni, PA	19052
Lennon, MI	48449
Lennox, SD	57039
Lenora, KS	67645
Lenorah, TX	79749
Lenore, ID	83541
Lenore, WV	25676
Lenox Dale, MA	01242
Lenox, AL	36454
Lenox, GA	31637
Lenox, IA	50851
Lenox, MA	01240
Lenox, MO	65541
Lenox, TN	38047
Lenoxville, PA	18441
Lentner, MO	63450
Lenzburg, IL	62255
Leo, IN	46765
Leola, AR	72084
Leola, PA	17540
Leola, SD	57456
Leoma, TN	38468
Leominster, MA	01453
Leon, IA	50144
Leon, KS	67074
Leon, NY	14751
Leon, OK	73441
Leon, VA	22725
Leon, WV	25123
Leona, TX	75850
Leonard, MI	48367
Leonard, MN	56652
Leonard, MO	63451
Leonard, ND	58052
Leonard, OK	74043
Leonard, TX	75452
Leonardo, NJ	07737
Leonardsville, NY	13364
Leonardtown, MD	20650
Leonardville, KS	66449
Leonia, NJ	07605
Leonidas, MI	49066
Leonore, IL	61332
Leonville, LA	70551
Leopold, IN	47551
Leopold, MO	63760
Leopolis, WI	54948
Leota, MN	56153
Leoti, KS	67861
Lepanto, AR	72354
Lequire, OK	74943
Lerna, IL	62440
Lerona, WV	25971
Leroy, AL	36548
Leroy, IN	46355
Leroy, MI	49655
Leroy, TX	76654
Lesage, WV	25537
Leslie, AR	72645
Leslie, GA	31764
Leslie, MI	49251
Leslie, MO	63056
Leslie, WV	25972
Lester Prairie, MN	55354
Lester, AL	35647
Lester, IA	51242
Lester, WV	25865
Lesterville, MO	63654
Lesterville, SD	57040
Letart, WV	25253
Letcher, KY	41832
Letcher, SD	57359
Letha, ID	83636
Letohatchee, AL	36047
Letona, AR	72085
Letts, IA	52754
Lettsworth, LA	70753
Leupp, AZ	86035
Levan, UT	84639
Levant, KS	67743
Levant, ME	04456
Levasy, MO	64066
Levelock, AK	99625
Levels, WV	25431
Leverett, MA	01054
Levering, MI	49755
Levittown, NY	11756
Lewellen, NE	69147
Lewes, DE	19958
Lewis Center, OH	43035
Lewis Run, PA	16738
Lewis, CO	81327
Lewis, IA	51544
Lewis, IN	47858
Lewis, KS	67552
Lewis, NY	12950
Lewisberry, PA	17339
Lewisburg, KY	42256
Lewisburg, OH	45338
Lewisburg, PA	17837
Lewisburg, TN	37091
Lewisburg, WV	24901
Lewisport, KY	42351
Lewiston Woodville, NC	27849
Lewiston, CA	96052
Lewiston, ID	83501
Lewiston, MI	49756
Lewiston, MN	55952
Lewiston, NE	68380
Lewiston, NY	14092
Lewiston, UT	84320
Lewistown, IL	61542
Lewistown, MO	63452
Lewistown, MT	59457
Lewistown, OH	43333
Lewistown, PA	17044
Lewisville, AR	71845
Lewisville, ID	83431
Lewisville, IN	47352
Lewisville, MN	56060
Lewisville, NC	27023
Lewisville, OH	43754
Lewisville, PA	19351
Lexa, AR	72355
Lexington Park, MD	20653
Lexington, AL	35648
Lexington, GA	30648
Lexington, IL	61753
Lexington, IN	47138
Lexington, MI	48450
Lexington, MO	64067
Lexington, MS	39095
Lexington, NE	68850
Lexington, NY	12452
Lexington, OK	73051
Lexington, OR	97839
Lexington, TN	38351
Lexington, TX	78947
Lexington, VA	24450
Libby, MT	59923
Liberal, MO	64762
Liberty Center, IA	50145
Liberty Center, IN	46766
Liberty Center, OH	43532
Liberty Corner, NJ	07938
Liberty Hill, SC	29074
Liberty Hill, TX	78642
Liberty Lake, WA	99019
Liberty Mills, IN	46946
Liberty, IL	62347
Liberty, IN	47353
Liberty, KS	67351
Liberty, KY	42539
Liberty, ME	04949
Liberty, MS	39645
Liberty, NC	27298
Liberty, NE	68381
Liberty, NY	12754
Liberty, PA	16930
Liberty, SC	29657
Liberty, TN	37095
Liberty, TX	77575
Liberty, WV	25124
Libertytown, MD	21762
Libertyville, IA	52567
Libuse, LA	71348
Lick Creek, KY	41540
Licking, MO	65542
Lickingville, PA	16332
Lidderdale, IA	51452
Lidgerwood, ND	58053
Liebenthal, KS	67553
Light, AR	72439
Lightfoot, VA	23090
Lightstreet, PA	17839
Lignite, ND	58752
Lignum, VA	22726
Ligonier, IN	46767
Ligonier, PA	15658
Liguori, MO	63057
Lihue, HI	96766
Likely, CA	96116
Lilbourn, MO	63862
Lilesville, NC	28091
Lillian, AL	36549
Lillian, TX	76061
Lillie, LA	71256
Lillington, NC	27546
Lilliwaup, WA	98555
Lilly, GA	31051
Lilly, PA	15938
Lily Dale, NY	14752
Lily, KY	40740
Lima, IL	62348
Lima, MT	59739
Lima, NY	14485
Limaville, OH	44640
Lime Ridge, WI	53942
Lime Springs, IA	52155
Limekiln, PA	19535
Limeport, PA	18060
Limerick, ME	04048
Limerick, NY	13657
Limestone, NY	14753
Limestone, PA	16234
Limestone, TN	37681
Limington, ME	04049
Linch, WY	82640
Lincoln Acres, CA	91947
Lincoln City, IN	47552
Lincoln City, OR	97367
Lincoln Park, MI	48146
Lincoln Park, NJ	07035
Lincoln University, PA	19352
Lincoln, AL	35096
Lincoln, AR	72744
Lincoln, CA	95648
Lincoln, DE	19960
Lincoln, IA	50652
Lincoln, IL	62656
Lincoln, KS	67455
Lincoln, MA	01773
Lincoln, ME	04457
Lincoln, MI	48742
Lincoln, MO	65338
Lincoln, MT	59639
Lincoln, NH	03251
Lincoln, NM	88338
Lincoln, RI	02865
Lincoln, TX	78948
Lincoln, VA	20160
Lincoln, WA	99147
Lincolndale, NY	10540
Lincolns New Salem, IL	62659
Lincolnshire, IL	60069
Lincolnton, GA	30817
Lincolnville Center, ME	04850
Lincolnville, KS	66858
Lincolnville, ME	04849
Lincolnwood, IL	60712
Lincroft, NJ	07738
Lind, WA	99341
Lindale, GA	30147
Lindale, TX	75771
Linden, AL	36748
Linden, CA	95236
Linden, IA	50146
Linden, IN	47955
Linden, MI	48451
Linden, NC	28356
Linden, NJ	07036
Linden, PA	17744
Linden, TN	37096
Linden, TX	75563
Linden, VA	22642
Linden, WI	53553
Lindenhurst, NY	11757
Lindenwood, IL	61049
Lindley, NY	14858
Lindon, CO	80740
Lindon, UT	84042
Lindrith, NM	87029
Lindsay, CA	93247
Lindsay, MT	59339
Lindsay, NE	68644
Lindsay, OK	73052
Lindsay, TX	76250
Lindsborg, KS	67456
Lindsey, OH	43442
Lindside, WV	24951
Lindstrom, MN	55045
Line Lexington, PA	18932
Lineboro, MD	21088
Linefork, KY	41833
Linesville, PA	16424
Lineville, AL	36266
Lineville, IA	50147
Lingle, WY	82223
Lingleville, TX	76461
Lingo, NM	88123
Linkwood, MD	21835
Linn Creek, MO	65052
Linn Grove, IA	51033
Linn Grove, IN	46769
Linn, KS	66953
Linn, MO	65051
Linn, TX	78563
Linn, WV	26384
Linneus, MO	64653
Linthicum Heights, MD	21090
Linton, IN	47441
Linton, ND	58552
Linville Falls, NC	28647
Linville, NC	28646
Linville, VA	22834
Linwood, KS	66052
Linwood, MA	01525
Linwood, MI	48634
Linwood, NC	27299
Linwood, NE	68036
Linwood, NJ	08221
Linwood, NY	14486
Lionville, PA	19353
Lipan, TX	76462
Lipscomb, TX	79056
Lisbon Falls, ME	04252
Lisbon, IA	52253
Lisbon, LA	71048
Lisbon, MD	21765
Lisbon, ME	04250
Lisbon, ND	58054
Lisbon, NH	03585
Lisbon, NY	13658
Lisbon, OH	44432
Lisco, NE	69148
Liscomb, IA	50148
Lisle, IL	60532
Lisle, NY	13797
Lisman, AL	36912
Lismore, MN	56155
Lissie, TX	77454
Listie, PA	15549
Litchfield Park, AZ	85340
Litchfield, CA	96117
Litchfield, CT	06759
Litchfield, IL	62056
Litchfield, ME	04350
Litchfield, MI	49252
Litchfield, MN	55355
Litchfield, NE	68852
Litchfield, NH	03052
Litchfield, OH	44253
Litchville, ND	58461
Literberry, IL	62660
Lithia Springs, GA	30122
Lithia, FL	33547
Lithopolis, OH	43136
Lititz, PA	17543
Littcarr, KY	41834
Little America, WY	82929
Little Birch, WV	26629
Little Cedar, IA	50454
Little Chute, WI	54140
Little Compton, RI	02837
Little Creek, DE	19961
Little Deer Isle, ME	04650
Little Eagle, SD	57639
Little Elm, TX	75068
Little Falls, MN	56345
Little Falls, NJ	07424
Little Falls, NY	13365
Little Ferry, NJ	07643
Little Genesee, NY	14754
Little Hocking, OH	45742
Little Lake, CA	93542
Little Lake, MI	49833
Little Meadows, PA	18830
Little Mountain, SC	29075
Little Orleans, MD	21766
Little Plymouth, VA	23091
Little River Academy, TX	76554
Little River, AL	36550
Little River, CA	95456
Little River, KS	67457
Little River, SC	29566
Little Rock Air Force Base, AR	72099
Little Rock, IA	51243
Little Rock, MS	39337
Little Rock, SC	29567
Little Silver, NJ	07739
Little Sioux, IA	51545
Little Suamico, WI	54141
Little Switzerland, NC	28749
Little Valley, NY	14755
Little York, IL	61453
Little York, IN	47139
Little York, NJ	08834
Little York, NY	13087
Littlefield, AZ	86432
Littlefield, TX	79339
Littlefork, MN	56653
Littlerock, CA	93543
Littlerock, WA	98556
Littlestown, PA	17340
Littleton, IL	61452
Littleton, MA	01460
Littleton, NC	27850
Littleton, NH	03561
Littleton, WV	26581
Live Oak, CA	95953
Lively, VA	22507
Livermore Falls, ME	04254
Livermore, CO	80536
Livermore, IA	50558
Livermore, KY	42352
Livermore, ME	04253
Liverpool, IL	61543
Liverpool, PA	17045
Liverpool, TX	77577
Livingston Manor, NY	12758
Livingston, AL	35470
Livingston, CA	95334
Livingston, IL	62058
Livingston, KY	40445
Livingston, LA	70754
Livingston, MT	59047
Livingston, NJ	07039
Livingston, NY	12541
Livingston, TN	38570
Livingston, WI	53554
Livonia Center, NY	14488
Livonia, LA	70755
Livonia, MO	63551
Livonia, NY	14487
Lizella, GA	31052
Lizemores, WV	25125
Lizton, IN	46149
Llano, CA	93544
Llano, NM	87543
Llano, TX	78643
Llewellyn, PA	17944
Lloyd, FL	32337
Lloyd, MT	59535
Loa, UT	84747
Loachapoka, AL	36865
Loami, IL	62661
Lobeco, SC	29931
Lobelville, TN	37097
Loch Sheldrake, NY	12759
Lochgelly, WV	25866
Lochloosa, FL	32662
Lochmere, NH	03252
Lock Haven, PA	17745
Lock Springs, MO	64654
Locke, NY	13092
Lockeford, CA	95237
Lockesburg, AR	71846
Lockhart, AL	36455
Lockhart, SC	29364
Lockhart, TX	78644
Lockney, TX	79241
Lockport, IL	60441
Lockport, KY	40036
Lockport, LA	70374
Lockridge, IA	52635
Lockwood, CA	93932
Lockwood, MO	65682
Lockwood, NY	14859
Loco Hills, NM	88255
Loco, OK	73442
Locust Dale, VA	22948
Locust Fork, AL	35097
Locust Gap, PA	17840
Locust Grove, AR	72550
Locust Grove, GA	30248
Locust Grove, OK	74352
Locust Grove, VA	22508
Locust Hill, VA	23092
Locust Valley, NY	11560
Locust, NC	28097
Locustdale, PA	17945
Locustville, VA	23404
Loda, IL	60948
Lodge Grass, MT	59050
Lodge, SC	29082
Lodgepole, NE	69149
Lodgepole, SD	57640
Lodi, MO	63950
Lodi, NJ	07644
Lodi, NY	14860
Lodi, OH	44254
Lodi, TX	75564
Lodi, WI	53555
Log Lane Village, CO	80705
Logan, AL	35098
Logan, IA	51546
Logan, IL	62856
Logan, KS	67646
Logan, NM	88426
Logan, OH	43138
Logan, WV	25601
Logandale, NV	89021
Logansport, IN	46947
Logansport, LA	71049
Loganton, PA	17747
Loganville, GA	30052
Loganville, PA	17342
Loganville, WI	53943
Logsden, OR	97357
Lohman, MO	65053
Lohn, TX	76852
Lohrville, IA	51453
Loleta, CA	95551
Lolita, TX	77971
Lolo, MT	59847
Loma Mar, CA	94021
Loma, CO	81524
Loma, MT	59460
Loman, MN	56654
Lomax, IL	61454
Lombard, IL	60148
Lometa, TX	76853
Lomira, WI	53048
Lomita, CA	90717
Lonaconing, MD	21539
London Mills, IL	61544
London, AR	72847
London, OH	43140
London, TX	76854
London, WV	25126
Londonderry, NH	03053
Londonderry, OH	45647
Londonderry, VT	05148
Lone Grove, OK	73443
Lone Jack, MO	64070
Lone Mountain, TN	37773
Lone Oak, TX	75453
Lone Pine, CA	93545
Lone Rock, IA	50559
Lone Rock, WI	53556
Lone Star, TX	75668
Lone Tree, CO	80124
Lone Tree, IA	52755
Lone Wolf, OK	73655
Lone, KY	41347
Lonedell, MO	63060
Lonepine, MT	59848
Lonetree, WY	82936
Long Barn, CA	95335
Long Beach, MS	39560
Long Beach, NY	11561
Long Beach, WA	98631
Long Bottom, OH	45743
Long Branch, NJ	07740
Long Branch, TX	75669
Long Creek, OR	97856
Long Creek, SC	29658
Long Eddy, NY	12760
Long Green, MD	21092
Long Grove, IA	52756
Long Island, KS	67647
Long Island, ME	04050
Long Island, VA	24569
Long Key, FL	33001
Long Lake, MI	48743
Long Lake, MN	55356
Long Lake, NY	12847
Long Lake, SD	57457
Long Lake, WI	54542
Long Lane, MO	65590
Long Pine, NE	69217
Long Point, IL	61333
Long Pond, PA	18334
Long Prairie, MN	56347
Long Valley, NJ	07853
Long Valley, SD	57547
Longboat Key, FL	34228
Longbranch, WA	98351
Longdale, OK	73755
Longford, KS	67458
Longleaf, LA	71448
Longmire, WA	98397
Longport, NJ	08403
Longs, SC	29568
Longstreet, LA	71050
Longton, KS	67352
Longview, IL	61852
Longview, WA	98632
Longville, LA	70652
Longville, MN	56655
Longwood, NC	28452
Lonoke, AR	72086
Lonsdale, AR	72087
Lonsdale, MN	55046
Loogootee, IL	62857
Loogootee, IN	47553
Lookeba, OK	73053
Lookout Mountain, GA	30750
Lookout Mountain, TN	37350
Lookout, CA	96054
Lookout, KY	41542
Lookout, WV	25868
Loomis, CA	95650
Loomis, NE	68958
Loomis, WA	98827
Loon Lake, WA	99148
Looneyville, WV	25259
Loop, TX	79342
Loose Creek, MO	65054
Lopeno, TX	78564
Lopez Island, WA	98261
Lopez, PA	18628
Lorado, WV	25630
Loraine, IL	62349
Loraine, TX	79532
Lorane, OR	97451
Loranger, LA	70446
Lordsburg, NM	88045
Lore City, OH	43755
Loreauville, LA	70552
Lorena, TX	76655
Lorentz, WV	26229
Lorenzo, TX	79343
Loretto, KY	40037
Loretto, MI	49852
Loretto, PA	15940
Loretto, TN	38469
Loretto, VA	22509
Lorida, FL	33857
Lorimor, IA	50149
Loring, MT	59537
Loris, SC	29569
Lorman, MS	39096
Lorraine, KS	67459
Lorraine, NY	13659
Lorton, NE	68382
Los Alamos, CA	93440
Los Banos, CA	93635
Los Ebanos, TX	78565
Los Fresnos, TX	78566
Los Indios, TX	78567
Los Lunas, NM	87031
Los Molinos, CA	96055
Los Ojos, NM	87551
Los Olivos, CA	93441
Losantville, IN	47354
Lost City, WV	26810
Lost Creek, KY	41348
Lost Creek, PA	17946
Lost Creek, WV	26385
Lost Hills, CA	93249
Lost Nation, IA	52254
Lost Springs, KS	66859
Lost Springs, WY	82224
Lostant, IL	61334
Lostine, OR	97857
Lothair, MT	59461
Lothian, MD	20711
Lott, TX	76656
Lottie, LA	70756
Lottsburg, VA	22511
Lotus, CA	95651
Louann, AR	71751
Loudon, NH	03307
Loudon, TN	37774
Loudonville, OH	44842
Loughman, FL	33858
Louin, MS	39338
Louisa, KY	41230
Louisa, VA	23093
Louisburg, KS	66053
Louisburg, MO	65685
Louisburg, NC	27549
Louise, MS	39097
Louise, TX	77455
Louisiana, MO	63353
Louisville, AL	36048
Louisville, GA	30434
Louisville, IL	62858
Louisville, MS	39339
Louisville, NE	68037
Louisville, OH	44641
Louisville, TN	37777
Loup City, NE	68853
Louvale, GA	31814
Louviers, CO	80131
Lovejoy, GA	30250
Lovejoy, IL	62059
Lovelaceville, KY	42060
Lovelady, TX	75851
Loveland, OH	45140
Loveland, OK	73553
Lovell, ME	04051
Lovell, WY	82431
Lovelock, NV	89419
Lovely, KY	41231
Lovettsville, VA	20180
Loveville, MD	20656
Lovilia, IA	50150
Loving, NM	88256
Loving, TX	76460
Lovingston, VA	22949
Lovington, IL	61937
Lovington, NM	88260
Low Moor, IA	52757
Low Moor, VA	24457
Lowake, TX	76855
Lowber, PA	15660
Lowden, IA	52255
Lowder, IL	62662
Lowell, AR	72745
Lowell, FL	32663
Lowell, IN	46356
Lowell, MI	49331
Lowell, NC	28098
Lowell, OH	45744
Lowell, OR	97452
Lowell, VT	05847
Lowell, WI	53557
Lowellville, OH	44436
Lower Brule, SD	57548
Lower Kalskag, AK	99626
Lower Lake, CA	95457
Lower Peach Tree, AL	36751
Lower Salem, OH	45745
Lower Waterford, VT	05848
Lowes, KY	42061
Lowgap, NC	27024
Lowland, NC	28552
Lowland, TN	37778
Lowman, ID	83637
Lowman, NY	14861
Lowmansville, KY	41232
Lowndes, MO	63951
Lowndesboro, AL	36752
Lowndesville, SC	29659
Lowpoint, IL	61545
Lowry City, MO	64763
Lowry, MN	56349
Lowry, VA	24570
Lowville, NY	13367
Loxahatchee, FL	33470
Loxley, AL	36551
Loyal, OK	73756
Loyal, WI	54446
Loyalhanna, PA	15661
Loyall, KY	40854
Loyalton, CA	96118
Loysburg, PA	16659
Loysville, PA	17047
Lozano, TX	78568
Lu Verne, IA	50560
Luana, IA	52156
Lubec, ME	04652
Lublin, WI	54447
Lucama, NC	27851
Lucan, MN	56255
Lucas, IA	50151
Lucas, KS	67648
Lucas, KY	42156
Lucas, OH	44843
Lucedale, MS	39452
Lucerne Valley, CA	92356
Lucerne, CA	95458
Lucerne, CO	80646
Lucerne, IN	46950
Lucerne, MO	64655
Lucernemines, PA	15754
Lucien, OK	73757
Lucile, ID	83542
Lucinda, PA	16235
Luck, WI	54853
Luckey, OH	43443
Ludell, KS	67744
Ludington, MI	49431
Ludlow Falls, OH	45339
Ludlow, CA	92338
Ludlow, IL	60949
Ludlow, MA	01056
Ludlow, MO	64656
Ludlow, MS	39098
Ludlow, PA	16333
Ludlow, SD	57755
Ludlow, VT	05149
Ludowici, GA	31316
Luebbering, MO	63061
Lueders, TX	79533
Lugoff, SC	29078
Lukachukai, AZ	86507
Luke Air Force Base, AZ	85309
Luke, MD	21540
Lukeville, AZ	85341
Lula, GA	30554
Lula, MS	38644
Luling, LA	70070
Luling, TX	78648
Lulu, FL	32061
Lumber Bridge, NC	28357
Lumber City, GA	31549
Lumberport, WV	26386
Lumberton, MS	39455
Lumberton, NJ	08048
Lumberton, TX	77657
Lumberville, PA	18933
Lummi Island, WA	98262
Lumpkin, GA	31815
Luna Pier, MI	48157
Luna, NM	87824
Lund, NV	89317
Lunenburg, MA	01462
Lunenburg, VA	23952
Lunenburg, VT	05906
Luning, NV	89420
Lupton City, TN	37351
Lupton, AZ	86508
Lupton, MI	48635
Luray, KS	67649
Luray, MO	63453
Luray, SC	29932
Luray, TN	38352
Luray, VA	22835
Lurgan, PA	17232
Lusby, MD	20657
Lusk, WY	82225
Lutcher, LA	70071
Luther, IA	50152
Luther, MI	49656
Luther, OK	73054
Luthersburg, PA	15848
Luthersville, GA	30251
Lutsen, MN	55612
Luttrell, TN	37779
Lutts, TN	38471
Luverne, AL	36049
Luverne, MN	56156
Luverne, ND	58056
Luxemburg, IA	52056
Luxemburg, WI	54217
Luxor, PA	15662
Luxora, AR	72358
Luzerne, IA	52257
Luzerne, MI	48636
Luzerne, PA	18709
Lyburn, WV	25632
Lycoming, NY	13093
Lydia, LA	70569
Lydia, SC	29079
Lyerly, GA	30730
Lyford, TX	78569
Lykens, PA	17048
Lyle, MN	55953
Lyle, WA	98635
Lyles, TN	37098
Lyman, NE	69352
Lyman, SC	29365
Lyman, UT	84749
Lyman, WA	98263
Lyman, WY	82937
Lyme Center, NH	03769
Lyme, NH	03768
Lynbrook, NY	11563
Lynch Station, VA	24571
Lynch, KY	40855
Lynch, NE	68746
Lynchburg, MO	65543
Lynchburg, OH	45142
Lynchburg, SC	29080
Lynchburg, TN	37352
Lynco, WV	24857
Lynd, MN	56157
Lyndeborough, NH	03082
Lyndell, PA	19354
Lynden, WA	98264
Lyndhurst, NJ	07071
Lyndhurst, VA	22952
Lyndon Center, VT	05850
Lyndon Station, WI	53944
Lyndon, IL	61261
Lyndon, KS	66451
Lyndon, VT	05849
Lyndonville, NY	14098
Lyndonville, VT	05851
Lyndora, PA	16045
Lynn Center, IL	61262
Lynn Haven, FL	32444
Lynn, AL	35575
Lynn, AR	72440
Lynn, IN	47355
Lynn, NC	28750
Lynndyl, UT	84640
Lynnfield, MA	01940
Lynnville, IA	50153
Lynnville, IN	47619
Lynnville, KY	42063
Lynnville, TN	38472
Lynwood, CA	90262
Lynx, OH	45650
Lynxville, WI	54640
Lyon Station, PA	19536
Lyon, MS	38645
Lyons Falls, NY	13368
Lyons, CO	80540
Lyons, GA	30436
Lyons, IL	60534
Lyons, IN	47443
Lyons, KS	67554
Lyons, MI	48851
Lyons, NE	68038
Lyons, NJ	07939
Lyons, NY	14489
Lyons, OH	43533
Lyons, OR	97358
Lyons, SD	57041
Lyons, TX	77863
Lyons, WI	53148
Lysite, WY	82642
Lytle Creek, CA	92358
Lytle, TX	78052
Lytton, IA	50561
Mabel, MN	55954
Mabelvale, AR	72103
Maben, MS	39750
Maben, WV	25870
Mabie, WV	26278
Mableton, GA	30126
Mabscott, WV	25871
Mabton, WA	98935
Mac Arthur, WV	25873
Macatawa, MI	49434
Macclenny, FL	32063
Macclesfield, NC	27852
Macdoel, CA	96058
Macdona, TX	78054
Macedon, NY	14502
Macedonia, IA	51549
Macedonia, IL	62860
Macedonia, OH	44056
Maceo, KY	42355
Macfarlan, WV	26148
Machesney Park, IL	61115
Machias, ME	04654
Machias, NY	14101
Machiasport, ME	04655
Machipongo, VA	23405
Mack, CO	81525
Mackay, ID	83251
Mackey, IN	47654
Mackeyville, PA	17750
Mackinac Island, MI	49757
Mackinaw City, MI	49701
Mackinaw, IL	61755
Macks Creek, MO	65786
Macks Inn, ID	83433
Macksburg, IA	50155
Macksburg, OH	45746
Macksville, KS	67557
Mackville, KY	40040
Macomb, IL	61455
Macomb, MO	65702
Macomb, OK	74852
Macon, IL	62544
Macon, MO	63552
Macon, MS	39341
Macon, NC	27551
Macon, TN	38048
Macon, VA	23101
Macungie, PA	18062
Macy, IN	46951
Macy, NE	68039
Mad River, CA	95552
Madawaska, ME	04756
Madbury, NH	03823
Madden, MS	39109
Maddock, ND	58348
Madelia, MN	56062
Madeline, CA	96119
Madera, PA	16661
Madill, OK	73446
Madison Heights, MI	48071
Madison Heights, VA	24572
Madison Lake, MN	56063
Madison, AR	72359
Madison, CA	95653
Madison, CT	06443
Madison, GA	30650
Madison, IL	62060
Madison, IN	47250
Madison, KS	66860
Madison, MD	21648
Madison, ME	04950
Madison, MN	56256
Madison, MO	65263
Madison, NC	27025
Madison, NE	68748
Madison, NH	03849
Madison, NJ	07940
Madison, NY	13402
Madison, OH	44057
Madison, PA	15663
Madison, SD	57042
Madison, VA	22727
Madison, WV	25130
Madisonburg, PA	16852
Madisonville, KY	42431
Madisonville, LA	70447
Madisonville, TN	37354
Madisonville, TX	77864
Madras, OR	97741
Madrid, IA	50156
Madrid, NE	69150
Madrid, NY	13660
Maeystown, IL	62256
Magalia, CA	95954
Magazine, AR	72943
Magdalena, NM	87825
Magee, MS	39111
Maggie Valley, NC	28751
Magna, UT	84044
Magness, AR	72553
Magnet, NE	68749
Magnetic Springs, OH	43036
Magnolia Springs, AL	36555
Magnolia, AL	36754
Magnolia, DE	19962
Magnolia, IA	51550
Magnolia, IL	61336
Magnolia, KY	42757
Magnolia, MN	56158
Magnolia, MS	39652
Magnolia, NC	28453
Magnolia, NJ	08049
Magnolia, OH	44643
Mahaffey, PA	15757
Mahanoy City, PA	17948
Mahanoy Plane, PA	17949
Mahaska, KS	66955
Mahnomen, MN	56557
Mahomet, IL	61853
Mahopac Falls, NY	10542
Mahopac, NY	10541
Maida, ND	58255
Maiden Rock, WI	54750
Maiden, NC	28650
Maidens, VA	23102
Maidsville, WV	26541
Maine, NY	13802
Mainesburg, PA	16932
Maineville, OH	45039
Mainland, PA	19451
Maitland, MO	64466
Maize, KS	67101
Majestic, KY	41547
Makanda, IL	62958
Makawao, HI	96768
Makaweli, HI	96769
Makinen, MN	55763
Makoti, ND	58756
Malabar, FL	32950
Malad City, ID	83252
Malaga, NJ	08328
Malaga, NM	88263
Malaga, OH	43757
Malaga, WA	98828
Malakoff, TX	75148
Malcolm, AL	36556
Malcolm, NE	68402
Malcom, IA	50157
Malden Bridge, NY	12115
Malden On Hudson, NY	12453
Malden, IL	61337
Malden, MA	02148
Malden, MO	63863
Malden, WA	99149
Malin, OR	97632
Malinta, OH	43535
Maljamar, NM	88264
Mallard, IA	50562
Mallie, KY	41836
Mallory, NY	13103
Mallory, WV	25634
Malmo, NE	68040
Malmstrom AFB, MT	59402
Malo, WA	99150
Malone, FL	32445
Malone, KY	41451
Malone, NY	12953
Malone, TX	76660
Malone, WA	98559
Malone, WI	53049
Malott, WA	98829
Malta Bend, MO	65339
Malta, ID	83342
Malta, IL	60150
Malta, MT	59538
Malta, OH	43758
Malvern, AL	36349
Malvern, AR	72104
Malvern, IA	51551
Malvern, OH	44644
Malvern, PA	19355
Malverne, NY	11565
Mamaroneck, NY	10543
Mamers, NC	27552
Mammoth Cave, KY	42259
Mammoth Lakes, CA	93546
Mammoth Spring, AR	72554
Mammoth, AZ	85618
Mammoth, PA	15664
Mammoth, WV	25132
Mamou, LA	70554
Man, WV	25635
Manahawkin, NJ	08050
Manakin Sabot, VA	23103
Manasquan, NJ	08736
Manassa, CO	81141
Manassas, GA	30438
Manawa, WI	54949
Mancelona, MI	49659
Manchaca, TX	78652
Manchaug, MA	01526
Manchester Center, VT	05255
Manchester Township, NJ	08759
Manchester, CA	95459
Manchester, GA	31816
Manchester, IA	52057
Manchester, IL	62663
Manchester, KY	40962
Manchester, MA	01944
Manchester, MD	21102
Manchester, ME	04351
Manchester, MI	48158
Manchester, NY	14504
Manchester, OH	45144
Manchester, OK	73758
Manchester, PA	17345
Manchester, VT	05254
Manchester, WA	98353
Mancos, CO	81328
Mandan, ND	58554
Mandaree, ND	58757
Manderson, SD	57756
Manderson, WY	82432
Mangham, LA	71259
Mango, FL	33550
Mangum, OK	73554
Manhasset, NY	11030
Manhattan, IL	60442
Manhattan, MT	59741
Manhattan, NV	89022
Manheim, PA	17545
Manila, AR	72442
Manila, UT	84046
Manilla, IA	51454
Manilla, IN	46150
Manistee, MI	49660
Manistique, MI	49854
Manito, IL	61546
Manitou Beach, MI	49253
Manitou Springs, CO	80829
Manitou, KY	42436
Manitou, OK	73555
Manitowish Waters, WI	54545
Mankato, KS	66956
Manley Hot Springs, AK	99756
Manley, NE	68403
Manlius, IL	61338
Manlius, NY	13104
Manly, IA	50456
Mannboro, VA	23105
Mannford, OK	74044
Manning, IA	51455
Manning, ND	58642
Manning, OR	97125
Manning, SC	29102
Mannington, WV	26582
Manns Choice, PA	15550
Manns Harbor, NC	27953
Mannsville, KY	42758
Mannsville, NY	13661
Mannsville, OK	73447
Manokin, MD	21836
Manokotak, AK	99628
Manomet, MA	02345
Manor, GA	31550
Manor, PA	15665
Manor, TX	78653
Manorville, NY	11949
Manorville, PA	16238
Manquin, VA	23106
Mansfield Center, CT	06250
Mansfield Depot, CT	06251
Mansfield, AR	72944
Mansfield, GA	30055
Mansfield, IL	61854
Mansfield, LA	71052
Mansfield, MA	02048
Mansfield, MO	65704
Mansfield, PA	16933
Mansfield, SD	57460
Mansfield, TN	38236
Mansfield, TX	76063
Mansfield, WA	98830
Manson, IA	50563
Manson, NC	27553
Manson, WA	98831
Mansura, LA	71350
Mantachie, MS	38855
Mantador, ND	58058
Mantee, MS	39751
Manteno, IL	60950
Manteo, NC	27954
Manter, KS	67862
Manti, UT	84642
Mantoloking, NJ	08738
Manton, CA	96059
Manton, MI	49663
Mantorville, MN	55955
Mantua, NJ	08051
Mantua, OH	44255
Mantua, UT	84324
Manvel, ND	58256
Manvel, TX	77578
Manville, NJ	08835
Manville, RI	02838
Manville, WY	82227
Many Farms, AZ	86538
Many, LA	71449
Manzanita, OR	97130
Manzanola, CO	81058
Mapaville, MO	63065
Maple City, KS	67102
Maple City, MI	49664
Maple Falls, WA	98266
Maple Grove, MN	55311
Maple Heights, OH	44137
Maple Hill, KS	66507
Maple Hill, NC	28454
Maple Lake, MN	55358
Maple Mount, KY	42356
Maple Park, IL	60151
Maple Rapids, MI	48853
Maple Shade, NJ	08052
Maple Springs, NY	14756
Maple Valley, WA	98038
Maple View, NY	13107
Maple, NC	27956
Maple, TX	79344
Maple, WI	54854
Maplecrest, NY	12454
Maplesville, AL	36750
Mapleton Depot, PA	17052
Mapleton, IA	51034
Mapleton, IL	61547
Mapleton, KS	66754
Mapleton, ME	04757
Mapleton, MN	56065
Mapleton, ND	58059
Mapleton, OR	97453
Mapleton, UT	84664
Mapleville, RI	02839
Maplewood, NJ	07040
Maplewood, OH	45340
Maplewood, WI	54226
Mappsville, VA	23407
Maquoketa, IA	52060
Maquon, IL	61458
Mar Lin, PA	17951
Maramec, OK	74045
Marathon Shores, FL	33052
Marathon, FL	33050
Marathon, IA	50565
Marathon, NY	13803
Marathon, OH	45145
Marathon, TX	79842
Marathon, WI	54448
Marble Canyon, AZ	86036
Marble City, OK	74945
Marble Falls, AR	72648
Marble Falls, TX	78654
Marble Hill, GA	30148
Marble Hill, MO	63764
Marble Rock, IA	50653
Marble, MN	55764
Marble, NC	28905
Marble, PA	16334
Marblehead, MA	01945
Marblemount, WA	98267
Marbury, AL	36051
Marbury, MD	20658
Marceline, MO	64658
Marcell, MN	56657
Marcella, AR	72555
Marcellus, MI	49067
Marcellus, NY	13108
March Air Reserve Base, CA	92518
Marchand, PA	15758
Marcola, OR	97454
Marcus Hook, PA	19061
Marcus, IA	51035
Marcus, WA	99151
Marcy, NY	13403
Mardela Springs, MD	21837
Marengo, IA	52301
Marengo, IL	60152
Marengo, IN	47140
Marengo, OH	43334
Marengo, WI	54855
Marenisco, MI	49947
Marfa, TX	79843
Margaret, AL	35112
Margarettsville, NC	27853
Margaretville, NY	12455
Margate City, NJ	08402
Margate, FL	33093
Margie, MN	56658
Maria Stein, OH	45860
Mariah Hill, IN	47556
Marianna, AR	72360
Marianna, PA	15345
Marianna, WV	24859
Maribel, WI	54227
Maricopa, CA	93252
Marienthal, KS	67863
Marienville, PA	16239
Marietta, IL	61459
Marietta, MN	56257
Marietta, MS	38856
Marietta, NC	28362
Marietta, NY	13110
Marietta, OH	45750
Marietta, OK	73448
Marietta, PA	17547
Marietta, SC	29661
Marietta, TX	75566
Marilla, NY	14102
Marina, CA	93933
Marine City, MI	48039
Marine On Saint Croix, MN	55047
Marine, IL	62061
Marinette, WI	54143
Maringouin, LA	70757
Marion Center, PA	15759
Marion Heights, PA	17832
Marion Junction, AL	36759
Marion Station, MD	21838
Marion, AL	36756
Marion, AR	72364
Marion, CT	06444
Marion, IA	52302
Marion, IL	62959
Marion, KS	66861
Marion, KY	42064
Marion, LA	71260
Marion, MA	02738
Marion, MI	49665
Marion, MS	39342
Marion, MT	59925
Marion, NC	28752
Marion, ND	58466
Marion, NY	14505
Marion, PA	17235
Marion, SC	29571
Marion, SD	57043
Marion, TX	78124
Marion, VA	24354
Marion, WI	54950
Marionville, MO	65705
Marionville, VA	23408
Mariposa, CA	95338
Marissa, IL	62257
Mark Center, OH	43536
Mark, IL	61340
Marked Tree, AR	72365
Markesan, WI	53946
Markham, IL	60428
Markham, TX	77456
Markham, VA	22643
Markle, IN	46770
Markleeville, CA	96120
Markleton, PA	15551
Markleville, IN	46056
Markleysburg, PA	15459
Marksville, LA	71351
Marland, OK	74644
Marlboro, NJ	07746
Marlboro, NY	12542
Marlboro, VT	05344
Marlborough, CT	06447
Marlborough, MA	01752
Marlborough, NH	03455
Marlette, MI	48453
Marlin, TX	76661
Marlin, WA	98832
Marlinton, WV	24954
Marlow, NH	03456
Marlow, OK	73055
Marlton, NJ	08053
Marmaduke, AR	72443
Marmarth, ND	58643
Marmora, NJ	08223
Marne, IA	51552
Marne, MI	49435
Maroa, IL	61756
Marquand, MO	63655
Marquette, IA	52158
Marquette, KS	67464
Marquette, MI	49855
Marquette, NE	68854
Marquette, WI	53947
Marquez, TX	77865
Marriottsville, MD	21104
Marrowbone, KY	42759
Mars Hill, ME	04758
Mars Hill, NC	28754
Mars, PA	16046
Marseilles, IL	61341
Marshall, AK	99585
Marshall, AR	72650
Marshall, CA	94940
Marshall, IL	62441
Marshall, IN	47859
Marshall, MN	56258
Marshall, MO	65340
Marshall, NC	28753
Marshall, ND	58644
Marshall, OK	73056
Marshall, WA	99020
Marshall, WI	53559
Marshallberg, NC	28553
Marshalls Creek, PA	18335
Marshalltown, IA	50158
Marshallville, GA	31057
Marshallville, OH	44645
Marshes Siding, KY	42631
Marshfield Hills, MA	02051
Marshfield, MA	02050
Marshfield, MO	65706
Marshfield, VT	05658
Marshville, NC	28103
Marsing, ID	83639
Marsland, NE	69354
Marsteller, PA	15760
Marston, MO	63866
Marston, NC	28363
Marstons Mills, MA	02648
Mart, TX	76664
Martel, OH	43335
Martell, CA	95654
Martell, NE	68404
Martelle, IA	52305
Martensdale, IA	50160
Martha, KY	41159
Martha, OK	73556
Marthasville, MO	63357
Marthaville, LA	71450
Martin City, MT	59926
Martin, GA	30557
Martin, KY	41649
Martin, MI	49070
Martin, ND	58758
Martin, OH	43445
Martin, PA	15460
Martin, SC	29836
Martin, SD	57551
Martindale, PA	17549
Martindale, TX	78655
Martinez, CA	94553
Martins Creek, PA	18063
Martins Ferry, OH	43935
Martinsburg, IA	52568
Martinsburg, MO	65264
Martinsburg, NY	13404
Martinsburg, OH	43037
Martinsburg, PA	16662
Martinsdale, MT	59053
Martinsville, IL	62442
Martinsville, IN	46151
Martinsville, MO	64467
Martinsville, NJ	08836
Martinsville, OH	45146
Martinsville, TX	75958
Martinton, IL	60951
Martville, NY	13111
Marty, SD	57361
Marvel, CO	81329
Marvell, AR	72366
Marvin, SD	57251
Mary Alice, KY	40964
Mary D, PA	17952
Mary Esther, FL	32569
Marydel, DE	19964
Marydel, MD	21649
Maryknoll, NY	10545
Maryland Heights, MO	63043
Maryland Line, MD	21105
Maryland, NY	12116
Marylhurst, OR	97036
Maryneal, TX	79535
Marysvale, UT	84750
Marysville, CA	95901
Marysville, IN	47141
Marysville, KS	66508
Marysville, MI	48040
Marysville, MT	59640
Marysville, PA	17053
Maryus, VA	23107
Maryville, IL	62062
Maryville, MO	64468
Mascot, TN	37806
Mascot, VA	23108
Mascotte, FL	34753
Mashantucket, CT	06338
Mashpee, MA	02649
Maskell, NE	68751
Mason City, IL	62664
Mason City, NE	68855
Mason, IL	62443
Mason, KY	41054
Mason, MI	48854
Mason, OH	45040
Mason, TN	38049
Mason, TX	76856
Mason, WI	54856
Mason, WV	25260
Masonic Home, KY	40041
Masontown, PA	15461
Masontown, WV	26542
Masonville, CO	80541
Masonville, IA	50654
Masonville, NY	13804
Maspeth, NY	11378
Mass City, MI	49948
Massapequa Park, NY	11762
Massapequa, NY	11758
Massena, IA	50853
Massena, NY	13662
Massey, MD	21650
Masterson, TX	79058
Mastic Beach, NY	11951
Mastic, NY	11950
Masury, OH	44438
Matador, TX	79244
Matagorda, TX	77457
Matamoras, PA	18336
Matawan, NJ	07747
Matewan, WV	25678
Matfield Green, KS	66862
Matheny, WV	24860
Mather, CA	95655
Mather, PA	15346
Mather, WI	54641
Matherville, IL	61263
Matheson, CO	80830
Mathews, AL	36052
Mathews, LA	70375
Mathews, VA	23109
Mathias, WV	26812
Mathis, TX	78368
Mathiston, MS	39752
Matinicus, ME	04851
Matlock, IA	51244
Matlock, WA	98560
Matoaka, WV	24736
Mattapan, MA	02126
Mattapoisett, MA	02739
Mattaponi, VA	23110
Mattawa, WA	99349
Mattawamkeag, ME	04459
Mattawan, MI	49071
Mattawana, PA	17054
Matteson, IL	60443
Matthews, GA	30818
Matthews, IN	46957
Matthews, MO	63867
Mattituck, NY	11952
Mattoon, IL	61938
Mattoon, WI	54450
Mauckport, IN	47142
Maud, OK	74854
Maud, TX	75567
Maugansville, MD	21767
Mauk, GA	31058
Mauldin, SC	29662
Maumee, OH	43537
Maumelle, AR	72113
Maunaloa, HI	96770
Maunie, IL	62861
Maupin, OR	97037
Maurepas, LA	70449
Maurertown, VA	22644
Maurice, IA	51036
Maurice, LA	70555
Mauricetown, NJ	08329
Mauriceville, TX	77626
Maury City, TN	38050
Maury, NC	28554
Mauston, WI	53948
Mavisdale, VA	24627
Max Meadows, VA	24360
Max, MN	56659
Max, ND	58759
Max, NE	69037
Maxatawny, PA	19538
Maxbass, ND	58760
Maxeys, GA	30671
Maxie, VA	24628
Maximo, OH	44650
Maxton, NC	28364
Maxwell, CA	95955
Maxwell, IA	50161
Maxwell, IN	46154
Maxwell, NE	69151
Maxwell, NM	87728
Maxwell, TX	78656
Maxwelton, WV	24957
May, ID	83253
May, OK	73851
May, TX	76857
Maybee, MI	48159
Maybell, CO	81640
Maybeury, WV	24861
Maybrook, NY	12543
Maydelle, TX	75772
Mayer, AZ	86333
Mayer, MN	55360
Mayersville, MS	39113
Mayesville, SC	29104
Mayetta, KS	66509
Mayfield, KS	67103
Mayfield, KY	42066
Mayfield, MI	49666
Mayfield, NY	12117
Mayfield, UT	84643
Mayflower, AR	72106
Mayhew, MS	39753
Mayhill, NM	88339
Mayking, KY	41837
Maynard, AR	72444
Maynard, IA	50655
Maynard, MA	01754
Maynard, MN	56260
Maynard, OH	43937
Maynardville, TN	37807
Mayo, FL	32066
Mayo, MD	21106
Mayo, SC	29368
Mayodan, NC	27027
Maypearl, TX	76064
Mayport, PA	16240
Mays Landing, NJ	08330
Mays, IN	46155
Maysel, WV	25133
Mayslick, KY	41055
Maysville, AR	72747
Maysville, GA	30558
Maysville, KY	41056
Maysville, NC	28555
Maysville, OK	73057
Maysville, WV	26833
Maytown, PA	17550
Mayview, MO	64071
Mayville, MI	48744
Mayville, ND	58257
Mayville, NY	14757
Mayville, WI	53050
Maywood, CA	90270
Maywood, IL	60153
Maywood, MO	63454
Maywood, NE	69038
Maywood, NJ	07607
Mazama, WA	98833
Mazeppa, MN	55956
Mazie, KY	41160
Mazomanie, WI	53560
Mazon, IL	60444
Mc Adams, MS	39107
Mc Adenville, NC	28101
Mc Afee, NJ	07428
Mc Alisterville, PA	17049
Mc Allister, MT	59740
Mc Alpin, FL	32062
Mc Andrews, KY	41543
Mc Arthur, OH	45651
Mc Bain, MI	49657
Mc Bee, SC	29101
Mc Bride, MO	63776
Mc Call Creek, MS	39647
Mc Calla, AL	35111
Mc Callsburg, IA	50154
Mc Camey, TX	79752
Mc Carley, MS	38943
Mc Carr, KY	41544
Mc Caskill, AR	71847
Mc Caulley, TX	79534
Mc Causland, IA	52758
Mc Caysville, GA	30555
Mc Clave, CO	81057
Mc Clelland, IA	51548
Mc Clellandtown, PA	15458
Mc Clellanville, SC	29458
Mc Clure, IL	62957
Mc Clure, OH	43534
Mc Clure, PA	17841
Mc Clure, VA	24269
Mc Clurg, MO	65701
Mc Coll, SC	29570
Mc Comb, OH	45858
Mc Connell, IL	61050
Mc Connells, SC	29726
Mc Connellsburg, PA	17233
Mc Connellstown, PA	16660
Mc Connellsville, NY	13401
Mc Cook, NE	69001
Mc Cool Junction, NE	68401
Mc Cool, MS	39108
Mc Coy, CO	80463
Mc Coy, VA	24111
Mc Cracken, KS	67556
Mc Cune, KS	66753
Mc Cutchenville, OH	44844
Mc Dade, TX	78650
Mc Daniels, KY	40152
Mc David, FL	32568
Mc Dermitt, NV	89421
Mc Dermott, OH	45652
Mc Donald, KS	67745
Mc Donald, OH	44437
Mc Donald, PA	15057
Mc Donald, TN	37353
Mc Donough, NY	13801
Mc Dougal, AR	72441
Mc Dowell, KY	41647
Mc Dowell, VA	24458
Mc Elhattan, PA	17748
Mc Ewen, TN	37101
Mc Ewensville, PA	17749
Mc Fall, MO	64657
Mc Farlan, NC	28102
Mc Farland, CA	93250
Mc Farland, KS	66501
Mc Gaheysville, VA	22840
Mc Gee, MO	63763
Mc Gehee, AR	71654
Mc Gill, NV	89318
Mc Girk, MO	65055
Mc Grady, NC	28649
Mc Grann, PA	16236
Mc Grath, AK	99627
Mc Grath, MN	56350
Mc Graw, NY	13101
Mc Graws, WV	25875
Mc Gregor, IA	52157
Mc Gregor, TX	76657
Mc Guffey, OH	45859
Mc Henry, KY	42354
Mc Henry, MD	21541
Mc Henry, MS	39561
Mc Indoe Falls, VT	05050
Mc Intire, IA	50455
Mc Intosh, AL	36553
Mc Intosh, FL	32664
Mc Intosh, SD	57641
Mc Intyre, GA	31054
Mc Intyre, PA	15756
Mc Kean, PA	16426
Mc Kee, KY	40447
Mc Kees Rocks, PA	15136
Mc Kenney, VA	23872
Mc Kenzie, AL	36456
Mc Kenzie, TN	38201
Mc Kinney, KY	40448
Mc Kinnon, WY	82938
Mc Kittrick, CA	93251
Mc Knightstown, PA	17343
Mc Lain, MS	39456
Mc Laughlin, SD	57642
Mc Lean, IL	61754
Mc Lean, NY	13102
Mc Leansboro, IL	62859
Mc Leansville, NC	27301
Mc Lemoresville, TN	38235
Mc Leod, MT	59052
Mc Leod, TX	75565
Mc Louth, KS	66054
Mc Millan, MI	49853
Mc Nabb, IL	61335
Mc Naughton, WI	54543
Mc Neal, AZ	85617
Mc Neil, AR	71752
Mc Neil, TX	78651
Mc Neill, MS	39457
Mc Quady, KY	40153
Mc Queeney, TX	78123
Mc Rae, AR	72102
Mc Roberts, KY	41835
Mc Shan, AL	35471
Mc Sherrystown, PA	17344
Mc Veytown, PA	17051
Mc Williams, AL	36753
Mcadoo, PA	18237
Mcadoo, TX	79243
Mcalister, NM	88427
Mcarthur, CA	96056
Mcbh Kaneohe Bay, HI	96863
Mcbrides, MI	48852
Mccall, ID	83638
Mccammon, ID	83250
Mcchord AFB, WA	98438
Mccleary, WA	98557
Mcclellan, CA	95652
Mccloud, CA	96057
Mcclusky, ND	58463
Mcconnell AFB, KS	67221
Mcconnelsville, OH	43756
Mccordsville, IN	46055
Mccurtain, OK	74944
Mccutcheon Field, NC	28545
Mcdaniel, MD	21647
Mcdonald, NM	88262
Mcfaddin, TX	77973
Mcfarland, WI	53558
Mcgregor, MN	55760
Mcgregor, ND	58755
Mcgrew, NE	69353
Mchenry, ND	58464
Mcintosh, MN	56556
Mcintosh, NM	87032
Mckenna, WA	98558
Mckinleyville, CA	95519
Mclean, NE	68747
Mclean, TX	79057
Mcleod, ND	58057
Mcloud, OK	74851
Mcmechen, WV	26040
Mcminnville, OR	97128
Mcnary, AZ	85930
Mcpherson, KS	67460
Mcville, ND	58254
Meacham, OR	97859
Mead, CO	80542
Mead, NE	68041
Mead, OK	73449
Mead, WA	99021
Meade, KS	67864
Meadow Bridge, WV	25976
Meadow Creek, WV	25977
Meadow Grove, NE	68752
Meadow Lands, PA	15347
Meadow Valley, CA	95956
Meadow Vista, CA	95722
Meadow, SD	57644
Meadow, TX	79345
Meadow, UT	84644
Meadowbrook, WV	26404
Meadowlands, MN	55765
Meadows Of Dan, VA	24120
Meadowview, VA	24361
Meadview, AZ	86444
Meadville, MO	64659
Meadville, MS	39653
Meally, KY	41234
Means, KY	40346
Meansville, GA	30256
Mears, MI	49436
Mears, VA	23409
Mebane, NC	27302
Mecca, CA	92254
Mecca, IN	47860
Mechanic Falls, ME	04256
Mechanicsburg, IL	62545
Mechanicsburg, OH	43044
Mechanicstown, OH	44651
Mechanicsville, IA	52306
Mechanicsville, MD	20659
Mechanicsville, PA	18934
Mechanicville, NY	12118
Mecklenburg, NY	14863
Mecosta, MI	49332
Medanales, NM	87548
Medaryville, IN	47957
Meddybemps, ME	04657
Medfield, MA	02052
Medford, MN	55049
Medford, NJ	08055
Medford, NY	11763
Medford, OK	73759
Medford, WI	54451
Media, IL	61460
Mediapolis, IA	52637
Medical Lake, WA	99022
Medicine Bow, WY	82329
Medicine Lake, MT	59247
Medicine Lodge, KS	67104
Medicine Park, OK	73557
Medimont, ID	83842
Medina, ND	58467
Medina, NY	14103
Medina, TN	38355
Medina, TX	78055
Medina, WA	98039
Medinah, IL	60157
Medon, TN	38356
Medora, IL	62063
Medora, IN	47260
Medora, ND	58645
Medusa, NY	12120
Medway, MA	02053
Medway, ME	04460
Medway, OH	45341
Meeker, CO	81641
Meeker, OK	74855
Meers, OK	73558
Meeteetse, WY	82433
Megargel, AL	36457
Megargel, TX	76370
Mehama, OR	97384
Meherrin, VA	23954
Mehoopany, PA	18629
Meigs, GA	31765
Mekinock, ND	58258
Mekoryuk, AK	99630
Melba, ID	83641
Melber, KY	42069
Melbeta, NE	69355
Melbourne Beach, FL	32951
Melbourne, AR	72556
Melbourne, IA	50162
Melbourne, KY	41059
Melcroft, PA	15462
Meldrim, GA	31318
Melfa, VA	23410
Melissa, TX	75454
Mellen, WI	54546
Mellenville, NY	12544
Mellette, SD	57461
Mellott, IN	47958
Mellwood, AR	72367
Melmore, OH	44845
Melrose, FL	32666
Melrose, IA	52569
Melrose, LA	71452
Melrose, MA	02176
Melrose, MN	56352
Melrose, MT	59743
Melrose, NM	88124
Melrose, NY	12121
Melrose, OH	45861
Melrose, WI	54642
Melrude, MN	55766
Melstone, MT	59054
Melvern, KS	66510
Melville, LA	71353
Melville, MT	59055
Melvin Village, NH	03850
Melvin, AL	36913
Melvin, IA	51350
Melvin, IL	60952
Melvin, KY	41650
Melvin, MI	48454
Melvin, TX	76858
Melvindale, MI	48122
Memphis Stc, MS	38675
Memphis, IN	47143
Memphis, MI	48041
Memphis, MO	63555
Memphis, NE	68042
Memphis, NY	13112
Memphis, TX	79245
Mena, AR	71953
Menahga, MN	56464
Menan, ID	83434
Menard, IL	62259
Menard, TX	76859
Menasha, WI	54952
Mendenhall, MS	39114
Mendenhall, PA	19357
Mendham, NJ	07945
Mendocino, CA	95460
Mendon, IL	62351
Mendon, MA	01756
Mendon, MI	49072
Mendon, MO	64660
Mendon, NY	14506
Mendon, OH	45862
Mendon, UT	84325
Mendota, CA	93640
Mendota, IL	61342
Mendota, MN	55150
Mendota, VA	24270
Menemsha, MA	02552
Menifee, AR	72107
Menlo, GA	30731
Menlo, IA	50164
Menlo, WA	98561
Menno, SD	57045
Meno, OK	73760
Menoken, ND	58558
Menominee, MI	49858
Menomonie, WI	54751
Mentcle, PA	15761
Mentmore, NM	87319
Mentone, AL	35984
Mentone, CA	92359
Mentone, IN	46539
Mentone, TX	79754
Mentor, MN	56736
Mer Rouge, LA	71261
Meraux, LA	70075
Mercedes, TX	78570
Mercer Island, WA	98040
Mercer, MO	64661
Mercer, ND	58559
Mercer, PA	16137
Mercer, TN	38392
Mercer, WI	54547
Mercersburg, PA	17236
Merchantville, NJ	08109
Mercury, NV	89023
Meredith, CO	81642
Meredith, NH	03253
Meredithville, VA	23873
Meredosia, IL	62665
Mereta, TX	76940
Meridale, NY	13806
Meriden, IA	51037
Meriden, KS	66512
Meriden, NH	03770
Meriden, WY	82081
Meridian, CA	95957
Meridian, GA	31319
Meridian, NY	13113
Meridian, OK	73058
Meridian, TX	76665
Meridianville, AL	35759
Merigold, MS	38759
Merino, CO	80741
Merion Station, PA	19066
Merit, TX	75458
Merkel, TX	79536
Merlin, OR	97532
Mermentau, LA	70556
Merna, IL	61758
Merna, NE	68856
Merom, IN	47861
Merrick, NY	11566
Merrifield, MN	56465
Merrill, IA	51038
Merrill, MI	48637
Merrill, OR	97633
Merrill, WI	54452
Merrillan, WI	54754
Merrimac, MA	01860
Merrimac, WI	53561
Merrimack, NH	03054
Merriman, NE	69218
Merritt, MI	49667
Merritt, NC	28556
Merrittstown, PA	15463
Merry Hill, NC	27957
Merry Point, VA	22513
Merryville, LA	70653
Mershon, GA	31551
Mertens, TX	76666
Merton, WI	53056
Mertzon, TX	76941
Mertztown, PA	19539
Mesa Verde National Park, CO	81330
Mesa, CO	81643
Mesa, ID	83643
Mesa, WA	99343
Mescalero, NM	88340
Mesena, GA	30819
Meservey, IA	50457
Meshoppen, PA	18630
Mesick, MI	49668
Mesilla Park, NM	88047
Mesilla, NM	88046
Mesopotamia, OH	44439
Mesquite, NM	88048
Meta, MO	65058
Metaline Falls, WA	99153
Metaline, WA	99152
Metamora, IL	61548
Metamora, IN	47030
Metamora, MI	48455
Metamora, OH	43540
Metcalf, IL	61940
Metcalfe, MS	38760
Methow, WA	98834
Methuen, MA	01844
Metlakatla, AK	99926
Metropolis, IL	62960
Metter, GA	30439
Metuchen, NJ	08840
Metz, MO	64765
Metz, WV	26585
Mexia, AL	36458
Mexia, TX	76667
Mexican Hat, UT	84531
Mexican Springs, NM	87320
Mexico Beach, FL	32410
Mexico, IN	46958
Mexico, ME	04257
Mexico, MO	65265
Mexico, NY	13114
Mexico, PA	17056
Meyers Chuck, AK	99903
Meyersdale, PA	15552
Meyersville, TX	77974
Mi Wuk Village, CA	95346
Miami Gardens, FL	33056
Miami, AZ	85539
Miami, IN	46959
Miami, MO	65344
Miami, NM	87729
Miami, TX	79059
Miami, WV	25134
Miamitown, OH	45041
Miamiville, OH	45147
Mica, WA	99023
Micanopy, FL	32667
Micaville, NC	28755
Michael, IL	62065
Michie, TN	38357
Michigamme, MI	49861
Michigan Center, MI	49254
Michigan City, MS	38647
Michigan, ND	58259
Michigantown, IN	46057
Mickleton, NJ	08056
Mico, TX	78056
Micro, NC	27555
Middle Amana, IA	52307
Middle Bass, OH	43446
Middle Brook, MO	63656
Middle Falls, NY	12848
Middle Granville, NY	12849
Middle Grove, NY	12850
Middle Haddam, CT	06456
Middle Island, NY	11953
Middle Point, OH	45863
Middle River, MD	21220
Middle River, MN	56737
Middle Village, NY	11379
Middlebourne, WV	26149
Middlebranch, OH	44652
Middlebrook, VA	24459
Middleburg, KY	42541
Middleburg, NC	27556
Middleburg, OH	43336
Middleburg, PA	17842
Middleburgh, NY	12122
Middlebury Center, PA	16935
Middlebury, CT	06762
Middlebury, IN	46540
Middlebury, VT	05753
Middlefield, CT	06455
Middlefield, MA	01243
Middlefield, OH	44062
Middleport, NY	14105
Middleport, OH	45760
Middleport, PA	17953
Middlesboro, KY	40965
Middlesex, NC	27557
Middlesex, NJ	08846
Middlesex, NY	14507
Middleton, ID	83644
Middleton, MA	01949
Middleton, MI	48856
Middleton, TN	38052
Middleton, WI	53562
Middletown Springs, VT	05757
Middletown, CA	95461
Middletown, DE	19709
Middletown, IA	52638
Middletown, IL	62666
Middletown, IN	47356
Middletown, MD	21769
Middletown, MO	63359
Middletown, NJ	07748
Middletown, PA	17057
Middletown, RI	02842
Middleville, MI	49333
Middleville, NJ	07855
Middleville, NY	13406
Midfield, TX	77458
Midkiff, TX	79755
Midkiff, WV	25540
Midland City, AL	36350
Midland Park, NJ	07432
Midland, AR	72945
Midland, GA	31820
Midland, IN	47445
Midland, MD	21542
Midland, NC	28107
Midland, OH	45148
Midland, OR	97634
Midland, PA	15059
Midland, SD	57552
Midland, VA	22728
Midlothian, IL	60445
Midlothian, MD	21543
Midlothian, TX	76065
Midnight, MS	39115
Midpines, CA	95345
Midvale, ID	83645
Midvale, OH	44653
Midvale, UT	84047
Midville, GA	30441
Midway City, CA	92655
Midway Park, NC	28544
Midway, AL	36053
Midway, AR	72651
Midway, FL	32343
Midway, GA	31320
Midway, KY	40347
Midway, PA	15060
Midway, TN	37809
Midway, TX	75852
Midway, UT	84049
Midway, WV	25878
Midwest, WY	82643
Mifflin, PA	17058
Mifflinburg, PA	17844
Mifflintown, PA	17059
Mifflinville, PA	18631
Mikado, MI	48745
Mikana, WI	54857
Mikkalo, OR	97861
Milaca, MN	56353
Milam, TX	75959
Milam, WV	26838
Milan, GA	31060
Milan, IL	61264
Milan, IN	47031
Milan, KS	67105
Milan, MI	48160
Milan, MN	56262
Milan, MO	63556
Milan, NH	03588
Milan, NM	87021
Milan, OH	44846
Milan, PA	18831
Milan, TN	38358
Milano, TX	76556
Milanville, PA	18443
Milbridge, ME	04658
Milburn, KY	42070
Milburn, OK	73450
Mildred, MT	59341
Mildred, PA	18632
Miles City, MT	59301
Miles, IA	52064
Miles, TX	76861
Milesburg, PA	16853
Milesville, SD	57553
Miley, SC	29933
Milfay, OK	74046
Milford Center, OH	43045
Milford Square, PA	18935
Milford, CA	96121
Milford, DE	19963
Milford, IA	51351
Milford, IL	60953
Milford, IN	46542
Milford, KS	66514
Milford, KY	41061
Milford, MA	01757
Milford, ME	04461
Milford, MO	64766
Milford, NE	68405
Milford, NH	03055
Milford, NJ	08848
Milford, NY	13807
Milford, OH	45150
Milford, PA	18337
Milford, TX	76670
Milford, UT	84751
Milford, VA	22514
Mililani, HI	96789
Mill City, OR	97360
Mill Creek, CA	96061
Mill Creek, IN	46365
Mill Creek, OK	74856
Mill Creek, PA	17060
Mill Creek, WA	98082
Mill Creek, WV	26280
Mill Hall, PA	17751
Mill Neck, NY	11765
Mill River, MA	01244
Mill Run, PA	15464
Mill Shoals, IL	62862
Mill Spring, MO	63952
Mill Spring, NC	28756
Mill Village, PA	16427
Milladore, WI	54454
Millboro, VA	24460
Millbrae, CA	94030
Millbrook, AL	36054
Millbrook, IL	60536
Millbrook, NY	12545
Millburn, NJ	07041
Millbury, MA	01527
Millbury, OH	43447
Millcreek, IL	62961
Milldale, CT	06467
Milledgeville, IL	61051
Milledgeville, OH	43142
Milledgeville, TN	38359
Millen, GA	30442
Miller City, IL	62962
Miller City, OH	45864
Miller Place, NY	11764
Miller, MO	65707
Miller, NE	68858
Miller, SD	57362
Millers Creek, NC	28651
Millers Falls, MA	01349
Millers Tavern, VA	23115
Millersburg, IA	52308
Millersburg, IN	46543
Millersburg, KY	40348
Millersburg, MI	49759
Millersburg, OH	44654
Millersburg, PA	17061
Millersport, OH	43046
Millerstown, PA	17062
Millersview, TX	76862
Millersville, MD	21108
Millersville, MO	63766
Millersville, PA	17551
Millerton, IA	50165
Millerton, NY	12546
Millerton, OK	74750
Millerton, PA	16936
Millerville, AL	36267
Millfield, OH	45761
Millheim, PA	16854
Millhousen, IN	47261
Millican, TX	77866
Milligan College, TN	37682
Milligan, FL	32537
Milligan, NE	68406
Milliken, CO	80543
Millington, IL	60537
Millington, MD	21651
Millington, MI	48746
Millington, NJ	07946
Millinocket, ME	04462
Millis, MA	02054
Millmont, PA	17845
Millport, AL	35576
Millport, NY	14864
Millrift, PA	18340
Millry, AL	36558
Mills River, NC	28759
Mills, NE	68753
Mills, NM	87730
Mills, PA	16937
Mills, WY	82644
Millsap, TX	76066
Millsboro, DE	19966
Millsboro, PA	15348
Millstadt, IL	62260
Millston, WI	54643
Millstone, KY	41838
Millstone, WV	25261
Milltown, IN	47145
Milltown, MT	59851
Milltown, NJ	08850
Milltown, WI	54858
Millville, CA	96062
Millville, DE	19967
Millville, MA	01529
Millville, MN	55957
Millville, NJ	08332
Millville, PA	17846
Millville, UT	84326
Millville, WV	25432
Millwood, GA	31552
Millwood, KY	42762
Millwood, NY	10546
Millwood, VA	22646
Millwood, WV	25262
Milmay, NJ	08340
Milmine, IL	61855
Milner, GA	30257
Milnesand, NM	88125
Milnesville, PA	18239
Milnor, ND	58060
Milo, IA	50166
Milo, ME	04463
Milo, MO	64767
Milroy, IN	46156
Milroy, MN	56263
Milroy, PA	17063
Milton Center, OH	43541
Milton Freewater, OR	97862
Milton Mills, NH	03852
Milton Village, MA	02187
Milton, DE	19968
Milton, IA	52570
Milton, IL	62352
Milton, IN	47357
Milton, KS	67106
Milton, KY	40045
Milton, LA	70558
Milton, MA	02186
Milton, NC	27305
Milton, ND	58260
Milton, NH	03851
Milton, NY	12547
Milton, PA	17847
Milton, TN	37118
Milton, VT	05468
Milton, WA	98354
Milton, WI	53563
Milton, WV	25541
Miltona, MN	56354
Miltonvale, KS	67466
Milwaukee, NC	27854
Mimbres, NM	88049
Mims, FL	32754
Mina, NV	89422
Minatare, NE	69356
Minburn, IA	50167
Minco, OK	73059
Minden City, MI	48456
Minden, IA	51553
Minden, NE	68959
Minden, NV	89423
Minden, TX	75680
Minden, WV	25879
Mindenmines, MO	64769
Mindoro, WI	54644
Mine Hill, NJ	07803
Mineola, IA	51554
Mineola, NY	11501
Mineola, TX	75773
Mineral Bluff, GA	30559
Mineral City, OH	44656
Mineral Point, MO	63660
Mineral Point, PA	15942
Mineral Point, WI	53565
Mineral Ridge, OH	44440
Mineral Springs, AR	71851
Mineral Springs, NC	28108
Mineral Springs, PA	16855
Mineral, CA	96063
Mineral, IL	61344
Mineral, TX	78125
Mineral, VA	23117
Mineral, WA	98355
Minersville, PA	17954
Minersville, UT	84752
Minerva, KY	41062
Minerva, NY	12851
Minerva, OH	44657
Minetto, NY	13115
Mineville, NY	12956
Minford, OH	45653
Mingo Junction, OH	43938
Mingo, IA	50168
Mingo, OH	43047
Mingoville, PA	16856
Mingus, TX	76463
Minidoka, ID	83343
Minier, IL	61759
Minisink Hills, PA	18341
Minneapolis, KS	67467
Minneapolis, NC	28652
Minneola, FL	34755
Minneola, KS	67865
Minneota, MN	56264
Minnesota City, MN	55959
Minnesota Lake, MN	56068
Minnetonka Beach, MN	55361
Minnetonka, MN	55345
Minnewaukan, ND	58351
Minnie, KY	41651
Minoa, NY	13116
Minocqua, WI	54548
Minong, WI	54859
Minonk, IL	61760
Minooka, IL	60447
Minor Hill, TN	38473
Minot, MA	02055
Minot, ME	04258
Minotola, NJ	08341
Minster, OH	45865
Mint Spring, VA	24463
Minter City, MS	38944
Minter, AL	36761
Minto, AK	99758
Minto, ND	58261
Minturn, AR	72445
Minturn, CO	81645
Minturn, SC	29573
Mio, MI	48647
Mira Loma, CA	91752
Miracle, KY	40856
Miramar Beach, FL	32550
Miramonte, CA	93641
Miranda, CA	95553
Mirando City, TX	78369
Mirror Lake, NH	03853
Misenheimer, NC	28109
Mishicot, WI	54228
Mission Hill, SD	57046
Mission, SD	57555
Mississippi State, MS	39762
Missouri City, MO	64072
Missouri Valley, IA	51555
Mistletoe, KY	41351
Mitchell, GA	30820
Mitchell, IN	47446
Mitchell, NE	69357
Mitchell, OR	97750
Mitchell, SD	57301
Mitchells, VA	22729
Mitchellsburg, KY	40452
Mitchellville, IA	50169
Mitchellville, TN	37119
Mittie, LA	70654
Mize, KY	41352
Mize, MS	39116
Mizpah, MN	56660
Mizpah, NJ	08342
Moab, UT	84532
Moapa, NV	89025
Moatsville, WV	26405
Mobeetie, TX	79061
Moberly, MO	65270
Mobridge, SD	57601
Moccasin, CA	95347
Moccasin, MT	59462
Mocksville, NC	27028
Moclips, WA	98562
Modale, IA	51556
Mode, IL	62444
Model City, NY	14107
Model, CO	81059
Modena, NY	12548
Modena, PA	19358
Modena, UT	84753
Modest Town, VA	23412
Modesto, IL	62667
Modoc, IL	62261
Modoc, IN	47358
Modoc, SC	29838
Moffat, CO	81143
Moffett, OK	74946
Moffit, ND	58560
Mogadore, OH	44260
Mohall, ND	58761
Mohawk, MI	49950
Mohawk, NY	13407
Mohawk, TN	37810
Mohawk, WV	24862
Mohegan Lake, NY	10547
Mohler, WA	99154
Mohnton, PA	19540
Mohrsville, PA	19541
Moira, NY	12957
Mokane, MO	65059
Mokelumne Hill, CA	95245
Mokena, IL	60448
Molalla, OR	97038
Molena, GA	30258
Molina, CO	81646
Moline, KS	67353
Moline, MI	49335
Molino, FL	32577
Mollusk, VA	22517
Molt, MT	59057
Momence, IL	60954
Mona, UT	84645
Monaca, PA	15061
Monahans, TX	79756
Monarch, CO	81227
Monarch, MT	59463
Moncks Corner, SC	29461
Monclova, OH	43542
Moncure, NC	27559
Mondamin, IA	51557
Mondovi, WI	54755
Monee, IL	60449
Monessen, PA	15062
Moneta, VA	24121
Monett, MO	65708
Monetta, SC	29105
Monette, AR	72447
Mongaup Valley, NY	12762
Mongo, IN	46771
Monhegan, ME	04852
Monitor, WA	98836
Monkton, MD	21111
Monkton, VT	05469
Monmouth Beach, NJ	07750
Monmouth Junction, NJ	08852
Monmouth, IA	52309
Monmouth, IL	61462
Monmouth, ME	04259
Monmouth, OR	97361
Mono Hot Springs, CA	93642
Monocacy Station, PA	19542
Monon, IN	47959
Monona, IA	52159
Monongahela, PA	15063
Monponsett, MA	02350
Monroe Bridge, MA	01350
Monroe Center, IL	61052
Monroe City, IN	47557
Monroe City, MO	63456
Monroe Township, NJ	08831
Monroe, AR	72108
Monroe, CT	06468
Monroe, IA	50170
Monroe, IN	46772
Monroe, ME	04951
Monroe, NE	68647
Monroe, NH	03771
Monroe, OH	45050
Monroe, OK	74947
Monroe, OR	97456
Monroe, SD	57047
Monroe, TN	38573
Monroe, UT	84754
Monroe, VA	24574
Monroe, WA	98272
Monroe, WI	53566
Monroeton, PA	18832
Monroeville, IN	46773
Monroeville, NJ	08343
Monroeville, OH	44847
Monroeville, PA	15146
Monrovia, IN	46157
Monrovia, MD	21770
Monsey, NY	10952
Monson, MA	01057
Monson, ME	04464
Mont Alto, PA	17237
Mont Belvieu, TX	77580
Mont Clare, PA	19453
Mont Vernon, NH	03057
Montague, CA	96064
Montague, MA	01351
Montague, MI	49437
Montague, NJ	07827
Montague, TX	76251
Montalba, TX	75853
Montana Mines, WV	26586
Montandon, PA	17850
Montara, CA	94037
Montauk, NY	11954
Montcalm, WV	24737
Montchanin, DE	19710
Montclair, CA	91763
Monte Rio, CA	95462
Monte Vista, CO	81144
Monteagle, TN	37356
Montebello, CA	90640
Montebello, VA	24464
Montegut, LA	70377
Montello, NV	89830
Montello, WI	53949
Monterey, IN	46960
Monterey, LA	71354
Monterey, MA	01245
Monterey, TN	38574
Monterey, VA	24465
Monterville, WV	26282
Montesano, WA	98563
Montevallo, AL	35115
Montevideo, MN	56265
Monteview, ID	83435
Montezuma Creek, UT	84534
Montezuma, GA	31063
Montezuma, IA	50171
Montezuma, IN	47862
Montezuma, KS	67867
Montezuma, NC	28653
Montezuma, NM	87731
Montezuma, NY	13117
Montezuma, OH	45866
Montfort, WI	53569
Montgomery Center, VT	05471
Montgomery City, MO	63361
Montgomery Creek, CA	96065
Montgomery Village, MD	20886
Montgomery, IL	60538
Montgomery, IN	47558
Montgomery, LA	71454
Montgomery, MI	49255
Montgomery, MN	56069
Montgomery, NY	12549
Montgomery, PA	17752
Montgomery, VT	05470
Montgomery, WV	25136
Montgomeryville, PA	18936
Monticello, GA	31064
Monticello, IA	52310
Monticello, IL	61856
Monticello, IN	47960
Monticello, KY	42633
Monticello, ME	04760
Monticello, MO	63457
Monticello, MS	39654
Monticello, NM	87939
Monticello, NY	12701
Monticello, UT	84535
Monticello, WI	53570
Montier, MO	65546
Montmorenci, IN	47962
Montmorenci, SC	29839
Montour Falls, NY	14865
Montour, IA	50173
Montoursville, PA	17754
Montpelier Station, VA	22957
Montpelier, IA	52759
Montpelier, ID	83254
Montpelier, IN	47359
Montpelier, MS	39754
Montpelier, ND	58472
Montpelier, OH	43543
Montpelier, VA	23192
Montreal, MO	65591
Montreal, WI	54550
Montreat, NC	28757
Montrose, AL	36559
Montrose, AR	71658
Montrose, GA	31065
Montrose, IA	52639
Montrose, IL	62445
Montrose, MI	48457
Montrose, MN	55363
Montrose, MO	64770
Montrose, NY	10548
Montrose, PA	18801
Montrose, SD	57048
Montrose, WV	26283
Montross, VA	22520
Montvale, NJ	07645
Montvale, VA	24122
Montverde, FL	34756
Montville, CT	06353
Montville, NJ	07045
Montville, OH	44064
Monument Beach, MA	02553
Monument Valley, UT	84536
Monument, CO	80132
Monument, KS	67747
Monument, NM	88265
Monument, OR	97864
Moodus, CT	06469
Moody AFB, GA	31699
Moody, AL	35004
Moody, ME	04054
Moody, MO	65777
Moody, TX	76557
Moodys, OK	74444
Mooers Forks, NY	12959
Mooers, NY	12958
Moon, VA	23119
Moonachie, NJ	07074
Moorcroft, WY	82721
Moore Haven, FL	33471
Moore, ID	83255
Moore, MT	59464
Moore, SC	29369
Moore, TX	78057
Moorefield, KY	40350
Moorefield, NE	69039
Moorefield, WV	26836
Mooreland, IN	47360
Mooreland, OK	73852
Moores Hill, IN	47032
Mooresboro, NC	28114
Mooresburg, TN	37811
Moorestown, NJ	08057
Mooresville, AL	35649
Mooresville, IN	46158
Mooresville, MO	64664
Mooreton, ND	58061
Mooreville, MS	38857
Moorhead, IA	51558
Moorhead, MS	38761
Mooringsport, LA	71060
Moorland, IA	50566
Moose Lake, MN	55767
Moose Pass, AK	99631
Moose, WY	83012
Mooseheart, IL	60539
Moosic, PA	18507
Moosup, CT	06354
Mora, LA	71455
Mora, MN	55051
Mora, MO	65345
Mora, NM	87732
Moran, KS	66755
Moran, MI	49760
Moran, TX	76464
Moran, WY	83013
Morann, PA	16663
Morattico, VA	22523
Moravia, IA	52571
Moravia, NY	13118
Moravian Falls, NC	28654
Moreauville, LA	71355
Morehead City, NC	28557
Morehead, KY	40351
Morehouse, MO	63868
Moreland, GA	30259
Moreland, ID	83256
Morenci, AZ	85540
Morenci, MI	49256
Moretown, VT	05660
Morgan City, MS	38946
Morgan Mill, TX	76465
Morgan, GA	39866
Morgan, MN	56266
Morgan, PA	15064
Morgan, TX	76671
Morgan, UT	84050
Morgan, VT	05853
Morganfield, KY	42437
Morganton, GA	30560
Morgantown, IN	46160
Morgantown, KY	42261
Morgantown, PA	19543
Morganville, KS	67468
Morganville, NJ	07751
Morganza, LA	70759
Morganza, MD	20660
Moriah Center, NY	12961
Moriah, NY	12960
Moriarty, NM	87035
Moriches, NY	11955
Morland, KS	67650
Morley, IA	52312
Morley, MI	49336
Morley, MO	63767
Mormon Lake, AZ	86038
Morning Sun, IA	52640
Morning View, KY	41063
Moro, AR	72368
Moro, IL	62067
Moro, OR	97039
Morocco, IN	47963
Morongo Valley, CA	92256
Moroni, UT	84646
Morral, OH	43337
Morrice, MI	48857
Morrill, KS	66515
Morrill, ME	04952
Morrill, NE	69358
Morrilton, AR	72110
Morris Chapel, TN	38361
Morris Plains, NJ	07950
Morris Run, PA	16939
Morris, AL	35116
Morris, CT	06763
Morris, GA	39867
Morris, IL	60450
Morris, IN	47033
Morris, MN	56267
Morris, NY	13808
Morris, OK	74445
Morris, PA	16938
Morrisdale, PA	16858
Morrison, CO	80465
Morrison, IA	50657
Morrison, IL	61270
Morrison, MO	65061
Morrison, OK	73061
Morrison, TN	37357
Morrisonville, IL	62546
Morrisonville, NY	12962
Morrisonville, WI	53571
Morriston, FL	32668
Morristown, AZ	85342
Morristown, IN	46161
Morristown, MN	55052
Morristown, NY	13664
Morristown, OH	43759
Morristown, SD	57645
Morrisville, NC	27560
Morrisville, NY	13408
Morrisville, PA	19067
Morrisville, VT	05661
Morrow, AR	72749
Morrow, LA	71356
Morrow, OH	45152
Morrowville, KS	66958
Morse Bluff, NE	68648
Morse Mill, MO	63066
Morse, LA	70559
Morse, TX	79062
Morton Grove, IL	60053
Morton, IL	61550
Morton, MN	56270
Morton, MS	39117
Morton, NY	14508
Morton, PA	19070
Morton, TX	79346
Morton, WA	98356
Mortons Gap, KY	42440
Morven, GA	31638
Morven, NC	28119
Morvin, AL	36762
Mosby, MO	64073
Mosby, MT	59058
Mosca, CO	81146
Moscow Mills, MO	63362
Moscow, AR	71659
Moscow, IA	52760
Moscow, KS	67952
Moscow, MI	49257
Moscow, OH	45153
Moscow, PA	18444
Moscow, TN	38057
Moscow, TX	75960
Moscow, VT	05662
Moseley, VA	23120
Moselle, MS	39459
Moses Lake, WA	98837
Moshannon, PA	16859
Mosheim, TN	37818
Mosherville, MI	49258
Mosier, OR	97040
Mosinee, WI	54455
Mosquero, NM	87733
Moss Beach, CA	94038
Moss Landing, CA	95039
Moss, MS	39460
Moss, TN	38575
Mossville, IL	61552
Mossy Head, FL	32434
Mossyrock, WA	98564
Motley, MN	56466
Mott, ND	58646
Mottville, NY	13119
Moulton, AL	35650
Moulton, IA	52572
Moulton, TX	77975
Moultonborough, NH	03254
Mound Bayou, MS	38762
Mound City, IL	62963
Mound City, KS	66056
Mound City, MO	64470
Mound City, SD	57646
Mound Valley, KS	67354
Mound, MN	55364
Mound, TX	76558
Moundridge, KS	67107
Mounds, IL	62964
Mounds, OK	74047
Moundsville, WV	26041
Moundville, AL	35474
Moundville, MO	64771
Mount Aetna, PA	19544
Mount Airy, GA	30563
Mount Airy, LA	70076
Mount Airy, MD	21771
Mount Alto, WV	25264
Mount Angel, OR	97362
Mount Arlington, NJ	07856
Mount Auburn, IA	52313
Mount Auburn, IL	62547
Mount Aukum, CA	95656
Mount Ayr, IA	50854
Mount Ayr, IN	47964
Mount Berry, GA	30149
Mount Bethel, PA	18343
Mount Blanchard, OH	45867
Mount Braddock, PA	15465
Mount Calm, TX	76673
Mount Calvary, WI	53057
Mount Carbon, WV	25139
Mount Carmel, IL	62863
Mount Carmel, PA	17851
Mount Carmel, SC	29840
Mount Carmel, TN	37645
Mount Carmel, UT	84755
Mount Carroll, IL	61053
Mount Clare, WV	26408
Mount Cory, OH	45868
Mount Crawford, VA	22841
Mount Croghan, SC	29727
Mount Desert, ME	04660
Mount Eaton, OH	44659
Mount Eden, KY	40046
Mount Enterprise, TX	75681
Mount Ephraim, NJ	08059
Mount Erie, IL	62446
Mount Freedom, NJ	07970
Mount Gay, WV	25637
Mount Gilead, NC	27306
Mount Gilead, OH	43338
Mount Gretna, PA	17064
Mount Hamilton, CA	95140
Mount Hermon, CA	95041
Mount Hermon, KY	42157
Mount Hermon, LA	70450
Mount Holly Springs, PA	17065
Mount Holly, AR	71758
Mount Holly, NC	28120
Mount Holly, NJ	08060
Mount Holly, VA	22524
Mount Holly, VT	05758
Mount Hood Parkdale, OR	97041
Mount Hope, AL	35651
Mount Hope, KS	67108
Mount Hope, OH	44660
Mount Hope, WI	53816
Mount Horeb, WI	53572
Mount Ida, AR	71957
Mount Jackson, VA	22842
Mount Jewett, PA	16740
Mount Joy, PA	17552
Mount Judea, AR	72655
Mount Kisco, NY	10549
Mount Laguna, CA	91948
Mount Laurel, NJ	08054
Mount Lemmon, AZ	85619
Mount Liberty, OH	43048
Mount Lookout, WV	26678
Mount Marion, NY	12456
Mount Meigs, AL	36057
Mount Morris, IL	61054
Mount Morris, MI	48458
Mount Morris, NY	14510
Mount Morris, PA	15349
Mount Mourne, NC	28123
Mount Nebo, WV	26679
Mount Olive, AL	35117
Mount Olive, IL	62069
Mount Olive, MS	39119
Mount Olive, NC	28365
Mount Olive, WV	25185
Mount Olivet, KY	41064
Mount Orab, OH	45154
Mount Perry, OH	43760
Mount Pleasant Mills, PA	17853
Mount Pleasant, AR	72561
Mount Pleasant, IA	52641
Mount Pleasant, MS	38649
Mount Pleasant, NC	28124
Mount Pleasant, OH	43939
Mount Pleasant, PA	15666
Mount Pleasant, TN	38474
Mount Pleasant, UT	84647
Mount Pocono, PA	18344
Mount Prospect, IL	60056
Mount Pulaski, IL	62548
Mount Rainier, MD	20712
Mount Royal, NJ	08061
Mount Saint Francis, IN	47146
Mount Saint Joseph, OH	45051
Mount Savage, MD	21545
Mount Shasta, CA	96067
Mount Sherman, KY	42764
Mount Sidney, VA	24467
Mount Sinai, NY	11766
Mount Solon, VA	22843
Mount Sterling, IA	52573
Mount Sterling, IL	62353
Mount Sterling, KY	40353
Mount Sterling, MO	65062
Mount Sterling, OH	43143
Mount Sterling, WI	54645
Mount Storm, WV	26739
Mount Summit, IN	47361
Mount Tabor, NJ	07878
Mount Tremper, NY	12457
Mount Ulla, NC	28125
Mount Union, IA	52644
Mount Union, PA	17066
Mount Upton, NY	13809
Mount Vernon, AL	36560
Mount Vernon, AR	72111
Mount Vernon, GA	30445
Mount Vernon, IA	52314
Mount Vernon, IL	62864
Mount Vernon, IN	47620
Mount Vernon, KY	40456
Mount Vernon, ME	04352
Mount Vernon, MO	65712
Mount Vernon, OH	43050
Mount Vernon, OR	97865
Mount Vernon, SD	57363
Mount Vernon, TX	75457
Mount Vernon, VA	22121
Mount Victoria, MD	20661
Mount Victory, OH	43340
Mount Vision, NY	13810
Mount Washington, KY	40047
Mount Washington, NH	03589
Mount Wilson, CA	91023
Mount Wolf, PA	17347
Mount Zion, GA	30150
Mount Zion, WV	26151
Mountain Center, CA	92561
Mountain City, GA	30562
Mountain City, NV	89831
Mountain City, TN	37683
Mountain Dale, NY	12763
Mountain Grove, MO	65711
Mountain Home AFB, ID	83648
Mountain Home, ID	83647
Mountain Home, NC	28758
Mountain Home, TN	37684
Mountain Home, TX	78058
Mountain Home, UT	84051
Mountain Iron, MN	55768
Mountain Lake, MN	56159
Mountain Lakes, NJ	07046
Mountain Park, OK	73559
Mountain Pass, CA	92366
Mountain Pine, AR	71956
Mountain Ranch, CA	95246
Mountain Rest, SC	29664
Mountain Top, PA	18707
Mountain View, AR	72560
Mountain View, HI	96771
Mountain View, MO	65548
Mountain View, OK	73062
Mountain View, WY	82939
Mountain Village, AK	99632
Mountain, ND	58262
Mountain, WI	54149
Mountainair, NM	87036
Mountainburg, AR	72946
Mountainhome, PA	18342
Mountainside, NJ	07092
Mountainville, NY	10953
Mountlake Terrace, WA	98043
Mountville, PA	17554
Mountville, SC	29370
Mousie, KY	41839
Mouth Of Wilson, VA	24363
Mouthcard, KY	41548
Moville, IA	51039
Moweaqua, IL	62550
Mowrystown, OH	45155
Moxahala, OH	43761
Moxee, WA	98936
Moyers, OK	74557
Moyie Springs, ID	83845
Moyock, NC	27958
Mozelle, KY	40858
Mozier, IL	62070
Mt Baldy, CA	91759
Mt Zion, IL	62549
Mud Butte, SD	57758
Muddy, IL	62965
Muenster, TX	76252
Muir, MI	48860
Muir, PA	17957
Mukilteo, WA	98275
Mukwonago, WI	53149
Mulberry Grove, IL	62262
Mulberry, AR	72947
Mulberry, FL	33860
Mulberry, IN	46058
Mulberry, KS	66756
Mulberry, TN	37359
Muldoon, TX	78949
Muldraugh, KY	40155
Muldrow, OK	74948
Mule Creek, NM	88051
Muleshoe, TX	79347
Mulga, AL	35118
Mulhall, OK	73063
Mulino, OR	97042
Mulkeytown, IL	62865
Mullan, ID	83846
Mullen, NE	69152
Mullens, WV	25882
Mullett Lake, MI	49761
Mullica Hill, NJ	08062
Mulliken, MI	48861
Mullin, TX	76864
Mullins, SC	29574
Mullinville, KS	67109
Mulvane, KS	67110
Mumford, NY	14511
Mumford, TX	77867
Muncie, IL	61857
Muncy Valley, PA	17758
Muncy, PA	17756
Munday, TX	76371
Munday, WV	26152
Mundelein, IL	60060
Munden, KS	66959
Munds Park, AZ	86017
Munford, AL	36268
Munford, TN	38058
Munfordville, KY	42765
Munger, MI	48747
Munich, ND	58352
Munising, MI	49862
Munith, MI	49259
Munnsville, NY	13409
Munroe Falls, OH	44262
Munson, PA	16860
Munster, IN	46321
Murchison, TX	75778
Murdo, SD	57559
Murdock, FL	33938
Murdock, IL	61941
Murdock, KS	67111
Murdock, MN	56271
Murdock, NE	68407
Murfreesboro, AR	71958
Murfreesboro, NC	27855
Murphy, ID	83650
Murphy, NC	28906
Murphy, OR	97533
Murphys, CA	95247
Murphysboro, IL	62966
Murray City, OH	43144
Murray, IA	50174
Murray, ID	83874
Murray, KY	42071
Murray, NE	68409
Murrayville, GA	30564
Murrayville, IL	62668
Murrells Inlet, SC	29576
Murrysville, PA	15668
Murtaugh, ID	83344
Muscadine, AL	36269
Muscatine, IA	52761
Muscoda, WI	53573
Muscotah, KS	66058
Muse, OK	74949
Muse, PA	15350
Musella, GA	31066
Muses Mills, KY	41065
Muskego, WI	53150
Musselshell, MT	59059
Mustang, OK	73064
Mustoe, VA	24468
Mutual, OK	73853
Myakka City, FL	34251
Myers Flat, CA	95554
Myerstown, PA	17067
Myersville, MD	21773
Mylo, ND	58353
Myra, KY	41549
Myra, TX	76253
Myra, WV	25544
Myrtle Creek, OR	97457
Myrtle Point, OR	97458
Myrtle, MO	65778
Myrtle, MS	38650
Myrtlewood, AL	36763
Mystic, CT	06355
Mystic, GA	31769
Mystic, IA	52574
Myton, UT	84052
Naalehu, HI	96772
Nabb, IN	47147
Nachusa, IL	61057
Naco, AZ	85620
Nada, TX	77460
Nadeau, MI	49863
Nageezi, NM	87037
Nags Head, NC	27959
Nahant, MA	01908
Nahcotta, WA	98637
Nahma, MI	49864
Nahunta, GA	31553
Nakina, NC	28455
Naknek, AK	99633
Nalcrest, FL	33856
Nallen, WV	26680
Nanafalia, AL	36764
Nancy, KY	42544
Nanjemoy, MD	20662
Nankin, OH	44848
Nanticoke, MD	21840
Nanticoke, PA	18634
Nanty Glo, PA	15943
Nanuet, NY	10954
Naoma, WV	25140
Napakiak, AK	99634
Napanoch, NY	12458
Napavine, WA	98565
Naper, NE	68755
Napier, WV	26631
Naples, ID	83847
Naples, ME	04055
Naples, NC	28760
Naples, NY	14512
Naples, TX	75568
Napoleon, IN	47034
Napoleon, MI	49261
Napoleon, MO	64074
Napoleon, ND	58561
Napoleon, OH	43545
Napoleonville, LA	70390
Naponee, NE	68960
Nappanee, IN	46550
Nara Visa, NM	88430
Narberth, PA	19072
Nardin, OK	74646
Narka, KS	66960
Narragansett, RI	02882
Narrows, VA	24124
Narrowsburg, NY	12764
Naruna, VA	24576
Narvon, PA	17555
Naselle, WA	98638
Nash, OK	73761
Nash, TX	75569
Nashoba, OK	74558
Nashotah, WI	53058
Nashport, OH	43830
Nashua, IA	50658
Nashua, MN	56565
Nashua, MT	59248
Nashville, AR	71852
Nashville, GA	31639
Nashville, IL	62263
Nashville, IN	47448
Nashville, KS	67112
Nashville, MI	49073
Nashville, NC	27856
Nashville, OH	44661
Nashwauk, MN	55769
Nason, IL	62866
Nassau, DE	19969
Nassau, NY	12123
Nassawadox, VA	23413
Natalbany, LA	70451
Natalia, TX	78059
Natchez, LA	71456
Nathalie, VA	24577
Nathrop, CO	81236
Natick, MA	01760
National City, MI	48748
National Mine, MI	49865
National Park, NJ	08063
National Stock Yards, IL	62071
Natoma, KS	67651
Natrona Heights, PA	15065
Natrona, WY	82646
Natural Bridge Station, VA	24579
Natural Bridge, AL	35577
Natural Bridge, NY	13665
Natural Bridge, VA	24578
Natural Dam, AR	72948
Naturita, CO	81422
Naubinway, MI	49762
Naugatuck, CT	06770
Naugatuck, WV	25685
Nauvoo, AL	35578
Nauvoo, IL	62354
Navajo Dam, NM	87419
Navajo, NM	87328
Naval Air Station Jrb, TX	76127
Naval Anacost Annex, DC	20373
Navarre, FL	32566
Navarre, MN	55392
Navarre, OH	44662
Navarro, CA	95463
Navesink, NJ	07752
Naylor, GA	31641
Naylor, MO	63953
Naytahwaush, MN	56566
Nazareth, KY	40048
Nazareth, MI	49074
Nazareth, PA	18064
Nazareth, TX	79063
Nazlini, AZ	86540
Neah Bay, WA	98357
Neal, KS	66863
Neapolis, OH	43547
Neavitt, MD	21652
Nebo, IL	62355
Nebo, KY	42441
Nebo, NC	28761
Nebo, WV	25141
Nebraska City, NE	68410
Necedah, WI	54646
Neche, ND	58265
Neches, TX	75779
Neck City, MO	64849
Nederland, CO	80466
Nederland, TX	77627
Nedrow, NY	13120
Needham Heights, MA	02494
Needham, AL	36915
Needham, IN	46162
Needham, MA	02492
Needles, CA	92363
Needmore, PA	17238
Needville, TX	77461
Neely, MS	39461
Neelyton, PA	17239
Neelyville, MO	63954
Neeses, SC	29107
Neffs, OH	43940
Neffs, PA	18065
Negaunee, MI	49866
Negley, OH	44441
Negreet, LA	71460
Nehalem, OR	97131
Nehawka, NE	68413
Neihart, MT	59465
Neillsville, WI	54456
Neilton, WA	98566
Nekoma, KS	67559
Nekoma, ND	58355
Nekoosa, WI	54457
Neligh, NE	68756
Nellis AFB, NV	89191
Nellis, WV	25142
Nelliston, NY	13410
Nellysford, VA	22958
Nelson, CA	95958
Nelson, GA	30151
Nelson, MN	56355
Nelson, MO	65347
Nelson, NE	68961
Nelson, NH	03457
Nelson, PA	16940
Nelson, VA	24580
Nelson, WI	54756
Nelsonia, VA	23414
Nelsonville, OH	45764
Nelsonville, WI	54458
Nemacolin, PA	15351
Nemaha, IA	50567
Nemaha, NE	68414
Nemo, SD	57759
Nemo, TX	76070
Nemours, WV	24738
Nenana, AK	99760
Nenzel, NE	69219
Neodesha, KS	66757
Neoga, IL	62447
Neola, IA	51559
Neola, UT	84053
Neon, KY	41840
Neopit, WI	54150
Neosho Falls, KS	66758
Neosho Rapids, KS	66864
Neosho, MO	64850
Neosho, WI	53059
Neotsu, OR	97364
Nephi, UT	84648
Neponset, IL	61345
Neptune Beach, FL	32266
Nerinx, KY	40049
Nerstrand, MN	55053
Nesbit, MS	38651
Nesconset, NY	11767
Nescopeck, PA	18635
Neshanic Station, NJ	08853
Neshkoro, WI	54960
Neskowin, OR	97149
Nesmith, SC	29580
Nespelem, WA	99155
Nesquehoning, PA	18240
Ness City, KS	67560
Netarts, OR	97143
Netawaka, KS	66516
Netcong, NJ	07857
Nett Lake, MN	55772
Nettie, WV	26681
Nettleton, MS	38858
Nevada City, CA	95959
Nevada, IA	50201
Nevada, MO	64772
Nevada, OH	44849
Nevada, TX	75173
Neversink, NY	12765
Neville, OH	45156
Nevis, MN	56467
Nevisdale, KY	40754
New Albany, KS	66759
New Albany, MS	38652
New Albany, OH	43054
New Albany, PA	18833
New Albin, IA	52160
New Alexandria, PA	15670
New Almaden, CA	95042
New Athens, IL	62264
New Athens, OH	43981
New Auburn, MN	55366
New Auburn, WI	54757
New Augusta, MS	39462
New Baden, IL	62265
New Baden, TX	77870
New Baltimore, NY	12124
New Baltimore, PA	15553
New Bavaria, OH	43548
New Bedford, IL	61346
New Bedford, PA	16140
New Berlin, IL	62670
New Berlin, NY	13411
New Berlin, PA	17855
New Berlinville, PA	19545
New Bethlehem, PA	16242
New Blaine, AR	72851
New Bloomfield, MO	65063
New Bloomfield, PA	17068
New Bloomington, OH	43341
New Boston, IL	61272
New Boston, MI	48164
New Boston, MO	63557
New Boston, NH	03070
New Boston, TX	75570
New Braintree, MA	01531
New Bremen, OH	45869
New Brighton, PA	15066
New Brockton, AL	36351
New Buffalo, MI	49117
New Buffalo, PA	17069
New Burnside, IL	62967
New Cambria, KS	67470
New Cambria, MO	63558
New Caney, TX	77357
New Canton, IL	62356
New Canton, VA	23123
New Carlisle, IN	46552
New Carlisle, OH	45344
New Castle, AL	35119
New Castle, CO	81647
New Castle, IN	47362
New Castle, KY	40050
New Castle, NH	03854
New Castle, VA	24127
New Century, KS	66031
New Church, VA	23415
New City, NY	10956
New Columbia, PA	17856
New Concord, KY	42076
New Concord, OH	43762
New Creek, WV	26743
New Cumberland, PA	17070
New Cumberland, WV	26047
New Cuyama, CA	93254
New Deal, TX	79350
New Derry, PA	15671
New Douglas, IL	62074
New Durham, NH	03855
New Eagle, PA	15067
New Edinburg, AR	71660
New Effington, SD	57255
New Egypt, NJ	08533
New Ellenton, SC	29809
New England, ND	58647
New Enterprise, PA	16664
New Era, MI	49446
New Fairfield, CT	06812
New Florence, MO	63363
New Florence, PA	15944
New Franken, WI	54229
New Franklin, MO	65274
New Freedom, PA	17349
New Freeport, PA	15352
New Galilee, PA	16141
New Geneva, PA	15467
New Germantown, PA	17071
New Germany, MN	55367
New Glarus, WI	53574
New Gloucester, ME	04260
New Goshen, IN	47863
New Gretna, NJ	08224
New Hampshire, OH	45870
New Hampton, IA	50659
New Hampton, MO	64471
New Hampton, NH	03256
New Hampton, NY	10958
New Harbor, ME	04554
New Harmony, IN	47631
New Harmony, UT	84757
New Hartford, CT	06057
New Hartford, IA	50660
New Hartford, NY	13413
New Haven, IL	62867
New Haven, IN	46774
New Haven, KY	40051
New Haven, MO	63068
New Haven, NY	13121
New Haven, OH	44850
New Haven, VT	05472
New Haven, WV	25265
New Hill, NC	27562
New Holland, IL	62671
New Holland, OH	43145
New Holland, PA	17557
New Holland, SD	57364
New Home, TX	79383
New Hope, AL	35760
New Hope, KY	40052
New Hope, PA	18938
New Hope, VA	24469
New Hudson, MI	48165
New Ipswich, NH	03071
New Johnsonville, TN	37134
New Kent, VA	23124
New Kingston, NY	12459
New Kingstown, PA	17072
New Knoxville, OH	45871
New Laguna, NM	87038
New Lebanon, NY	12125
New Lebanon, OH	45345
New Leipzig, ND	58562
New Lenox, IL	60451
New Lexington, OH	43764
New Liberty, IA	52765
New Liberty, KY	40355
New Limerick, ME	04761
New Lisbon, IN	47366
New Lisbon, NJ	08064
New Lisbon, NY	13415
New Lisbon, WI	53950
New Llano, LA	71461
New London, CT	06320
New London, IA	52645
New London, MN	56273
New London, MO	63459
New London, NC	28127
New London, NH	03257
New London, OH	44851
New London, PA	19360
New London, TX	75682
New London, WI	54961
New Lothrop, MI	48460
New Madison, OH	45346
New Madrid, MO	63869
New Manchester, WV	26056
New Market, AL	35761
New Market, IA	51646
New Market, IN	47965
New Market, MD	21774
New Market, TN	37820
New Market, VA	22844
New Marshfield, OH	45766
New Martinsville, WV	26155
New Matamoras, OH	45767
New Meadows, ID	83654
New Melle, MO	63365
New Memphis, IL	62266
New Middletown, IN	47160
New Middletown, OH	44442
New Midway, MD	21775
New Milford, CT	06776
New Milford, NJ	07646
New Milford, NY	10959
New Milford, PA	18834
New Millport, PA	16861
New Milton, WV	26411
New Munich, MN	56356
New Munster, WI	53152
New Oxford, PA	17350
New Palestine, IN	46163
New Paltz, NY	12561
New Paris, IN	46553
New Paris, OH	45347
New Paris, PA	15554
New Park, PA	17352
New Philadelphia, OH	44663
New Philadelphia, PA	17959
New Pine Creek, OR	97635
New Plymouth, ID	83655
New Plymouth, OH	45654
New Point, IN	47263
New Point, VA	23125
New Prague, MN	56071
New Preston Marble Dale, CT	06777
New Providence, IA	50206
New Providence, NJ	07974
New Providence, PA	17560
New Raymer, CO	80742
New Richland, MN	56072
New Richmond, IN	47967
New Richmond, OH	45157
New Richmond, WI	54017
New Richmond, WV	24867
New Riegel, OH	44853
New Ringgold, PA	17960
New River, AZ	85087
New River, VA	24129
New Roads, LA	70760
New Rockford, ND	58356
New Ross, IN	47968
New Rumley, OH	43984
New Russia, NY	12964
New Salem, IL	62357
New Salem, MA	01355
New Salem, ND	58563
New Salem, PA	15468
New Salisbury, IN	47161
New Sarpy, LA	70078
New Sharon, IA	50207
New Sharon, ME	04955
New Site, MS	38859
New Springfield, OH	44443
New Stanton, PA	15672
New Straitsville, OH	43766
New Stuyahok, AK	99636
New Suffolk, NY	11956
New Summerfield, TX	75780
New Sweden, ME	04762
New Town, MA	02456
New Town, ND	58763
New Trenton, IN	47035
New Tripoli, PA	18066
New Troy, MI	49119
New Ulm, MN	56073
New Ulm, TX	78950
New Underwood, SD	57761
New Vernon, NJ	07976
New Vienna, IA	52065
New Vienna, OH	45159
New Vineyard, ME	04956
New Virginia, IA	50210
New Washington, IN	47162
New Washington, OH	44854
New Waterford, OH	44445
New Waverly, IN	46961
New Waverly, TX	77358
New Weston, OH	45348
New Windsor, IL	61465
New Windsor, MD	21776
New Windsor, NY	12553
New Woodstock, NY	13122
New York Mills, MN	56567
New York Mills, NY	13417
New Zion, SC	29111
Newalla, OK	74857
Newark Valley, NY	13811
Newark, AR	72562
Newark, CA	94560
Newark, IL	60541
Newark, MD	21841
Newark, MO	63458
Newark, NY	14513
Newark, TX	76071
Newaygo, MI	49337
Newberg, OR	97132
Newbern, AL	36765
Newbern, TN	38059
Newbern, VA	24126
Newberry Springs, CA	92365
Newberry, FL	32669
Newberry, IN	47449
Newberry, MI	49868
Newberry, SC	29108
Newborn, GA	30056
Newburg, MD	20664
Newburg, MO	65550
Newburg, ND	58762
Newburg, PA	17240
Newburg, WI	53060
Newburg, WV	26410
Newbury, MA	01951
Newbury, NH	03255
Newbury, OH	44065
Newbury, VT	05051
Newburyport, MA	01950
Newcastle, CA	95658
Newcastle, ME	04553
Newcastle, NE	68757
Newcastle, OK	73065
Newcastle, TX	76372
Newcastle, UT	84756
Newcastle, WY	82701
Newcomb, MD	21653
Newcomb, NM	87455
Newcomb, TN	37819
Newcomerstown, OH	43832
Newdale, ID	83436
Newell, IA	50568
Newell, NC	28126
Newell, PA	15466
Newell, SD	57760
Newell, WV	26050
Newellton, LA	71357
Newfane, NY	14108
Newfane, VT	05345
Newfield, ME	04056
Newfield, NJ	08344
Newfield, NY	14867
Newfields, NH	03856
Newfolden, MN	56738
Newfoundland, NJ	07435
Newfoundland, PA	18445
Newhall, IA	52315
Newhall, WV	24866
Newhebron, MS	39140
Newhope, AR	71959
Newington, GA	30446
Newington, NH	03805
Newington, VA	22122
Newkirk, NM	88431
Newkirk, OK	74647
Newland, NC	28657
Newman Grove, NE	68758
Newman Lake, WA	99025
Newman, CA	95360
Newman, IL	61942
Newmanstown, PA	17073
Newmarket, NH	03857
Newport Center, VT	05857
Newport Coast, CA	92657
Newport, AR	72112
Newport, IN	47966
Newport, ME	04953
Newport, MI	48166
Newport, MN	55055
Newport, NC	28570
Newport, NE	68759
Newport, NH	03773
Newport, NJ	08345
Newport, NY	13416
Newport, OH	45768
Newport, OR	97365
Newport, PA	17074
Newport, VA	24128
Newport, VT	05855
Newport, WA	99156
Newry, ME	04261
Newry, PA	16665
Newry, SC	29665
Newsoms, VA	23874
Newton Center, MA	02459
Newton Falls, NY	13666
Newton Falls, OH	44444
Newton Grove, NC	28366
Newton Hamilton, PA	17075
Newton Highlands, MA	02461
Newton Junction, NH	03859
Newton Lower Falls, MA	02462
Newton Upper Falls, MA	02464
Newton, AL	36352
Newton, GA	39870
Newton, IA	50208
Newton, IL	62448
Newton, KS	67114
Newton, MA	02458
Newton, MS	39345
Newton, NC	28658
Newton, NH	03858
Newton, NJ	07860
Newton, TX	75966
Newton, UT	84327
Newton, WI	53063
Newton, WV	25266
Newtonia, MO	64853
Newtonsville, OH	45158
Newtonville, MA	02460
Newtonville, NJ	08346
Newtonville, NY	12128
Newtown Square, PA	19073
Newtown, CT	06470
Newtown, IN	47969
Newtown, MO	64667
Newtown, PA	18940
Newtown, VA	23126
Newtown, WV	25686
Newville, AL	36353
Newville, PA	17241
Ney, OH	43549
Nezperce, ID	83543
Niagara University, NY	14109
Niagara, ND	58266
Niagara, WI	54151
Niangua, MO	65713
Niantic, CT	06357
Niantic, IL	62551
Nicasio, CA	94946
Nice, CA	95464
Nicholls, GA	31554
Nichols, FL	33863
Nichols, IA	52766
Nichols, NY	13812
Nichols, SC	29581
Nichols, WI	54152
Nicholson, GA	30565
Nicholson, MS	39463
Nicholson, PA	18446
Nicholville, NY	12965
Nickelsville, VA	24271
Nickerson, KS	67561
Nickerson, NE	68044
Nicktown, PA	15762
Nicolaus, CA	95659
Nicollet, MN	56074
Nicoma Park, OK	73066
Nielsville, MN	56568
Nightmute, AK	99690
Nikiski, AK	99635
Nikolai, AK	99691
Nikolski, AK	99638
Niland, CA	92257
Niles, IL	60714
Niles, OH	44446
Nilwood, IL	62672
Nimitz, WV	25978
Nimrod, MN	56478
Ninde, VA	22526
Nine Mile Falls, WA	99026
Ninety Six, SC	29666
Nineveh, IN	46164
Nineveh, NY	13813
Nineveh, PA	15353
Ninilchik, AK	99639
Ninnekah, OK	73067
Ninole, HI	96773
Niobe, NY	14758
Niobrara, NE	68760
Niota, IL	62358
Niota, TN	37826
Niotaze, KS	67355
Nipomo, CA	93444
Nipton, CA	92364
Nisland, SD	57762
Nisswa, MN	56468
Nisula, MI	49952
Nitro, WV	25143
Niverville, NY	12130
Niwot, CO	80544
Nixa, MO	65714
Nixon, NV	89424
Nixon, TX	78140
Noatak, AK	99761
Noble, IL	62868
Noble, LA	71462
Noble, MO	65715
Noble, OK	73068
Nobleboro, ME	04555
Nobleton, FL	34661
Nocatee, FL	34268
Nocona, TX	76255
Nodaway, IA	50857
Noel, MO	64854
Nogal, NM	88341
Nokomis, IL	62075
Nolan, TX	79537
Nolanville, TX	76559
Nolensville, TN	37135
Noma, FL	32452
Nome, AK	99762
Nome, ND	58062
Nome, TX	77629
Nonantum, MA	02495
Nondalton, AK	99640
Nooksack, WA	98276
Noonan, ND	58765
Noorvik, AK	99763
Nora Springs, IA	50458
Nora, IL	61059
Nora, VA	24272
Norborne, MO	64668
Norcatur, KS	67653
Norco, CA	92860
Norco, LA	70079
Norcross, MN	56274
Norden, CA	95724
Nordheim, TX	78141
Nordland, WA	98358
Nordman, ID	83848
Norene, TN	37136
Norfolk, CT	06058
Norfolk, MA	02056
Norfolk, NY	13667
Norge, VA	23127
Norlina, NC	27563
Norma, NJ	08347
Normal, AL	35762
Normalville, PA	15469
Norman Park, GA	31771
Norman, AR	71960
Norman, IN	47264
Norman, NC	28367
Normandy Beach, NJ	08739
Normandy, TN	37360
Normangee, TX	77871
Normanna, TX	78142
Normantown, WV	25267
Norphlet, AR	71759
Norridgewock, ME	04957
Norris City, IL	62869
Norris, IL	61553
Norris, MT	59745
Norris, SC	29667
Norris, SD	57560
Norris, TN	37828
Norristown, GA	30447
North Adams, MA	01247
North Adams, MI	49262
North Amherst, MA	01059
North Andover, MA	01845
North Anson, ME	04958
North Apollo, PA	15673
North Arlington, NJ	07031
North Aurora, IL	60542
North Babylon, NY	11703
North Baltimore, OH	45872
North Bangor, NY	12966
North Bay, NY	13123
North Beach, MD	20714
North Bend, NE	68649
North Bend, OH	45052
North Bend, OR	97459
North Bend, WA	98045
North Bennington, VT	05257
North Benton, OH	44449
North Bergen, NJ	07047
North Berwick, ME	03906
North Billerica, MA	01862
North Blenheim, NY	12131
North Bloomfield, OH	44450
North Bonneville, WA	98639
North Boston, NY	14110
North Branch, MI	48461
North Branch, MN	55056
North Branch, NY	12766
North Branford, CT	06471
North Bridgton, ME	04057
North Brookfield, MA	01535
North Brookfield, NY	13418
North Brunswick, NJ	08902
North Buena Vista, IA	52066
North Canton, CT	06059
North Canton, OH	44720
North Carrollton, MS	38947
North Carver, MA	02355
North Chatham, MA	02650
North Chatham, NY	12132
North Chelmsford, MA	01863
North Chili, NY	14514
North Clarendon, VT	05759
North Collins, NY	14111
North Concord, VT	05858
North Conway, NH	03860
North Creek, NY	12853
North Dartmouth, MA	02747
North Dighton, MA	02764
North East, MD	21901
North East, PA	16428
North Eastham, MA	02651
North Egremont, MA	01252
North English, IA	52316
North Evans, NY	14112
North Fairfield, OH	44855
North Falmouth, MA	02556
North Ferrisburgh, VT	05473
North Fork, CA	93643
North Fork, ID	83466
North Franklin, CT	06254
North Freedom, WI	53951
North Garden, VA	22959
North Georgetown, OH	44665
North Grafton, MA	01536
North Granby, CT	06060
North Granville, NY	12854
North Greece, NY	14515
North Grosvenordale, CT	06255
North Hampton, NH	03862
North Hampton, OH	45349
North Hartland, VT	05052
North Hatfield, MA	01066
North Haven, CT	06473
North Haven, ME	04853
North Haverhill, NH	03774
North Henderson, IL	61466
North Hero, VT	05474
North Highlands, CA	95660
North Hoosick, NY	12133
North Houston, TX	77315
North Hudson, NY	12855
North Hyde Park, VT	05665
North Jackson, OH	44451
North Java, NY	14113
North Jay, ME	04262
North Judson, IN	46366
North Kingsville, OH	44068
North Lake, WI	53064
North Lakewood, WA	98259
North Lawrence, NY	12967
North Lawrence, OH	44666
North Lewisburg, OH	43060
North Liberty, IA	52317
North Liberty, IN	46554
North Lima, OH	44452
North Loup, NE	68859
North Manchester, IN	46962
North Marshfield, MA	02059
North Matewan, WV	25688
North Miami Beach, FL	33160
North Miami, OK	74358
North Middletown, KY	40357
North Monmouth, ME	04265
North Montpelier, VT	05666
North Newton, KS	67117
North Norwich, NY	13814
North Olmsted, OH	44070
North Oxford, MA	01537
North Palm Beach, FL	33408
North Palm Springs, CA	92258
North Pembroke, MA	02358
North Pitcher, NY	13124
North Plains, OR	97133
North Pole, AK	99705
North Pole, DC	88888
North Pomfret, VT	05053
North Powder, OR	97867
North Pownal, VT	05260
North Prairie, WI	53153
North Providence, RI	02911
North Ridgeville, OH	44039
North Rim, AZ	86052
North River, NY	12856
North Robinson, OH	44856
North Rose, NY	14516
North Royalton, OH	44133
North Salem, IN	46165
North Salem, NH	03073
North Salem, NY	10560
North Salt Lake, UT	84054
North San Juan, CA	95960
North Sandwich, NH	03259
North Scituate, MA	02060
North Scituate, RI	02857
North Sioux City, SD	57049
North Smithfield, RI	02896
North Spring, WV	24869
North Springfield, PA	16430
North Springfield, VT	05150
North Star, MI	48862
North Star, OH	45350
North Stonington, CT	06359
North Stratford, NH	03590
North Street, MI	48049
North Sutton, NH	03260
North Tazewell, VA	24630
North Thetford, VT	05054
North Tonawanda, NY	14120
North Troy, VT	05859
North Truro, MA	02652
North Turner, ME	04266
North Uxbridge, MA	01538
North Vassalboro, ME	04962
North Vernon, IN	47265
North Versailles, PA	15137
North Walpole, NH	03609
North Waltham, MA	02455
North Washington, IA	50661
North Washington, PA	16048
North Waterboro, ME	04061
North Waterford, ME	04267
North Webster, IN	46555
North Westchester, CT	06474
North Weymouth, MA	02191
North Windham, CT	06256
North Woodstock, NH	03262
North Yarmouth, ME	04097
North Zulch, TX	77872
North, SC	29112
North, VA	23128
Northampton, PA	18067
Northboro, IA	51647
Northborough, MA	01532
Northbridge, MA	01534
Northeast Harbor, ME	04662
Northern Cambria, PA	15714
Northfield Falls, VT	05664
Northfield, CT	06778
Northfield, MA	01360
Northfield, MN	55057
Northfield, NJ	08225
Northfield, OH	44067
Northfield, VT	05663
Northford, CT	06472
Northfork, WV	24868
Northome, MN	56661
Northpoint, PA	15763
Northport, MI	49670
Northport, NY	11768
Northport, WA	99157
Northrop, MN	56075
Northumberland, PA	17857
Northvale, NJ	07647
Northville, NY	12134
Northville, SD	57465
Northway, AK	99764
Northwood, IA	50459
Northwood, ND	58267
Northwood, NH	03261
Northwood, OH	43619
Norton, KS	67654
Norton, MA	02766
Norton, TX	76865
Norton, VA	24273
Norton, VT	05907
Norton, WV	26285
Nortonville, KS	66060
Nortonville, KY	42442
Norvell, MI	49263
Norvelt, PA	15674
Norwalk, IA	50211
Norwalk, OH	44857
Norwalk, WI	54648
Norway, IA	52318
Norway, KS	66961
Norway, ME	04268
Norway, MI	49870
Norway, SC	29113
Norwell, MA	02061
Norwich, CT	06360
Norwich, KS	67118
Norwich, ND	58768
Norwich, NY	13815
Norwich, OH	43767
Norwich, VT	05055
Norwood Young America, MN	55368
Norwood, CO	81423
Norwood, GA	30821
Norwood, LA	70761
Norwood, MA	02062
Norwood, MO	65717
Norwood, NC	28128
Norwood, NJ	07648
Norwood, NY	13668
Norwood, PA	19074
Norwood, VA	24581
Notasulga, AL	36866
Noti, OR	97461
Notre Dame, IN	46556
Notrees, TX	79759
Nottawa, MI	49075
Nottingham, MD	21236
Nottingham, NH	03290
Nottingham, PA	19362
Nottoway, VA	23955
Notus, ID	83656
Nova, OH	44859
Novelty, MO	63460
Novice, TX	79538
Novinger, MO	63559
Nowata, OK	74048
Noxapater, MS	39346
Noxen, PA	18636
Noxon, MT	59853
Noyes, MN	56740
Nu Mine, PA	16244
Nubieber, CA	96068
Nucla, CO	81424
Nuevo, CA	92567
Nuiqsut, AK	99789
Nulato, AK	99765
Numidia, PA	17858
Nunam Iqua, AK	99666
Nunapitchuk, AK	99641
Nunda, NY	14517
Nunda, SD	57050
Nunez, GA	30448
Nunica, MI	49448
Nunn, CO	80648
Nunnelly, TN	37137
Nuremberg, PA	18241
Nursery, TX	77976
Nutley, NJ	07110
Nutrioso, AZ	85932
Nutting Lake, MA	01865
Nuttsville, VA	22528
Nyack, NY	10960
Nye, MT	59061
Nyssa, OR	97913
O Brien, FL	32071
O Brien, OR	97534
O Brien, TX	79539
O Fallon, IL	62269
O Kean, AR	72449
O Neals, CA	93645
Oacoma, SD	57365
Oak Bluffs, MA	02557
Oak Brook, IL	60523
Oak City, NC	27857
Oak City, UT	84649
Oak Creek, CO	80467
Oak Creek, WI	53154
Oak Forest, IL	60452
Oak Grove, AR	72660
Oak Grove, KY	42262
Oak Grove, LA	71263
Oak Grove, MO	64075
Oak Harbor, OH	43449
Oak Hill, AL	36766
Oak Hill, FL	32759
Oak Hill, NY	12460
Oak Hill, OH	45656
Oak Hill, WV	25901
Oak Island, MN	56741
Oak Island, NC	28465
Oak Park, CA	91377
Oak Park, MI	48237
Oak Park, MN	56357
Oak Ridge, LA	71264
Oak Ridge, MO	63769
Oak Ridge, NC	27310
Oak Ridge, NJ	07438
Oak Ridge, PA	16245
Oak Run, CA	96069
Oak Vale, MS	39656
Oak View, CA	93022
Oak, NE	68964
Oakboro, NC	28129
Oakdale, CA	95361
Oakdale, CT	06370
Oakdale, IA	52319
Oakdale, IL	62268
Oakdale, LA	71463
Oakdale, NE	68761
Oakdale, NY	11769
Oakdale, PA	15071
Oakdale, TN	37829
Oakdale, WI	54649
Oakes, ND	58474
Oakesdale, WA	99158
Oakfield, GA	31772
Oakfield, ME	04763
Oakfield, NY	14125
Oakfield, TN	38362
Oakfield, WI	53065
Oakford, IL	62673
Oakford, IN	46965
Oakham, MA	01068
Oakhurst, CA	93644
Oakhurst, NJ	07755
Oakhurst, OK	74050
Oakhurst, TX	77359
Oakland City, IN	47660
Oakland Gardens, NY	11364
Oakland Mills, PA	17076
Oakland, AR	72661
Oakland, FL	34760
Oakland, IA	51560
Oakland, IL	61943
Oakland, KY	42159
Oakland, MD	21550
Oakland, ME	04963
Oakland, MI	48363
Oakland, MS	38948
Oakland, NE	68045
Oakland, NJ	07436
Oakland, OR	97462
Oakland, RI	02858
Oakland, TN	38060
Oakland, TX	78951
Oakley, CA	94561
Oakley, ID	83346
Oakley, KS	67748
Oakley, MI	48649
Oakley, UT	84055
Oaklyn, NJ	08107
Oakman, AL	35579
Oakman, GA	30732
Oakmont, PA	15139
Oakpark, VA	22730
Oakridge, OR	97463
Oaks Corners, NY	14518
Oaks, OK	74359
Oaks, PA	19456
Oakton, VA	22124
Oaktown, IN	47561
Oakville, CA	94562
Oakville, CT	06779
Oakville, IA	52646
Oakville, IN	47367
Oakville, TX	78060
Oakville, WA	98568
Oakwood, GA	30566
Oakwood, IL	61858
Oakwood, OH	45873
Oakwood, OK	73658
Oakwood, TX	75855
Oakwood, VA	24631
Oark, AR	72852
Oatman, AZ	86433
Oberlin, KS	67749
Oberlin, LA	70655
Oberlin, OH	44074
Obernburg, NY	12767
Oberon, ND	58357
Obion, TN	38240
Oblong, IL	62449
Obrien, CA	96070
Ocate, NM	87734
Occidental, CA	95465
Occoquan, VA	22125
Ocean Beach, NY	11770
Ocean Bluff, MA	02065
Ocean City, NJ	08226
Ocean Gate, NJ	08740
Ocean Grove, NJ	07756
Ocean Isle Beach, NC	28469
Ocean Park, ME	04063
Ocean Park, WA	98640
Ocean Shores, WA	98569
Ocean View, DE	19970
Ocean View, HI	96737
Ocean View, NJ	08230
Oceana, WV	24870
Oceanport, NJ	07757
Oceanside, NY	11572
Oceanside, OR	97134
Oceanville, NJ	08231
Oceola, OH	44860
Ochelata, OK	74051
Ocheyedan, IA	51354
Ochlocknee, GA	31773
Ochopee, FL	34141
Ocilla, GA	31774
Ocoee, FL	34761
Ocoee, TN	37361
Oconee, GA	31067
Oconee, IL	62553
Oconomowoc, WI	53066
Oconto Falls, WI	54154
Oconto, NE	68860
Oconto, WI	54153
Ocotillo, CA	92259
Ocracoke, NC	27960
Odanah, WI	54861
Odd, WV	25902
Odebolt, IA	51458
Odell, IL	60460
Odell, NE	68415
Odell, OR	97044
Odell, TX	79247
Odem, TX	78370
Oden, MI	49764
Odenton, MD	21113
Odenville, AL	35120
Odessa, DE	19730
Odessa, FL	33556
Odessa, MN	56276
Odessa, MO	64076
Odessa, NE	68861
Odessa, NY	14869
Odessa, WA	99159
Odin, IL	62870
Odin, MN	56160
Odon, IN	47562
Odonnell, TX	79351
Odum, GA	31555
Oelrichs, SD	57763
Oelwein, IA	50662
Offerle, KS	67563
Offerman, GA	31556
Offutt AFB, NE	68113
Ogallah, KS	67656
Ogallala, NE	69153
Ogden, AR	71853
Ogden, IA	50212
Ogden, IL	61859
Ogden, KS	66517
Ogdensburg, NJ	07439
Ogdensburg, NY	13669
Ogdensburg, WI	54962
Ogema, MN	56569
Ogema, WI	54459
Ogilvie, MN	56358
Oglala, SD	57764
Oglesby, IL	61348
Oglesby, TX	76561
Oglethorpe, GA	31068
Ogunquit, ME	03907
Ohatchee, AL	36271
Ohio City, CO	81237
Ohio City, OH	45874
Ohio, IL	61349
Ohiopyle, PA	15470
Ohiowa, NE	68416
Ohkay Owingeh, NM	87566
Ohlman, IL	62076
Oil City, LA	71061
Oil City, PA	16301
Oil Springs, KY	41238
Oil Trough, AR	72564
Oilmont, MT	59466
Oilton, OK	74052
Oilton, TX	78371
Oilville, VA	23129
Ojibwa, WI	54862
Ojo Caliente, NM	87549
Ojo Feliz, NM	87735
Okabena, MN	56161
Okahumpka, FL	34762
Okanogan, WA	98840
Okarche, OK	73762
Okatie, SC	29909
Okaton, SD	57562
Okauchee, WI	53069
Okawville, IL	62271
Okay, OK	74446
Okeana, OH	45053
Okeene, OK	73763
Okemah, OK	74859
Oketo, KS	66518
Oklaunion, TX	76373
Oklee, MN	56742
Okmulgee, OK	74447
Okoboji, IA	51355
Okolona, AR	71962
Okolona, MS	38860
Okolona, OH	43550
Okreek, SD	57563
Oktaha, OK	74450
Ola, AR	72853
Ola, ID	83657
Olalla, WA	98359
Olamon, ME	04467
Olancha, CA	93549
Olanta, PA	16863
Olanta, SC	29114
Olar, SC	29843
Olathe, CO	81425
Olaton, KY	42361
Olcott, NY	14126
Old Appleton, MO	63770
Old Bethpage, NY	11804
Old Bridge, NJ	08857
Old Chatham, NY	12136
Old Fields, WV	26845
Old Forge, NY	13420
Old Forge, PA	18518
Old Fort, NC	28762
Old Fort, OH	44861
Old Fort, TN	37362
Old Glory, TX	79540
Old Greenwich, CT	06870
Old Harbor, AK	99643
Old Hickory, TN	37138
Old Lyme, CT	06371
Old Mission, MI	49673
Old Monroe, MO	63369
Old Mystic, CT	06372
Old Ocean, TX	77463
Old Orchard Beach, ME	04064
Old Saybrook, CT	06475
Old Station, CA	96071
Old Town, FL	32680
Old Town, ME	04468
Old Washington, OH	43768
Old Westbury, NY	11568
Old Zionsville, PA	18068
Olden, TX	76466
Oldenburg, IN	47036
Oldfield, MO	65720
Oldham, SD	57051
Oldhams, VA	22529
Olds, IA	52647
Oldsmar, FL	34677
Oldtown, ID	83822
Oldtown, MD	21555
Oldwick, NJ	08858
Olean, MO	65064
Olean, NY	14760
Olema, CA	94950
Oley, PA	19547
Olga, WA	98279
Olin, IA	52320
Olin, NC	28660
Olive Branch, IL	62969
Olive Branch, MS	38654
Olive Hill, KY	41164
Olive, MT	59343
Olivebridge, NY	12461
Oliveburg, PA	15764
Olivehill, TN	38475
Olivehurst, CA	95961
Oliver Springs, TN	37840
Oliver, GA	30449
Oliver, PA	15472
Olivet, MI	49076
Olivet, SD	57052
Olivia, MN	56277
Olivia, NC	28368
Olla, LA	71465
Ollie, IA	52576
Olmito, TX	78575
Olmitz, KS	67564
Olmstead, KY	42265
Olmsted Falls, OH	44138
Olmsted, IL	62970
Olmstedville, NY	12857
Olney Springs, CO	81062
Olney, IL	62450
Olney, MO	63370
Olney, MT	59927
Olney, TX	76374
Olpe, KS	66865
Olsburg, KS	66520
Olton, TX	79064
Olustee, FL	32072
Olustee, OK	73560
Olympia Fields, IL	60461
Olympia, KY	40358
Olympic Valley, CA	96146
Omaha, AR	72662
Omaha, GA	31821
Omaha, IL	62871
Omaha, TX	75571
Omak, WA	98841
Omar, WV	25638
Omega, GA	31775
Omega, OK	73764
Omena, MI	49674
Omer, MI	48749
Omro, WI	54963
Ona, FL	33865
Ona, WV	25545
Onaga, KS	66521
Onaka, SD	57466
Onalaska, TX	77360
Onalaska, WA	98570
Onalaska, WI	54650
Onamia, MN	56359
Onancock, VA	23417
Onarga, IL	60955
Onawa, IA	51040
Onaway, MI	49765
Oneco, CT	06373
Oneco, FL	34264
Onego, WV	26886
Oneida, AR	72369
Oneida, IL	61467
Oneida, KS	66522
Oneida, KY	40972
Oneida, NY	13421
Oneida, PA	18242
Oneida, TN	37841
Oneida, WI	54155
Oneill, NE	68763
Onekama, MI	49675
Onemo, VA	23130
Oneonta, AL	35121
Oneonta, NY	13820
Ong, NE	68452
Onia, AR	72663
Onida, SD	57564
Onley, VA	23418
Only, TN	37140
Ono, PA	17077
Onondaga, MI	49264
Onset, MA	02558
Onslow, IA	52321
Onsted, MI	49265
Ontario Center, NY	14520
Ontario, NY	14519
Ontario, OH	44862
Ontario, OR	97914
Ontario, WI	54651
Ontonagon, MI	49953
Onward, IN	46967
Onyx, CA	93255
Ookala, HI	96774
Oolitic, IN	47451
Oologah, OK	74053
Ooltewah, TN	37363
Oostburg, WI	53070
Opal, WY	83124
Opdyke, IL	62872
Opheim, MT	59250
Ophelia, VA	22530
Ophiem, IL	61468
Ophir, CO	81426
Ophir, KY	41459
Ophir, OR	97464
Opolis, KS	66760
Opp, AL	36467
Oquawka, IL	61469
Oquossoc, ME	04964
Ora, IN	46968
Oracle, AZ	85623
Oradell, NJ	07649
Oral, SD	57766
Oran, IA	50664
Oran, MO	63771
Orange Beach, AL	36561
Orange City, IA	51041
Orange Cove, CA	93646
Orange Grove, TX	78372
Orange Lake, FL	32681
Orange Springs, FL	32182
Orange, CT	06477
Orange, MA	01364
Orange, VA	22960
Orangeburg, NY	10962
Orangefield, TX	77639
Orangevale, CA	95662
Orangeville, IL	61060
Orangeville, OH	44453
Orangeville, PA	17859
Orangeville, UT	84537
Oraville, IL	62971
Orbisonia, PA	17243
Orcas, WA	98280
Orchard Hill, GA	30266
Orchard Park, NY	14127
Orchard, CO	80649
Orchard, IA	50460
Orchard, NE	68764
Orchard, TX	77464
Ord, NE	68862
Orderville, UT	84758
Ordinary, VA	23131
Ore City, TX	75683
Oreana, IL	62554
Orefield, PA	18069
Oregon City, OR	97045
Oregon House, CA	95962
Oregon, IL	61061
Oregon, MO	64473
Oregon, WI	53575
Oregonia, OH	45054
Oreland, PA	19075
Orestes, IN	46063
Orford, NH	03777
Orfordville, WI	53576
Organ, NM	88052
Orgas, WV	25148
Orick, CA	95555
Orient, IA	50858
Orient, IL	62874
Orient, ME	04471
Orient, NY	11957
Orient, OH	43146
Orient, SD	57467
Orient, WA	99160
Oriental, NC	28571
Orinda, CA	94563
Orion, IL	61273
Oriska, ND	58063
Oriskany Falls, NY	13425
Oriskany, NY	13424
Oriskany, VA	24130
Orkney Springs, VA	22845
Orla, TX	79770
Orland, CA	95963
Orland, IN	46776
Orland, ME	04472
Orlando, KY	40460
Orlando, OK	73073
Orlando, WV	26412
Orlean, VA	20128
Orleans, CA	95556
Orleans, IN	47452
Orleans, MA	02653
Orleans, MI	48865
Orleans, NE	68966
Orleans, VT	05860
Orlinda, TN	37141
Orma, WV	25268
Ormsby, MN	56162
Oro Grande, CA	92368
Orofino, ID	83544
Orogrande, NM	88342
Orondo, WA	98843
Oronoco, MN	55960
Oronogo, MO	64855
Orosi, CA	93647
Orovada, NV	89425
Oroville, WA	98844
Orr, MN	55771
Orrick, MO	64077
Orrington, ME	04474
Orrs Island, ME	04066
Orrstown, PA	17244
Orrtanna, PA	17353
Orrum, NC	28369
Orrville, AL	36767
Orrville, OH	44667
Orson, PA	18449
Orting, WA	98360
Ortley, SD	57256
Ortonville, MI	48462
Ortonville, MN	56278
Orviston, PA	16864
Orwell, NY	13426
Orwell, OH	44076
Orwell, VT	05760
Orwigsburg, PA	17961
Osage Beach, MO	65065
Osage City, KS	66523
Osage, IA	50461
Osage, MN	56570
Osage, OK	74054
Osage, WV	26543
Osage, WY	82723
Osakis, MN	56360
Osawatomie, KS	66064
Osborn, MO	64474
Osborne, KS	67473
Osburn, ID	83849
Oscar, LA	70762
Oscar, OK	73561
Osceola Mills, PA	16666
Osceola, AR	72370
Osceola, IA	50213
Osceola, IN	46561
Osceola, NE	68651
Osceola, PA	16942
Osceola, WI	54020
Osco, IL	61274
Oscoda, MI	48750
Osgood, IN	47037
Osgood, OH	45351
Oshtemo, MI	49077
Oskaloosa, IA	52577
Oskaloosa, KS	66066
Oslo, MN	56744
Osmond, NE	68765
Osnabrock, ND	58269
Osprey, FL	34229
Osseo, MI	49266
Osseo, WI	54758
Ossian, IA	52161
Ossian, IN	46777
Ossineke, MI	49766
Ossining, NY	10562
Ossipee, NH	03864
Osteen, FL	32764
Osterburg, PA	16667
Osterville, MA	02655
Ostrander, MN	55961
Ostrander, OH	43061
Oswegatchie, NY	13670
Oswego, IL	60543
Oswego, KS	67356
Oswego, NY	13126
Osyka, MS	39657
Otego, NY	13825
Othello, WA	99344
Otho, IA	50569
Otis Orchards, WA	99027
Otis, CO	80743
Otis, KS	67565
Otis, LA	71466
Otis, MA	01253
Otis, OR	97368
Otisco, IN	47163
Otisville, MI	48463
Otisville, NY	10963
Otley, IA	50214
Oto, IA	51044
Otoe, NE	68417
Otsego, MI	49078
Ottawa Lake, MI	49267
Ottawa, IL	61350
Ottawa, KS	66067
Ottawa, OH	45875
Ottawa, WV	25149
Otter Creek, FL	32683
Otter Lake, MI	48464
Otter Rock, OR	97369
Otter, MT	59062
Otterbein, IN	47970
Ottertail, MN	56571
Otterville, MO	65348
Ottine, TX	78658
Otto, NC	28763
Otto, NY	14766
Otto, WY	82434
Ottosen, IA	50570
Ottoville, OH	45876
Ottsville, PA	18942
Ottumwa, IA	52501
Otway, OH	45657
Otwell, IN	47564
Ouaquaga, NY	13826
Ouray, CO	81427
Outing, MN	56662
Outlook, MT	59252
Outlook, WA	98938
Ouzinkie, AK	99644
Ovalo, TX	79541
Ovando, MT	59854
Overbrook, KS	66524
Overbrook, OK	73453
Overgaard, AZ	85933
Overpeck, OH	45055
Overton, NE	68863
Overton, NV	89040
Overton, TX	75684
Ovett, MS	39464
Ovid, CO	80744
Ovid, MI	48866
Ovid, NY	14521
Owaneco, IL	62555
Owanka, SD	57767
Owasso, OK	74055
Owatonna, MN	55060
Owego, NY	13827
Owen, WI	54460
Owendale, MI	48754
Owens Cross Roads, AL	35763
Owensburg, IN	47453
Owensville, IN	47665
Owensville, MO	65066
Owensville, OH	45160
Owenton, KY	40359
Owings Mills, MD	21117
Owings, MD	20736
Owingsville, KY	40360
Owls Head, ME	04854
Owls Head, NY	12969
Owosso, MI	48867
Owyhee, NV	89832
Oxbow, ME	04764
Oxbow, OR	97840
Oxford Junction, IA	52323
Oxford, AL	36203
Oxford, AR	72565
Oxford, CT	06478
Oxford, FL	34484
Oxford, GA	30054
Oxford, IA	52322
Oxford, IN	47971
Oxford, KS	67119
Oxford, MA	01540
Oxford, MD	21654
Oxford, ME	04270
Oxford, MS	38655
Oxford, NC	27565
Oxford, NE	68967
Oxford, NJ	07863
Oxford, NY	13830
Oxford, OH	45056
Oxford, PA	19363
Oxford, WI	53952
Oxly, MO	63955
Oyens, IA	51045
Oyster Bay, NY	11771
Oyster, VA	23419
Oysterville, WA	98641
Ozan, AR	71855
Ozark, AR	72949
Ozark, IL	62972
Ozark, MO	65721
Ozawkie, KS	66070
Ozona, FL	34660
Ozona, TX	76943
Ozone, AR	72854
Paauilo, HI	96776
Pablo, MT	59855
Pace, MS	38764
Pachuta, MS	39347
Pacific Beach, WA	98571
Pacific City, OR	97135
Pacific Grove, CA	93950
Pacific Junction, IA	51561
Pacific Palisades, CA	90272
Pacific, MO	63069
Pacific, WA	98047
Pacifica, CA	94044
Packwaukee, WI	53953
Packwood, IA	52580
Packwood, WA	98361
Pacolet Mills, SC	29373
Pacolet, SC	29372
Paden City, WV	26159
Paden, OK	74860
Padroni, CO	80745
Paducah, TX	79248
Paeonian Springs, VA	20129
Page, AZ	86040
Page, ND	58064
Page, NE	68766
Page, WV	25152
Pageland, SC	29728
Pageton, WV	24871
Paguate, NM	87040
Pahala, HI	96777
Pahoa, HI	96778
Pahokee, FL	33476
Paia, HI	96779
Paicines, CA	95043
Paige, TX	78659
Paincourtville, LA	70391
Painesdale, MI	49955
Painesville, OH	44077
Paint Bank, VA	24131
Paint Lick, KY	40461
Paint Rock, AL	35764
Paint Rock, TX	76866
Painted Post, NY	14870
Painter, VA	23420
Paintsville, KY	41240
Paisley, FL	32767
Paisley, OR	97636
Pala, CA	92059
Palacios, TX	77465
Palatine Bridge, NY	13428
Palco, KS	67657
Palenville, NY	12463
Palermo, CA	95968
Palermo, ME	04354
Palermo, ND	58769
Palestine, AR	72372
Palestine, IL	62451
Palestine, OH	45352
Palestine, WV	26160
Palisade, CO	81526
Palisade, MN	56469
Palisade, NE	69040
Palisades Park, NJ	07650
Palisades, NY	10964
Palisades, WA	98845
Pall Mall, TN	38577
Palm Beach, FL	33480
Palm, PA	18070
Palmdale, FL	33944
Palmer Lake, CO	80133
Palmer, AK	99645
Palmer, IA	50571
Palmer, IL	62556
Palmer, KS	66962
Palmer, MA	01069
Palmer, MI	49871
Palmer, NE	68864
Palmer, TN	37365
Palmer, TX	75152
Palmerdale, AL	35123
Palmersville, TN	38241
Palmerton, PA	18071
Palmetto, GA	30268
Palmetto, LA	71358
Palms, MI	48465
Palmyra, IL	62674
Palmyra, IN	47164
Palmyra, ME	04965
Palmyra, MI	49268
Palmyra, MO	63461
Palmyra, NE	68418
Palmyra, NJ	08065
Palmyra, NY	14522
Palmyra, PA	17078
Palmyra, TN	37142
Palmyra, VA	22963
Palmyra, WI	53156
Palo Cedro, CA	96073
Palo Pinto, TX	76484
Palo Verde, AZ	85343
Palo Verde, CA	92266
Palo, IA	52324
Palo, MI	48870
Paloma, IL	62359
Palomar Mountain, CA	92060
Palos Heights, IL	60463
Palos Hills, IL	60465
Palos Park, IL	60464
Palos Verdes Peninsula, CA	90274
Palouse, WA	99161
Paluxy, TX	76467
Pamplico, SC	29583
Pamplin, VA	23958
Pana, IL	62557
Panaca, NV	89042
Panacea, FL	32346
Panama, IA	51562
Panama, IL	62077
Panama, NE	68419
Panama, NY	14767
Panama, OK	74951
Pandora, OH	45877
Pandora, TX	78143
Pangburn, AR	72121
Panguitch, UT	84759
Panhandle, TX	79068
Panna Maria, TX	78144
Panola, AL	35477
Panola, OK	74559
Panola, TX	75685
Panora, IA	50216
Pansey, AL	36370
Pantego, NC	27860
Panther Burn, MS	38765
Panther, WV	24872
Paola, KS	66071
Paoli, CO	80746
Paoli, IN	47454
Paoli, OK	73074
Paoli, PA	19301
Paonia, CO	81428
Papaaloa, HI	96780
Papaikou, HI	96781
Papineau, IL	60956
Parachute, CO	81635
Paradis, LA	70080
Paradise Inn, WA	98398
Paradise Valley, AZ	85253
Paradise Valley, NV	89426
Paradise, KS	67658
Paradise, MI	49768
Paradise, MT	59856
Paradise, PA	17562
Paradise, TX	76073
Paradise, UT	84328
Paradox, CO	81429
Paradox, NY	12858
Paragon, IN	46166
Paragonah, UT	84760
Paramount, CA	90723
Parchman, MS	38738
Pardeeville, WI	53954
Paris Crossing, IN	47270
Paris, AR	72855
Paris, ID	83261
Paris, IL	61944
Paris, ME	04271
Paris, MI	49338
Paris, MO	65275
Paris, MS	38949
Paris, OH	44669
Paris, TN	38242
Paris, VA	20130
Parish, NY	13131
Parishville, NY	13672
Park City, KY	42160
Park City, MT	59063
Park Falls, WI	54552
Park Forest, IL	60466
Park Hall, MD	20667
Park Hill, OK	74451
Park Hills, MO	63601
Park Rapids, MN	56470
Park Ridge, IL	60068
Park Ridge, NJ	07656
Park River, ND	58270
Park Valley, UT	84329
Park, KS	67751
Parkdale, AR	71661
Parker City, IN	47368
Parker Dam, CA	92267
Parker Ford, PA	19457
Parker, AZ	85344
Parker, ID	83438
Parker, KS	66072
Parker, PA	16049
Parker, SD	57053
Parker, WA	98939
Parkers Lake, KY	42634
Parkers Prairie, MN	56361
Parkersburg, IA	50665
Parkersburg, IL	62452
Parkesburg, PA	19365
Parkhill, PA	15945
Parkin, AR	72373
Parkman, OH	44080
Parkman, WY	82838
Parks, AR	72950
Parks, AZ	86018
Parks, NE	69041
Parksley, VA	23421
Parkston, SD	57366
Parksville, KY	40464
Parksville, NY	12768
Parksville, SC	29844
Parkton, MD	21120
Parkton, NC	28371
Parkville, MD	21234
Parlier, CA	93648
Parlin, CO	81239
Parlin, NJ	08859
Parma, ID	83660
Parma, MI	49269
Parma, MO	63870
Parmele, NC	27861
Parmelee, SD	57566
Parnell, IA	52325
Parnell, MO	64475
Paron, AR	72122
Parowan, UT	84761
Parris Island, SC	29905
Parrish, AL	35580
Parrish, FL	34219
Parrott, GA	39877
Parrott, VA	24132
Parrottsville, TN	37843
Parryville, PA	18244
Parshall, CO	80468
Parshall, ND	58770
Parsippany, NJ	07054
Parsons, KS	67357
Parsons, TN	38363
Parsons, WV	26287
Parsonsburg, MD	21849
Parsonsfield, ME	04047
Parthenon, AR	72666
Partlow, VA	22534
Partridge, KS	67566
Partridge, KY	40862
Pascoag, RI	02859
Paskenta, CA	96074
Pass Christian, MS	39571
Passadumkeag, ME	04475
Passaic, NJ	07055
Passumpsic, VT	05861
Patagonia, AZ	85624
Pataskala, OH	43062
Patch Grove, WI	53817
Patchogue, NY	11772
Pateros, WA	98846
Paterson, WA	99345
Pathfork, KY	40863
Patoka, IL	62875
Patoka, IN	47666
Paton, IA	50217
Patrick AFB, FL	32925
Patrick Springs, VA	24133
Patrick, SC	29584
Patricksburg, IN	47455
Patriot, IN	47038
Patriot, OH	45658
Patten, ME	04765
Patterson, AR	72123
Patterson, CA	95363
Patterson, GA	31557
Patterson, IA	50218
Patterson, IL	62078
Patterson, LA	70392
Patterson, MO	63956
Patterson, NC	28661
Patterson, NY	12563
Pattersonville, NY	12137
Pattison, MS	39144
Pattison, TX	77466
Patton, CA	92369
Patton, MO	63662
Patton, PA	16668
Pattonsburg, MO	64670
Pattonville, TX	75468
Patuxent River, MD	20670
Paul Smiths, NY	12970
Paul, ID	83347
Paulden, AZ	86334
Paulding, MS	39348
Paulding, OH	45879
Paulina, LA	70763
Paulina, OR	97751
Pauline, SC	29374
Paullina, IA	51046
Pauls Valley, OK	73075
Paulsboro, NJ	08066
Pauma Valley, CA	92061
Paupack, PA	18451
Pavilion, NY	14525
Pavillion, WY	82523
Pavo, GA	31778
Paw Creek, NC	28130
Paw Paw, IL	61353
Paw Paw, MI	49079
Paw Paw, WV	25434
Pawcatuck, CT	06379
Pawhuska, OK	74056
Pawlet, VT	05761
Pawleys Island, SC	29585
Pawling, NY	12564
Pawnee City, NE	68420
Pawnee Rock, KS	67567
Pawnee, IL	62558
Pawnee, OK	74058
Pawnee, TX	78145
Pax, WV	25904
Paxico, KS	66526
Paxinos, PA	17860
Paxton, FL	32538
Paxton, IL	60957
Paxton, IN	47865
Paxton, MA	01612
Paxton, NE	69155
Paxtonville, PA	17861
Payette, ID	83661
Payne, OH	45880
Paynes Creek, CA	96075
Paynesville, MN	56362
Paynesville, WV	24873
Payneville, KY	40157
Payson, IL	62360
Payson, UT	84651
Pe Ell, WA	98572
Pea Ridge, AR	72751
Peabody, KS	66866
Peace Dale, RI	02883
Peace Valley, MO	65788
Peach Bottom, PA	17563
Peach Creek, WV	25639
Peach Glen, PA	17375
Peach Orchard, AR	72453
Peach Springs, AZ	86434
Peacham, VT	05862
Peachland, NC	28133
Peachtree Corners, GA	30092
Peak, SC	29122
Peaks Island, ME	04108
Peapack, NJ	07977
Pearblossom, CA	93553
Pearce, AZ	85625
Pearcy, AR	71964
Pearisburg, VA	24134
Pearl City, HI	96782
Pearl City, IL	61062
Pearl River, LA	70452
Pearl River, NY	10965
Pearl, IL	62361
Pearlington, MS	39572
Pearsall, TX	78061
Pearson, GA	31642
Pearson, WI	54462
Pease, MN	56363
Peaster, TX	76485
Pebble Beach, CA	93953
Pecan Gap, TX	75469
Pecatonica, IL	61063
Peck, ID	83545
Peck, KS	67120
Peck, MI	48466
Pecks Mill, WV	25547
Peckville, PA	18452
Peconic, NY	11958
Pecos, NM	87552
Pecos, TX	79772
Peculiar, MO	64078
Pedricktown, NJ	08067
Pedro Bay, AK	99647
Pedro, OH	45659
Peebles, OH	45660
Peekskill, NY	10566
Peel, AR	72668
Peerless, MT	59253
Peetz, CO	80747
Peever, SD	57257
Peggs, OK	74452
Peggy, TX	78062
Pegram, TN	37143
Pekin, IN	47165
Pekin, ND	58361
Pelahatchie, MS	39145
Pelham, AL	35124
Pelham, GA	31779
Pelham, NC	27311
Pelham, NH	03076
Pelham, NY	10803
Pelham, TN	37366
Pelican Lake, WI	54463
Pelican Rapids, MN	56572
Pelican, AK	99832
Pelican, LA	71063
Pelion, SC	29123
Pelkie, MI	49958
Pell Lake, WI	53157
Pella, IA	50219
Pellston, MI	49769
Pelsor, AR	72856
Pelzer, SC	29669
Pemaquid, ME	04558
Pemberton, MN	56078
Pemberton, NJ	08068
Pemberton, OH	45353
Pemberville, OH	43450
Pembina, ND	58271
Pembine, WI	54156
Pembroke Township, IL	60958
Pembroke, GA	31321
Pembroke, KY	42266
Pembroke, MA	02359
Pembroke, ME	04666
Pembroke, NC	28372
Pembroke, VA	24136
Pen Argyl, PA	18072
Pena Blanca, NM	87041
Penasco, NM	87553
Pence Springs, WV	24962
Pencil Bluff, AR	71965
Pender, NE	68047
Pendergrass, GA	30567
Pendleton, IN	46064
Pendleton, KY	40055
Pendleton, NC	27862
Pendleton, OR	97801
Pendleton, SC	29670
Pendleton, TX	76564
Pendroy, MT	59467
Penelope, TX	76676
Penfield, IL	61862
Penfield, NY	14526
Penfield, PA	15849
Pengilly, MN	55775
Penhook, VA	24137
Peninsula, OH	44264
Penitas, TX	78576
Penland, NC	28765
Penn Laird, VA	22846
Penn Run, PA	15765
Penn Valley, CA	95946
Penn Yan, NY	14527
Penn, ND	58362
Penn, PA	15675
Pennellville, NY	13132
Penney Farms, FL	32079
Penngrove, CA	94951
Pennington Gap, VA	24277
Pennington, AL	36916
Pennington, MN	56663
Pennington, NJ	08534
Pennington, TX	75856
Pennock, MN	56279
Penns Creek, PA	17862
Penns Grove, NJ	08069
Penns Park, PA	18943
Pennsauken, NJ	08110
Pennsboro, WV	26415
Pennsburg, PA	18073
Pennsville, NJ	08070
Pennsylvania Furnace, PA	16865
Pennville, IN	47369
Penobscot, ME	04476
Penokee, KS	67659
Penrose, CO	81240
Penrose, NC	28766
Penryn, CA	95663
Penryn, PA	17564
Pentress, WV	26544
Pentwater, MI	49449
Penwell, TX	79776
Peoa, UT	84061
Peoria Heights, IL	61616
Peosta, IA	52068
Peotone, IL	60468
Pep, NM	88126
Pep, TX	79353
Pepeekeo, HI	96783
Pepin, WI	54759
Pepperell, MA	01463
Pequabuck, CT	06781
Pequannock, NJ	07440
Pequea, PA	17565
Pequot Lakes, MN	56472
Peralta, NM	87042
Percival, IA	51648
Percy, IL	62272
Perdido, AL	36562
Perdue Hill, AL	36470
Perham, ME	04766
Perham, MN	56573
Peridot, AZ	85542
Perkasie, PA	18944
Perkins, GA	30822
Perkins, MI	49872
Perkins, MO	63774
Perkins, OK	74059
Perkinston, MS	39573
Perkinsville, NY	14529
Perkinsville, VT	05151
Perkiomenville, PA	18074
Perks, IL	62973
Perley, MN	56574
Perote, AL	36061
Perrin, TX	76486
Perrinton, MI	48871
Perronville, MI	49873
Perry Hall, MD	21128
Perry Park, KY	40363
Perry Point, MD	21902
Perry, AR	72125
Perry, GA	31069
Perry, IA	50220
Perry, IL	62362
Perry, KS	66073
Perry, LA	70575
Perry, ME	04667
Perry, MI	48872
Perry, MO	63462
Perry, NY	14530
Perry, OH	44081
Perry, OK	73077
Perryman, MD	21130
Perryopolis, PA	15473
Perrysburg, NY	14129
Perrysville, IN	47974
Perrysville, OH	44864
Perryton, TX	79070
Perryville, AK	99648
Perryville, AR	72126
Perryville, KY	40468
Perryville, MD	21903
Perryville, MO	63775
Pershing, IN	47370
Persia, IA	51563
Perth, ND	58363
Peru, IA	50222
Peru, IL	61354
Peru, IN	46970
Peru, KS	67360
Peru, ME	04290
Peru, NE	68421
Peru, NY	12972
Peru, VT	05152
Pescadero, CA	94060
Peshastin, WA	98847
Peshtigo, WI	54157
Pesotum, IL	61863
Petaca, NM	87554
Petal, MS	39465
Peterboro, NY	13134
Peterborough, NH	03458
Peterman, AL	36471
Petersburg, AK	99833
Petersburg, IL	62675
Petersburg, IN	47567
Petersburg, KY	41080
Petersburg, MI	49270
Petersburg, ND	58272
Petersburg, NE	68652
Petersburg, NY	12138
Petersburg, OH	44454
Petersburg, PA	16669
Petersburg, TN	37144
Petersburg, TX	79250
Petersburg, WV	26847
Petersham, MA	01366
Peterson, AL	35478
Peterson, IA	51047
Peterson, MN	55962
Peterstown, WV	24963
Petoskey, MI	49770
Petrey, AL	36062
Petrified Forest Natl Pk, AZ	86028
Petroleum, IN	46778
Petroleum, WV	26161
Petrolia, CA	95558
Petrolia, PA	16050
Petrolia, TX	76377
Petros, TN	37845
Pettibone, ND	58475
Pettigrew, AR	72752
Pettisville, OH	43553
Pettus, TX	78146
Petty, TX	75470
Pevely, MO	63070
Pewamo, MI	48873
Pewaukee, WI	53072
Pewee Valley, KY	40056
Peyton, CO	80831
Peytona, WV	25154
Pfafftown, NC	27040
Pfeifer, KS	67660
Pharr, TX	78577
Pheba, MS	39755
Phelps, KY	41553
Phelps, NY	14532
Phelps, WI	54554
Phenix, VA	23959
Phil Campbell, AL	35581
Philadelphia, MO	63463
Philadelphia, MS	39350
Philadelphia, NY	13673
Philadelphia, TN	37846
Philip, SD	57567
Philipp, MS	38950
Philippi, WV	26416
Philipsburg, MT	59858
Philipsburg, PA	16866
Phillips, ME	04966
Phillips, NE	68865
Phillips, WI	54555
Phillipsburg, KS	67661
Phillipsburg, MO	65722
Phillipsburg, NJ	08865
Phillipsburg, OH	45354
Phillipsport, NY	12769
Phillipsville, CA	95559
Philmont, NY	12565
Philo, CA	95466
Philo, IL	61864
Philo, OH	43771
Philomath, OR	97370
Philomont, VA	20131
Philpot, KY	42366
Phippsburg, CO	80469
Phippsburg, ME	04562
Phlox, WI	54464
Phoenicia, NY	12464
Phoenix, MD	21131
Phoenix, NY	13135
Phoenix, OR	97535
Phoenixville, PA	19460
Phyllis, KY	41554
Piasa, IL	62079
Picabo, ID	83348
Picacho, NM	88343
Picatinny Arsenal, NJ	07806
Picayune, MS	39466
Picher, OK	74360
Pickens, AR	71662
Pickens, MS	39146
Pickens, OK	74752
Pickens, SC	29671
Pickens, WV	26230
Pickerel, WI	54465
Pickering, MO	64476
Pickerington, OH	43147
Pickett, WI	54964
Pickford, MI	49774
Pickrell, NE	68422
Pickstown, SD	57367
Pickton, TX	75471
Pickwick Dam, TN	38365
Picture Rocks, PA	17762
Pie Town, NM	87827
Piedmont, AL	36272
Piedmont, CA	94620
Piedmont, KS	67122
Piedmont, MO	63957
Piedmont, OH	43983
Piedmont, OK	73078
Piedmont, SC	29673
Piedmont, SD	57769
Piedmont, WV	26750
Piedra, CA	93649
Pierce City, MO	65723
Pierce, CO	80650
Pierce, ID	83546
Pierce, NE	68767
Pierce, TX	77467
Piercefield, NY	12973
Pierceton, IN	46562
Pierceville, IN	47039
Pierceville, KS	67868
Piercy, CA	95587
Piermont, NH	03779
Piermont, NY	10968
Pierpont, OH	44082
Pierpont, SD	57468
Pierre Part, LA	70339
Pierre, SD	57501
Pierrepont Manor, NY	13674
Pierron, IL	62273
Pierson, FL	32180
Pierson, IA	51048
Pierson, MI	49339
Pierz, MN	56364
Piffard, NY	14533
Pigeon Falls, WI	54760
Pigeon, MI	48755
Piggott, AR	72454
Pike Road, AL	36064
Pike, NH	03780
Pike, NY	14130
Piketon, OH	45661
Pikeville, NC	27863
Pikeville, TN	37367
Pilger, NE	68768
Pilgrim, KY	41250
Pilgrims Knob, VA	24634
Pillager, MN	56473
Pillow, PA	17080
Pillsbury, ND	58065
Pilot Grove, IA	52648
Pilot Grove, MO	65276
Pilot Hill, CA	95664
Pilot Knob, MO	63663
Pilot Mound, IA	50223
Pilot Mountain, NC	27041
Pilot Point, AK	99649
Pilot Point, TX	76258
Pilot Rock, OR	97868
Pilot Station, AK	99650
Pilot, VA	24138
Pilottown, LA	70081
Pima, AZ	85543
Pimento, IN	47866
Pinch, WV	25156
Pinckard, AL	36371
Pinckney, MI	48169
Pinckneyville, IL	62274
Pinconning, MI	48650
Pindall, AR	72669
Pine Apple, AL	36768
Pine Beach, NJ	08741
Pine Bluffs, WY	82082
Pine Brook, NJ	07058
Pine Bush, NY	12566
Pine City, MN	55063
Pine City, NY	14871
Pine Forge, PA	19548
Pine Grove Mills, PA	16868
Pine Grove, CA	95665
Pine Grove, LA	70453
Pine Grove, PA	17963
Pine Grove, WV	26419
Pine Hall, NC	27042
Pine Hill, AL	36769
Pine Hill, NY	12465
Pine Island, MN	55963
Pine Island, NY	10969
Pine Knot, KY	42635
Pine Lake, GA	30072
Pine Level, AL	36065
Pine Level, NC	27568
Pine Meadow, CT	06061
Pine Mountain Club, CA	93222
Pine Mountain Valley, GA	31823
Pine Mountain, GA	31822
Pine Plains, NY	12567
Pine Prairie, LA	70576
Pine Ridge, KY	41360
Pine Ridge, SD	57770
Pine River, MN	56474
Pine River, WI	54965
Pine Top, KY	41843
Pine Valley, CA	91962
Pine Valley, NY	14872
Pine Valley, UT	84781
Pine Village, IN	47975
Pine, AZ	85544
Pine, CO	80470
Pinebluff, NC	28373
Pinecliffe, CO	80471
Pinedale, AZ	85934
Pinedale, WY	82941
Pinehill, NM	87357
Pinehurst, GA	31070
Pinehurst, ID	83850
Pinehurst, MA	01866
Pinehurst, TX	77362
Pineland, FL	33945
Pineland, SC	29934
Pineland, TX	75968
Pineola, NC	28662
Pinesdale, MT	59841
Pinetop, AZ	85935
Pinetops, NC	27864
Pinetown, NC	27865
Pinetta, FL	32350
Pineview, GA	31071
Pineville, AR	72566
Pineville, KY	40977
Pineville, MO	64856
Pineville, NC	28134
Pineville, PA	18946
Pineville, SC	29468
Pineville, WV	24874
Pinewood, SC	29125
Piney Creek, NC	28663
Piney Fork, OH	43941
Piney Point, MD	20674
Piney River, VA	22964
Piney View, WV	25906
Piney Woods, MS	39148
Pingree, ID	83262
Pingree, ND	58476
Pink Hill, NC	28572
Pinnacle, NC	27043
Pinola, MS	39149
Pinole, CA	94564
Pinon Hills, CA	92372
Pinon, AZ	86510
Pinon, NM	88344
Pinopolis, SC	29469
Pinos Altos, NM	88053
Pinson, AL	35126
Pinson, TN	38366
Pinsonfork, KY	41555
Pinto, MD	21556
Pioche, NV	89043
Pioneer, CA	95666
Pioneer, LA	71266
Pioneer, OH	43554
Pioneer, TN	37847
Pioneertown, CA	92268
Pipe Creek, TX	78063
Piper City, IL	60959
Pipersville, PA	18947
Pipestem, WV	25979
Pipestone, MN	56164
Pippa Passes, KY	41844
Piqua, KS	66761
Piqua, OH	45356
Pirtleville, AZ	85626
Piru, CA	93040
Piseco, NY	12139
Pisek, ND	58273
Pisgah Forest, NC	28768
Pisgah, AL	35765
Pisgah, IA	51564
Pitcairn, PA	15140
Pitcher, NY	13136
Pitkin, CO	81241
Pitkin, LA	70656
Pitman, NJ	08071
Pitman, PA	17964
Pitsburg, OH	45358
Pitts, GA	31072
Pittsboro, IN	46167
Pittsboro, MS	38951
Pittsboro, NC	27312
Pittsburg, CA	94565
Pittsburg, IL	62974
Pittsburg, KS	66762
Pittsburg, KY	40755
Pittsburg, MO	65724
Pittsburg, NH	03592
Pittsburg, OK	74560
Pittsburg, TX	75686
Pittsfield, IL	62363
Pittsfield, ME	04967
Pittsfield, NH	03263
Pittsfield, PA	16340
Pittsfield, VT	05762
Pittsford, MI	49271
Pittsford, NY	14534
Pittsford, VT	05763
Pittstown, NJ	08867
Pittsview, AL	36871
Pittsville, MD	21850
Pittsville, VA	24139
Pittsville, WI	54466
Pixley, CA	93256
Placedo, TX	77977
Placerville, CA	95667
Placerville, CO	81430
Placerville, ID	83666
Placida, FL	33946
Placitas, NM	87043
Plain City, OH	43064
Plain Dealing, LA	71064
Plain, WI	53577
Plainfield, CT	06374
Plainfield, IA	50666
Plainfield, MA	01070
Plainfield, NH	03781
Plainfield, OH	43836
Plainfield, PA	17081
Plainfield, VT	05667
Plainfield, WI	54966
Plains, GA	31780
Plains, KS	67869
Plains, MT	59859
Plains, TX	79355
Plainsboro, NJ	08536
Plainview, AR	72857
Plainview, MN	55964
Plainview, NE	68769
Plainview, NY	11803
Plainville, CT	06062
Plainville, GA	30733
Plainville, IL	62365
Plainville, IN	47568
Plainville, KS	67663
Plainville, MA	02762
Plainville, NY	13137
Plainwell, MI	49080
Plaistow, NH	03865
Planada, CA	95365
Plankinton, SD	57368
Plano, IA	52581
Plano, IL	60545
Plantation, FL	33388
Plantersville, AL	36758
Plantersville, MS	38862
Plantersville, TX	77363
Plantsville, CT	06479
Platina, CA	96076
Platinum, AK	99651
Plato Center, IL	60170
Plato, MN	55370
Plato, MO	65552
Platte Center, NE	68653
Platte City, MO	64079
Platte, SD	57369
Plattekill, NY	12568
Plattenville, LA	70393
Platter, OK	74753
Platteville, CO	80651
Platteville, WI	53818
Plattsburg, MO	64477
Plattsmouth, NE	68048
Plaucheville, LA	71362
Playa Vista, CA	90094
Playas, NM	88009
Plaza, ND	58771
Pleasant City, OH	43772
Pleasant Dale, NE	68423
Pleasant Garden, NC	27313
Pleasant Grove, AL	35127
Pleasant Grove, AR	72567
Pleasant Grove, CA	95668
Pleasant Grove, UT	84062
Pleasant Hall, PA	17246
Pleasant Hill, CA	94523
Pleasant Hill, IA	50327
Pleasant Hill, IL	62366
Pleasant Hill, LA	71065
Pleasant Hill, MO	64080
Pleasant Hill, NC	27866
Pleasant Hill, OH	45359
Pleasant Hill, OR	97455
Pleasant Hill, TN	38578
Pleasant Hope, MO	65725
Pleasant Lake, IN	46779
Pleasant Lake, MI	49272
Pleasant Mills, IN	46780
Pleasant Mount, PA	18453
Pleasant Plain, OH	45162
Pleasant Plains, AR	72568
Pleasant Plains, IL	62677
Pleasant Prairie, WI	53158
Pleasant Ridge, MI	48069
Pleasant Shade, TN	37145
Pleasant Unity, PA	15676
Pleasant Valley, IA	52767
Pleasant Valley, NY	12569
Pleasant Valley, VA	22848
Pleasant View, CO	81331
Pleasant View, TN	37146
Pleasanton, KS	66075
Pleasanton, NE	68866
Pleasanton, TX	78064
Pleasantville, IA	50225
Pleasantville, NJ	08232
Pleasantville, OH	43148
Pleasantville, PA	16341
Pleasureville, KY	40057
Pledger, TX	77468
Plentywood, MT	59254
Plessis, NY	13675
Plevna, KS	67568
Plevna, MO	63464
Plevna, MT	59344
Plover, IA	50573
Plover, WI	54467
Pluckemin, NJ	07978
Plum Branch, SC	29845
Plum City, WI	54761
Plum, TX	78952
Plumerville, AR	72127
Plummer, ID	83851
Plummer, MN	56748
Plummers Landing, KY	41081
Plumsteadville, PA	18949
Plumtree, NC	28664
Plumville, PA	16246
Plush, OR	97637
Plymouth Meeting, PA	19462
Plymouth, CA	95669
Plymouth, CT	06782
Plymouth, FL	32768
Plymouth, IA	50464
Plymouth, IL	62367
Plymouth, IN	46563
Plymouth, ME	04969
Plymouth, MI	48170
Plymouth, NC	27962
Plymouth, NE	68424
Plymouth, NH	03264
Plymouth, NY	13832
Plymouth, OH	44865
Plymouth, PA	18651
Plymouth, UT	84330
Plymouth, VT	05056
Plymouth, WA	99346
Plymouth, WI	53073
Plympton, MA	02367
Poca, WV	25159
Pocahontas, AR	72455
Pocahontas, IA	50574
Pocahontas, IL	62275
Pocahontas, MO	63779
Pocahontas, MS	39072
Pocahontas, TN	38061
Pocahontas, VA	24635
Pocasset, MA	02559
Pocasset, OK	73079
Pocola, OK	74902
Pocomoke City, MD	21851
Pocono Lake Preserve, PA	18348
Pocono Lake, PA	18347
Pocono Manor, PA	18349
Pocono Pines, PA	18350
Pocono Summit, PA	18346
Pocopson, PA	19366
Poestenkill, NY	12140
Point Arena, CA	95468
Point Baker, AK	99927
Point Clear, AL	36564
Point Comfort, TX	77978
Point Harbor, NC	27964
Point Hope, AK	99766
Point Lay, AK	99759
Point Lookout, MO	65726
Point Lookout, NY	11569
Point Marion, PA	15474
Point Mugu Nawc, CA	93042
Point Of Rocks, MD	21777
Point Of Rocks, WY	82942
Point Pleasant Beach, NJ	08742
Point Pleasant, PA	18950
Point Pleasant, WV	25550
Point Reyes Station, CA	94956
Point Roberts, WA	98281
Point Washington, FL	32454
Point, TX	75472
Pointblank, TX	77364
Pointe A La Hache, LA	70082
Pointe Aux Pins, MI	49775
Points, WV	25437
Polacca, AZ	86042
Poland, IN	47868
Poland, ME	04274
Poland, NY	13431
Polaris, MT	59746
Polebridge, MT	59928
Polk City, FL	33868
Polk City, IA	50226
Polk, MO	65727
Polk, NE	68654
Polk, OH	44866
Polk, PA	16342
Polkton, NC	28135
Polkville, NC	28136
Pollard, AR	72456
Pollock Pines, CA	95726
Pollock, ID	83547
Pollock, LA	71467
Pollock, MO	63560
Pollock, SD	57648
Pollocksville, NC	28573
Pollok, TX	75969
Polo, IL	61064
Polo, MO	64671
Polson, MT	59860
Polvadera, NM	87828
Pomaria, SC	29126
Pomerene, AZ	85627
Pomeroy, IA	50575
Pomeroy, OH	45769
Pomeroy, PA	19367
Pomeroy, WA	99347
Pomfret Center, CT	06259
Pomfret, CT	06258
Pomfret, MD	20675
Pomona Park, FL	32181
Pomona, IL	62975
Pomona, KS	66076
Pomona, MO	65789
Pomona, NJ	08240
Pomona, NY	10970
Pompeii, MI	48874
Pompey, NY	13138
Pompeys Pillar, MT	59064
Pompton Lakes, NJ	07442
Pompton Plains, NJ	07444
Ponca, AR	72670
Ponca, NE	68770
Ponce De Leon, FL	32455
Ponce De Leon, MO	65728
Poncha Springs, CO	81242
Ponchatoula, LA	70454
Pond Creek, OK	73766
Pond Eddy, NY	12770
Pond Gap, WV	25160
Ponder, TX	76259
Ponderay, ID	83852
Ponderosa, NM	87044
Ponemah, MN	56666
Poneto, IN	46781
Ponsford, MN	56575
Ponte Vedra, FL	32081
Pontiac, IL	61764
Pontiac, MO	65729
Pontotoc, MS	38863
Pontotoc, TX	76869
Pony, MT	59747
Pool, WV	26684
Poole, KY	42444
Pooler, GA	31322
Poolesville, MD	20837
Poolville, TX	76487
Pope Army Airfield, NC	28308
Pope Valley, CA	94567
Pope, MS	38658
Popejoy, IA	50227
Poplar Branch, NC	27965
Poplar Grove, AR	72374
Poplar Grove, IL	61065
Poplar Ridge, NY	13139
Poplar, MT	59255
Poplar, WI	54864
Poplarville, MS	39470
Poquonock, CT	06064
Poquoson, VA	23662
Porcupine, SD	57772
Port Alexander, AK	99836
Port Allegany, PA	16743
Port Allen, LA	70767
Port Alsworth, AK	99653
Port Aransas, TX	78373
Port Austin, MI	48467
Port Barre, LA	70577
Port Bolivar, TX	77650
Port Byron, IL	61275
Port Byron, NY	13140
Port Carbon, PA	17965
Port Chester, NY	10573
Port Clinton, OH	43452
Port Clinton, PA	19549
Port Clyde, ME	04855
Port Costa, CA	94569
Port Crane, NY	13833
Port Deposit, MD	21904
Port Edwards, WI	54469
Port Elizabeth, NJ	08348
Port Ewen, NY	12466
Port Gamble, WA	98364
Port Gibson, MS	39150
Port Gibson, NY	14537
Port Hadlock, WA	98339
Port Haywood, VA	23138
Port Heiden, AK	99549
Port Henry, NY	12974
Port Hope, MI	48468
Port Hueneme Cbc Base, CA	93043
Port Isabel, TX	78578
Port Jefferson Station, NY	11776
Port Jefferson, NY	11777
Port Jefferson, OH	45360
Port Jervis, NY	12771
Port Kent, NY	12975
Port Lavaca, TX	77979
Port Leyden, NY	13433
Port Lions, AK	99550
Port Ludlow, WA	98365
Port Mansfield, TX	78598
Port Matilda, PA	16870
Port Monmouth, NJ	07758
Port Murray, NJ	07865
Port Neches, TX	77651
Port Norris, NJ	08349
Port O Connor, TX	77982
Port Orford, OR	97465
Port Penn, DE	19731
Port Reading, NJ	07064
Port Republic, MD	20676
Port Republic, NJ	08241
Port Republic, VA	24471
Port Royal, KY	40058
Port Royal, PA	17082
Port Royal, SC	29935
Port Royal, VA	22535
Port Salerno, FL	34992
Port Sanilac, MI	48469
Port Sulphur, LA	70083
Port Tobacco, MD	20677
Port Townsend, WA	98368
Port Trevorton, PA	17864
Port Washington, OH	43837
Port Washington, WI	53074
Port Wentworth, GA	31407
Port William, OH	45164
Port Wing, WI	54865
Portage Des Sioux, MO	63373
Portage, IN	46368
Portage, ME	04768
Portage, OH	43451
Portage, PA	15946
Portage, UT	84331
Portage, WI	53901
Portageville, MO	63873
Portageville, NY	14536
Portal, GA	30450
Portal, ND	58772
Portales, NM	88130
Porter Corners, NY	12859
Porter Ranch, CA	91326
Porter, ME	04068
Porter, MN	56280
Porter, OK	74454
Porter, TX	77365
Porterdale, GA	30070
Porterfield, WI	54159
Porters Falls, WV	26162
Porters Sideling, PA	17354
Portersville, PA	16051
Porterville, MS	39352
Porthill, ID	83853
Portia, AR	72457
Portis, KS	67474
Portland, AR	71663
Portland, CT	06480
Portland, IN	47371
Portland, MI	48875
Portland, MO	65067
Portland, ND	58274
Portland, NY	14769
Portland, OH	45770
Portland, PA	18351
Portland, TN	37148
Portland, TX	78374
Portlandville, NY	13834
Portola Valley, CA	94028
Portola, CA	96122
Portsmouth, IA	51565
Portsmouth, OH	45662
Portsmouth, RI	02871
Portville, NY	14770
Porum, OK	74455
Posen, IL	60469
Posen, MI	49776
Posey, CA	93260
Poseyville, IN	47633
Post Mills, VT	05058
Post, OR	97752
Post, TX	79356
Poston, AZ	85371
Postville, IA	52162
Poteau, OK	74953
Potecasi, NC	27867
Poteet, TX	78065
Poth, TX	78147
Potlatch, ID	83855
Potomac, IL	61865
Potosi, MO	63664
Potosi, WI	53820
Potsdam, OH	45361
Potter Valley, CA	95469
Potter, KS	66077
Potter, NE	69156
Potter, WI	54160
Pottersdale, PA	16871
Pottersville, MO	65790
Pottersville, NJ	07979
Pottersville, NY	12860
Potterville, MI	48876
Potts Camp, MS	38659
Potts Grove, PA	17865
Pottsboro, TX	75076
Pottsville, AR	72858
Pottsville, PA	17901
Pottsville, TX	76565
Potwin, KS	67123
Poughkeepsie, AR	72569
Poughquag, NY	12570
Poulan, GA	31781
Poulsbo, WA	98370
Poultney, VT	05764
Pound Ridge, NY	10576
Pound, VA	24279
Pound, WI	54161
Pounding Mill, VA	24637
Powder River, WY	82648
Powder Springs, GA	30127
Powder Springs, TN	37848
Powderhorn, CO	81243
Powderly, KY	42367
Powderly, TX	75473
Powderville, MT	59345
Powell Butte, OR	97753
Powell, MO	65730
Powell, OH	43065
Powell, TN	37849
Powell, TX	75153
Powell, WY	82435
Powells Point, NC	27966
Powellsville, NC	27967
Powellton, WV	25161
Powellville, MD	21852
Power, MT	59468
Powers Lake, ND	58773
Powers Lake, WI	53159
Powers, MI	49874
Powers, OR	97466
Powersite, MO	65731
Powersville, MO	64672
Powhatan Point, OH	43942
Powhatan, AR	72458
Powhatan, LA	71066
Powhatan, VA	23139
Powhattan, KS	66527
Pownal, ME	04069
Pownal, VT	05261
Poy Sippi, WI	54967
Poyen, AR	72128
Poynette, WI	53955
Poynor, TX	75782
Poyntelle, PA	18454
Prague, NE	68050
Prague, OK	74864
Prairie City, IA	50228
Prairie City, IL	61470
Prairie City, OR	97869
Prairie City, SD	57649
Prairie Creek, IN	47869
Prairie Du Chien, WI	53821
Prairie Du Rocher, IL	62277
Prairie Du Sac, WI	53578
Prairie Farm, WI	54762
Prairie Grove, AR	72753
Prairie Hill, TX	76678
Prairie Home, MO	65068
Prairie Lea, TX	78661
Prairie View, KS	67664
Prairie View, TX	77446
Prairie Village, KS	66208
Prairie, MS	39756
Prairieburg, IA	52219
Prairieton, IN	47870
Prairieville, LA	70769
Prather, CA	93651
Pratt, KS	67124
Pratt, WV	25162
Pratts, VA	22731
Prattsburgh, NY	14873
Prattsville, AR	72129
Prattsville, NY	12468
Pray, MT	59065
Preble, IN	46782
Preble, NY	13141
Preemption, IL	61276
Premier, WV	24878
Premium, KY	41845
Premont, TX	78375
Prentice, WI	54556
Prentiss, MS	39474
Prescott, AR	71857
Prescott, IA	50859
Prescott, KS	66767
Prescott, MI	48756
Prescott, WA	99348
Prescott, WI	54021
Presho, SD	57568
Presidio, TX	79845
Presque Isle, ME	04769
Presque Isle, MI	49777
Presque Isle, WI	54557
Presto, PA	15142
Preston Hollow, NY	12469
Preston Park, PA	18455
Preston, CT	06365
Preston, GA	31824
Preston, IA	52069
Preston, ID	83263
Preston, KY	40366
Preston, MD	21655
Preston, MN	55965
Preston, MO	65732
Preston, MS	39354
Preston, OK	74456
Preston, WA	98050
Prestonsburg, KY	41653
Pretty Prairie, KS	67570
Prewitt, NM	87045
Price, MD	21656
Price, TX	75687
Price, UT	84501
Pricedale, PA	15072
Prichard, WV	25555
Priddy, TX	76870
Pride, LA	70770
Prides Crossing, MA	01965
Priest River, ID	83856
Prim, AR	72130
Primghar, IA	51245
Primm Springs, TN	38476
Primrose, KY	41362
Primrose, NE	68655
Prince Frederick, MD	20678
Prince George, VA	23875
Prince, WV	25907
Princess Anne, MD	21853
Princeton Junction, NJ	08550
Princeton, AL	35766
Princeton, CA	95970
Princeton, IA	52768
Princeton, ID	83857
Princeton, IL	61356
Princeton, IN	47670
Princeton, KS	66078
Princeton, KY	42445
Princeton, LA	71067
Princeton, MA	01541
Princeton, ME	04668
Princeton, MN	55371
Princeton, MO	64673
Princeton, NC	27569
Princeton, OR	97721
Princeton, TX	75407
Princeton, WI	54968
Princeville, HI	96722
Princeville, IL	61559
Princewick, WV	25908
Prineville, OR	97754
Pringle, SD	57773
Prinsburg, MN	56281
Printer, KY	41655
Prior Lake, MN	55372
Pritchett, CO	81064
Proberta, CA	96078
Procious, WV	25164
Proctor, AR	72376
Proctor, MT	59929
Proctor, OK	74457
Proctor, TX	76468
Proctor, VT	05765
Proctor, WV	26055
Proctorsville, VT	05153
Proctorville, NC	28375
Proctorville, OH	45669
Progreso, TX	78579
Prole, IA	50229
Promise City, IA	52583
Prompton, PA	18456
Prophetstown, IL	61277
Prospect Harbor, ME	04669
Prospect Heights, IL	60070
Prospect Hill, NC	27314
Prospect Park, PA	19076
Prospect, CT	06712
Prospect, KY	40059
Prospect, NY	13435
Prospect, OH	43342
Prospect, OR	97536
Prospect, PA	16052
Prospect, TN	38477
Prospect, VA	23960
Prosper, TX	75078
Prosperity, PA	15329
Prosperity, SC	29127
Prosperity, WV	25909
Prosser, WA	99350
Protection, KS	67127
Protem, MO	65733
Protivin, IA	52163
Provencal, LA	71468
Providence Forge, VA	23140
Providence, KY	42450
Providence, NC	27315
Providence, UT	84332
Provincetown, MA	02657
Pruden, TN	37851
Prudence Island, RI	02872
Prudenville, MI	48651
Prudhoe Bay, AK	99734
Prue, OK	74060
Pryor, MT	59066
Puckett, MS	39151
Pueblo Of Acoma, NM	87034
Pukalani, HI	96788
Pukwana, SD	57370
Pulaski, GA	30451
Pulaski, IA	52584
Pulaski, IL	62976
Pulaski, MS	39152
Pulaski, NY	13142
Pulaski, PA	16143
Pulaski, TN	38478
Pulaski, VA	24301
Pulaski, WI	54162
Pullman, MI	49450
Pullman, WV	26421
Pulteney, NY	14874
Pultneyville, NY	14538
Pungoteague, VA	23422
Punxsutawney, PA	15767
Puposky, MN	56667
Purcell, MO	64857
Purcell, OK	73080
Purchase, NY	10577
Purdin, MO	64674
Purdon, TX	76679
Purdum, NE	69157
Purdy, MO	65734
Purdys, NY	10578
Purgitsville, WV	26852
Purlear, NC	28665
Purling, NY	12470
Purmela, TX	76566
Pursglove, WV	26546
Purvis, MS	39475
Puryear, TN	38251
Put In Bay, OH	43456
Putnam Hall, FL	32185
Putnam Station, NY	12861
Putnam Valley, NY	10579
Putnam, CT	06260
Putnam, IL	61560
Putnam, OK	73659
Putnam, TX	76469
Putnamville, IN	46170
Putney, GA	31782
Putney, KY	40865
Putney, VT	05346
Puunene, HI	96784
Puxico, MO	63960
Pyatt, AR	72672
Pylesville, MD	21132
Pyote, TX	79777
Pyrites, NY	13677
Quail, TX	79251
Quakake, PA	18245
Quaker City, OH	43773
Quaker Hill, CT	06375
Quaker Street, NY	12141
Quakertown, NJ	08868
Quakertown, PA	18951
Quanah, TX	79252
Quantico, MD	21856
Quapaw, OK	74363
Quarryville, PA	17566
Quasqueton, IA	52326
Quay, NM	88433
Quebeck, TN	38579
Quechee, VT	05059
Quecreek, PA	15555
Queen Anne, MD	21657
Queen City, MO	63561
Queen City, TX	75572
Queen, PA	16670
Queensbury, NY	12804
Queenstown, MD	21658
Quemado, NM	87829
Quemado, TX	78877
Quenemo, KS	66528
Quentin, PA	17083
Questa, NM	87556
Quicksburg, VA	22847
Quilcene, WA	98376
Quimby, IA	51049
Quinault, WA	98575
Quinby, VA	23423
Quincy, CA	95971
Quincy, IN	47456
Quincy, KY	41166
Quincy, MI	49082
Quincy, MO	65735
Quincy, OH	43343
Quincy, PA	17247
Quincy, WA	98848
Quinebaug, CT	06262
Quinhagak, AK	99655
Quinlan, TX	75474
Quinn, SD	57775
Quinnesec, MI	49876
Quinque, VA	22965
Quinter, KS	67752
Quinton, AL	35130
Quinton, NJ	08072
Quinton, OK	74561
Quinton, VA	23141
Quinwood, WV	25981
Quitaque, TX	79255
Quitman, AR	72131
Quitman, GA	31643
Quitman, LA	71268
Quitman, MS	39355
Quitman, TX	75783
Qulin, MO	63961
Quogue, NY	11959
Rabun Gap, GA	30568
Raccoon, KY	41557
Raceland, LA	70394
Rachel, WV	26587
Racine, MN	55967
Racine, MO	64858
Racine, OH	45771
Racine, WV	25165
Rackerby, CA	95972
Radcliffe, IA	50230
Radersburg, MT	59641
Radiant, VA	22732
Radisson, WI	54867
Radium Springs, NM	88054
Radnor, OH	43066
Radom, IL	62876
Raeford, NC	28376
Ragan, NE	68969
Ragland, AL	35131
Ragland, WV	25690
Ragley, LA	70657
Ragsdale, IN	47573
Rahway, NJ	07065
Rail Road Flat, CA	95248
Railroad, PA	17355
Rainbow City, AL	35906
Rainbow Lake, NY	12976
Rainbow, TX	76077
Rainelle, WV	25962
Rainier, OR	97048
Rainier, WA	98576
Rains, SC	29589
Rainsville, AL	35986
Rainsville, NM	87736
Raisin City, CA	93652
Rake, IA	50465
Raleigh, IL	62977
Raleigh, MS	39153
Raleigh, ND	58564
Raleigh, WV	25911
Ralls, TX	79357
Ralph, AL	35480
Ralph, MI	49877
Ralph, SD	57650
Ralston, IA	51459
Ralston, OK	74650
Ralston, PA	17763
Ralston, WY	82440
Ramah, CO	80832
Ramah, NM	87321
Ramer, AL	36069
Ramer, TN	38367
Ramey, PA	16671
Ramona, CA	92065
Ramona, KS	67475
Ramona, OK	74061
Ramona, SD	57054
Rampart, AK	99767
Ramsay, MI	49959
Ramsay, MT	59748
Ramseur, NC	27316
Ramsey, IL	62080
Ramsey, IN	47166
Ramsey, NJ	07446
Ranburne, AL	36273
Ranchester, WY	82839
Ranchita, CA	92066
Rancho Mirage, CA	92270
Rancho Palos Verdes, CA	90275
Rancho Santa Margarita, CA	92688
Ranchos De Taos, NM	87557
Rancocas, NJ	08073
Rand, CO	80473
Randalia, IA	52164
Randall, IA	50231
Randall, KS	66963
Randall, MN	56475
Randallstown, MD	21133
Randle, WA	98377
Randleman, NC	27317
Randlett, OK	73562
Randlett, UT	84063
Randolph Center, VT	05061
Randolph, AL	36792
Randolph, IA	51649
Randolph, KS	66554
Randolph, MA	02368
Randolph, ME	04346
Randolph, MN	55065
Randolph, MS	38864
Randolph, NE	68771
Randolph, NH	03593
Randolph, NJ	07869
Randolph, NY	14772
Randolph, OH	44265
Randolph, TX	75475
Randolph, UT	84064
Randolph, VA	23962
Randolph, VT	05060
Random Lake, WI	53075
Randsburg, CA	93554
Range, AL	36473
Rangeley, ME	04970
Rangely, CO	81648
Ranger, GA	30734
Ranger, TX	76470
Ranger, WV	25557
Ranier, MN	56668
Rankin, IL	60960
Rankin, TX	79778
Ransom Canyon, TX	79366
Ransom, IL	60470
Ransom, KS	67572
Ransom, KY	41558
Ransom, PA	18653
Ransomville, NY	14131
Ranson, WV	25438
Rantoul, IL	61866
Rantoul, KS	66079
Rapelje, MT	59067
Raphine, VA	24472
Rapid City, MI	49676
Rapid River, MI	49878
Rapidan, VA	22733
Rapids City, IL	61278
Rappahannock Academy, VA	22538
Raquette Lake, NY	13436
Rarden, OH	45671
Raritan, IL	61471
Raritan, NJ	08869
Ratcliff, AR	72951
Ratcliff, TX	75858
Rathdrum, ID	83858
Ratliff City, OK	73481
Raton, NM	87740
Rattan, OK	74562
Ravalli, MT	59863
Raven, KY	41861
Raven, VA	24639
Ravena, NY	12143
Ravencliff, WV	25913
Ravendale, CA	96123
Ravenden Springs, AR	72460
Ravenden, AR	72459
Ravenel, SC	29470
Ravenna, KY	40472
Ravenna, MI	49451
Ravenna, NE	68869
Ravenna, OH	44266
Ravenna, TX	75476
Ravensdale, WA	98051
Ravenswood, WV	26164
Ravenwood, MO	64479
Ravia, OK	73455
Ravine, PA	17966
Rawl, WV	25691
Rawlings, MD	21557
Rawlings, VA	23876
Rawlins, WY	82301
Rawson, OH	45881
Ray Brook, NY	12977
Ray City, GA	31645
Ray, MI	48096
Ray, ND	58849
Ray, OH	45672
Rayland, OH	43943
Rayle, GA	30660
Raymond, CA	93653
Raymond, IA	50667
Raymond, IL	62560
Raymond, KS	67573
Raymond, ME	04071
Raymond, MN	56282
Raymond, MS	39154
Raymond, MT	59256
Raymond, NE	68428
Raymond, NH	03077
Raymond, OH	43067
Raymond, SD	57258
Raymond, WA	98577
Raymondville, MO	65555
Raymondville, NY	13678
Raymondville, TX	78580
Raymore, MO	64083
Rayne, LA	70578
Raynesford, MT	59469
Raynham Center, MA	02768
Raynham, MA	02767
Raysal, WV	24879
Rayville, LA	71269
Rayville, MO	64084
Raywick, KY	40060
Raywood, TX	77582
Rea, MO	64480
Reader, WV	26167
Readfield, ME	04355
Readfield, WI	54969
Reading Center, NY	14876
Reading, KS	66868
Reading, MA	01867
Reading, MI	49274
Reading, MN	56165
Reading, VT	05062
Readington, NJ	08870
Readlyn, IA	50668
Reads Landing, MN	55968
Readsboro, VT	05350
Readstown, WI	54652
Readville, MA	02137
Readyville, TN	37149
Reagan, TN	38368
Reagan, TX	76680
Realitos, TX	78376
Reamstown, PA	17567
Reardan, WA	99029
Reasnor, IA	50232
Rebecca, GA	31783
Rebersburg, PA	16872
Rebuck, PA	17867
Recluse, WY	82725
Rector, AR	72461
Rector, PA	15677
Rectortown, VA	20140
Red Ash, VA	24640
Red Banks, MS	38661
Red Bay, AL	35582
Red Bluff, CA	96080
Red Boiling Springs, TN	37150
Red Bud, IL	62278
Red Cliff, CO	81649
Red Cloud, NE	68970
Red Creek, NY	13143
Red Creek, WV	26289
Red Devil, AK	99656
Red Feather Lakes, CO	80545
Red Hill, PA	18076
Red Hook, NY	12571
Red House, VA	23963
Red House, WV	25168
Red Jacket, WV	25692
Red Lake Falls, MN	56750
Red Level, AL	36474
Red Lion, PA	17356
Red Lodge, MT	59068
Red Mountain, CA	93558
Red Oak, GA	30272
Red Oak, NC	27868
Red Oak, OK	74563
Red Oak, TX	75154
Red Oak, VA	23964
Red River, NM	87558
Red Rock, OK	74651
Red Rock, TX	78662
Red Springs, NC	28377
Red Valley, AZ	86544
Red Wing, MN	55066
Redan, GA	30074
Redbird, OK	74458
Redby, MN	56670
Redcrest, CA	95569
Reddell, LA	70580
Reddick, FL	32686
Reddick, IL	60961
Redding Center, CT	06875
Redding Ridge, CT	06876
Redding, CT	06896
Redding, IA	50860
Redfield, AR	72132
Redfield, IA	50233
Redfield, KS	66769
Redfield, NY	13437
Redfield, SD	57469
Redford, MO	63665
Redford, NY	12978
Redford, TX	79846
Redfox, KY	41847
Redgranite, WI	54970
Redig, SD	57776
Redkey, IN	47373
Redlake, MN	56671
Redmon, IL	61949
Redmond, OR	97756
Redmond, UT	84652
Redondo, WA	98054
Redrock, NM	88055
Redstone, MT	59257
Redvale, CO	81431
Redwater, TX	75573
Redway, CA	95560
Redwood Estates, CA	95044
Redwood Falls, MN	56283
Redwood Valley, CA	95470
Redwood, MS	39156
Redwood, NY	13679
Redwood, VA	24146
Ree Heights, SD	57371
Reed City, MI	49677
Reed Point, MT	59069
Reed, KY	42451
Reeder, ND	58649
Reeders, PA	18352
Reedley, CA	93654
Reeds Spring, MO	65737
Reeds, MO	64859
Reedsport, OR	97467
Reedsville, OH	45772
Reedsville, PA	17084
Reedsville, WI	54230
Reedsville, WV	26547
Reedville, VA	22539
Reedy, WV	25270
Reelsville, IN	46171
Reese, MI	48757
Reeseville, WI	53579
Reesville, OH	45166
Reeves, LA	70658
Reevesville, SC	29471
Reform, AL	35481
Refton, PA	17568
Refugio, TX	78377
Regan, ND	58477
Regent, ND	58650
Regina, KY	41559
Regina, NM	87046
Register, GA	30452
Rego Park, NY	11374
Rehobeth, MD	21857
Rehoboth Beach, DE	19971
Rehoboth, MA	02769
Rehoboth, NM	87322
Rehrersburg, PA	19550
Reidville, SC	29375
Reinbeck, IA	50669
Reinholds, PA	17569
Reisterstown, MD	21136
Reklaw, TX	75784
Reliance, SD	57569
Reliance, TN	37369
Reliance, WY	82943
Rembert, SC	29128
Rembrandt, IA	50576
Remer, MN	56672
Remington, IN	47977
Remington, VA	22734
Remlap, AL	35133
Remsen, IA	51050
Remsen, NY	13438
Remsenburg, NY	11960
Remus, MI	49340
Rena Lara, MS	38767
Renault, IL	62279
Renfrew, PA	16053
Renfro Valley, KY	40473
Renick, MO	65278
Renick, WV	24966
Renner, SD	57055
Reno, OH	45773
Reno, PA	16343
Renovo, PA	17764
Rensselaer Falls, NY	13680
Rensselaer, IN	47978
Rensselaer, NY	12144
Rensselaerville, NY	12147
Rentiesville, OK	74459
Rentz, GA	31075
Renville, MN	56284
Renwick, IA	50577
Represa, CA	95671
Repton, AL	36475
Republic, KS	66964
Republic, MI	49879
Republic, MO	65738
Republic, OH	44867
Republic, PA	15475
Republic, WA	99166
Republican City, NE	68971
Resaca, GA	30735
Rescue, CA	95672
Rescue, VA	23424
Reserve, LA	70084
Reserve, MT	59258
Reserve, NM	87830
Retsil, WA	98378
Retsof, NY	14539
Reubens, ID	83548
Reva, SD	57651
Reva, VA	22735
Revelo, KY	42638
Revere, MA	02151
Revere, MN	56166
Revere, MO	63465
Revere, PA	18953
Revillo, SD	57259
Revloc, PA	15948
Rew, PA	16744
Rewey, WI	53580
Rex, GA	30273
Rex, NC	28378
Rexford, KS	67753
Rexford, MT	59930
Rexford, NY	12148
Rexmont, PA	17085
Rexville, NY	14877
Reydell, AR	72133
Reydon, OK	73660
Reyno, AR	72462
Reynolds Station, KY	42368
Reynolds, GA	31076
Reynolds, IL	61279
Reynolds, IN	47980
Reynolds, MO	63666
Reynolds, ND	58275
Reynolds, NE	68429
Reynoldsville, PA	15851
Reynoldsville, WV	26422
Rhame, ND	58651
Rheems, PA	17570
Rhine, GA	31077
Rhinebeck, NY	12572
Rhinecliff, NY	12574
Rhinehart, LA	71363
Rhineland, MO	65069
Rhinelander, WI	54501
Rhoadesville, VA	22542
Rhodelia, KY	40161
Rhodell, WV	25915
Rhodes, IA	50234
Rhodes, MI	48652
Rhodesdale, MD	21659
Rhodhiss, NC	28667
Rhododendron, OR	97049
Rhome, TX	76078
Rib Lake, WI	54470
Ribera, NM	87560
Rice Lake, WI	54868
Rice, MN	56367
Rice, TX	75155
Rice, VA	23966
Rice, WA	99167
Riceboro, GA	31323
Rices Landing, PA	15357
Ricetown, KY	41364
Riceville, IA	50466
Riceville, PA	16432
Riceville, TN	37370
Rich Creek, VA	24147
Rich Hill, MO	64779
Rich Square, NC	27869
Richards, MO	64778
Richards, TX	77873
Richardsville, VA	22736
Richardton, ND	58652
Richboro, PA	18954
Richburg, NY	14774
Richburg, SC	29729
Richey, MT	59259
Richeyville, PA	15358
Richfield Springs, NY	13439
Richfield, ID	83349
Richfield, KS	67953
Richfield, NC	28137
Richfield, OH	44286
Richfield, PA	17086
Richfield, UT	84701
Richfield, WI	53076
Richford, NY	13835
Richford, VT	05476
Richgrove, CA	93261
Richland Center, WI	53581
Richland Springs, TX	76871
Richland, GA	31825
Richland, IA	52585
Richland, IN	47634
Richland, MI	49083
Richland, MO	65556
Richland, MS	39218
Richland, MT	59260
Richland, NJ	08350
Richland, NY	13144
Richland, OR	97870
Richland, PA	17087
Richland, SC	29675
Richland, TX	76681
Richlands, NC	28574
Richlands, VA	24641
Richlandtown, PA	18955
Richmond Dale, OH	45673
Richmond Hill, GA	31324
Richmond Hill, NY	11418
Richmond, IL	60071
Richmond, KS	66080
Richmond, MA	01254
Richmond, ME	04357
Richmond, MI	48062
Richmond, MN	56368
Richmond, MO	64085
Richmond, OH	43944
Richmond, UT	84333
Richmond, VT	05477
Richmondville, NY	12149
Richton Park, IL	60471
Richton, MS	39476
Richvale, CA	95974
Richview, IL	62877
Richville, MI	48758
Richville, MN	56576
Richville, NY	13681
Richwood, MN	56577
Richwood, NJ	08074
Richwood, OH	43344
Richwood, WV	26261
Richwoods, MO	63071
Ricketts, IA	51460
Rickman, TN	38580
Rickreall, OR	97371
Rico, CO	81332
Riddle, OR	97469
Riddlesburg, PA	16672
Riddleton, TN	37151
Riderwood, MD	21139
Ridge Farm, IL	61870
Ridge Spring, SC	29129
Ridge, MD	20680
Ridge, NY	11961
Ridgecrest, NC	28770
Ridgedale, MO	65739
Ridgefield Park, NJ	07660
Ridgefield, NJ	07657
Ridgefield, WA	98642
Ridgeland, SC	29936
Ridgeland, WI	54763
Ridgeley, WV	26753
Ridgely, TN	38080
Ridgetop, TN	37152
Ridgeview, SD	57652
Ridgeview, WV	25169
Ridgeville Corners, OH	43555
Ridgeville, IN	47380
Ridgeville, SC	29472
Ridgeway, IA	52165
Ridgeway, MO	64481
Ridgeway, NC	27570
Ridgeway, OH	43345
Ridgeway, SC	29130
Ridgeway, VA	24148
Ridgeway, WI	53582
Ridgeway, WV	25440
Ridgway, CO	81432
Ridgway, IL	62979
Ridgway, PA	15853
Ridley Park, PA	19078
Ridott, IL	61067
Riegelsville, PA	18077
Riegelwood, NC	28456
Rienzi, MS	38865
Riesel, TX	76682
Rifle, CO	81650
Rifton, NY	12471
Riga, MI	49276
Rigby, ID	83442
Riggins, ID	83549
Riley, IN	47871
Riley, KS	66531
Riley, OR	97758
Rileyville, VA	22650
Rillito, AZ	85654
Rillton, PA	15678
Rimersburg, PA	16248
Rimforest, CA	92378
Rimrock, AZ	86335
Rinard, IL	62878
Rincon, GA	31326
Rincon, NM	87940
Rindge, NH	03461
Riner, VA	24149
Rineyville, KY	40162
Ringgold, GA	30736
Ringgold, LA	71068
Ringgold, PA	15770
Ringgold, TX	76261
Ringgold, VA	24586
Ringle, WI	54471
Ringling, MT	59642
Ringling, OK	73456
Ringoes, NJ	08551
Ringold, OK	74754
Ringsted, IA	50578
Ringtown, PA	17967
Ringwood, IL	60072
Ringwood, NJ	07456
Ringwood, OK	73768
Rio Dell, CA	95562
Rio Frio, TX	78879
Rio Grande City, TX	78582
Rio Grande, NJ	08242
Rio Grande, OH	45674
Rio Hondo, TX	78583
Rio Linda, CA	95673
Rio Medina, TX	78066
Rio Nido, CA	95471
Rio Oso, CA	95674
Rio Rico, AZ	85648
Rio Verde, AZ	85263
Rio Vista, CA	94571
Rio Vista, TX	76093
Rio, IL	61472
Rio, WI	53960
Rio, WV	26755
Rion, SC	29132
Riparius, NY	12862
Ripley, MS	38663
Ripley, NY	14775
Ripley, OH	45167
Ripley, OK	74062
Ripley, TN	38063
Ripley, WV	25271
Ripon, CA	95366
Ripon, WI	54971
Rippey, IA	50235
Ripplemead, VA	24150
Rippon, WV	25441
Ripton, VT	05766
Ririe, ID	83443
Risco, MO	63874
Rising City, NE	68658
Rising Fawn, GA	30738
Rising Star, TX	76471
Rising Sun, IN	47040
Rising Sun, MD	21911
Risingsun, OH	43457
Rison, AR	71665
Rittman, OH	44270
Ritzville, WA	99169
Riva, MD	21140
River Edge, NJ	07661
River Falls, AL	36476
River Falls, WI	54022
River Forest, IL	60305
River Grove, IL	60171
River Pines, CA	95675
River Ranch, FL	33867
River Rouge, MI	48218
River, KY	41254
Riverbank, CA	95367
Riverdale, CA	93656
Riverdale, IL	60827
Riverdale, MI	48877
Riverdale, ND	58565
Riverdale, NE	68870
Riverdale, NJ	07457
Riverhead, NY	11901
Riverside, AL	35135
Riverside, CT	06878
Riverside, IA	52327
Riverside, IL	60546
Riverside, MI	49084
Riverside, MO	64150
Riverside, NJ	08075
Riverside, OR	97917
Riverside, PA	17868
Riverside, RI	02915
Riverside, TX	77367
Riverside, UT	84334
Riverside, WA	98849
Riverton, CT	06065
Riverton, IA	51650
Riverton, IL	62561
Riverton, KS	66770
Riverton, NE	68972
Riverton, UT	84065
Riverton, WV	26814
Riverton, WY	82501
Rivervale, AR	72377
Riverview, MI	48193
Rives Junction, MI	49277
Rives, MO	63875
Rives, TN	38253
Rivesville, WV	26588
Riviera, TX	78379
Rixeyville, VA	22737
Rixford, PA	16745
Roach, MO	65787
Roachdale, IN	46172
Roan Mountain, TN	37687
Roann, IN	46974
Roanoke Rapids, NC	27870
Roanoke, AL	36274
Roanoke, IL	61561
Roanoke, IN	46783
Roanoke, LA	70581
Roans Prairie, TX	77875
Roaring Branch, PA	17765
Roaring Gap, NC	28668
Roaring River, NC	28669
Roaring Spring, PA	16673
Roaring Springs, TX	79256
Roark, KY	40979
Robards, KY	42452
Robbins, CA	95676
Robbins, IL	60472
Robbins, NC	27325
Robbins, TN	37852
Robbinston, ME	04671
Robbinsville, NC	28771
Robbinsville, NJ	08691
Robeline, LA	71469
Robersonville, NC	27871
Robert Lee, TX	76945
Robert, LA	70455
Roberta, GA	31078
Roberts, ID	83444
Roberts, IL	60962
Roberts, MT	59070
Roberts, WI	54023
Robertsdale, AL	36567
Robertsdale, PA	16674
Robertson, WY	82944
Robertsville, MO	63072
Robertsville, OH	44670
Robesonia, PA	19551
Robins, IA	52328
Robinson Creek, KY	41560
Robinson, IL	62454
Robinson, KS	66532
Robinson, ND	58478
Robinson, PA	15949
Robinsonville, MS	38664
Robson, WV	25173
Robstown, TX	78380
Roby, MO	65557
Roby, TX	79543
Roca, NE	68430
Rochdale, MA	01542
Rochelle Park, NJ	07662
Rochelle, GA	31079
Rochelle, IL	61068
Rochelle, TX	76872
Rochelle, VA	22738
Rocheport, MO	65279
Rochert, MN	56578
Rochester Mills, PA	15771
Rochester, IL	62563
Rochester, IN	46975
Rochester, KY	42273
Rochester, MA	02770
Rochester, PA	15074
Rochester, TX	79544
Rochester, VT	05767
Rochester, WA	98579
Rochester, WI	53167
Rociada, NM	87742
Rock Camp, OH	45675
Rock Cave, WV	26234
Rock City Falls, NY	12863
Rock City, IL	61070
Rock Creek, MN	55067
Rock Creek, OH	44084
Rock Creek, WV	25174
Rock Falls, IA	50467
Rock Falls, IL	61071
Rock Falls, WI	54764
Rock Glen, PA	18246
Rock Hall, MD	21661
Rock Hill, NY	12775
Rock Island, TN	38581
Rock Island, TX	77470
Rock Island, WA	98850
Rock Point, AZ	86545
Rock Point, MD	20682
Rock Port, MO	64482
Rock Rapids, IA	51246
Rock River, WY	82083
Rock Spring, GA	30739
Rock Springs, WI	53961
Rock Stream, NY	14878
Rock Tavern, NY	12575
Rock Valley, IA	51247
Rock View, WV	24880
Rock, KS	67131
Rock, MI	49880
Rock, WV	24747
Rockaway Beach, MO	65740
Rockaway Beach, OR	97136
Rockaway Park, NY	11694
Rockaway, NJ	07866
Rockbridge Baths, VA	24473
Rockbridge, IL	62081
Rockbridge, MO	65741
Rockbridge, OH	43149
Rockdale, TX	76567
Rockfall, CT	06481
Rockfield, IN	46977
Rockfield, KY	42274
Rockford, AL	35136
Rockford, IA	50468
Rockford, OH	45882
Rockford, TN	37853
Rockford, WA	99030
Rockham, SD	57470
Rockhill Furnace, PA	17249
Rockholds, KY	40759
Rockhouse, KY	41561
Rocklake, ND	58365
Rockland, DE	19732
Rockland, ID	83271
Rockland, MA	02370
Rockland, ME	04841
Rockland, MI	49960
Rockland, WI	54653
Rockledge, GA	30454
Rockmart, GA	30153
Rockport, IL	62370
Rockport, IN	47635
Rockport, KY	42369
Rockport, MA	01966
Rockport, ME	04856
Rockport, WA	98283
Rockport, WV	26169
Rocksprings, TX	78880
Rockton, IL	61072
Rockton, PA	15856
Rockvale, CO	81244
Rockvale, TN	37153
Rockville Center, NY	11592
Rockville, IN	47872
Rockville, MN	56369
Rockville, MO	64780
Rockville, NE	68871
Rockville, RI	02873
Rockville, UT	84763
Rockville, VA	23146
Rockwell City, IA	50579
Rockwell, IA	50469
Rockwell, NC	28138
Rockwood, IL	62280
Rockwood, ME	04478
Rockwood, MI	48173
Rockwood, PA	15557
Rockwood, TN	37854
Rockwood, TX	76873
Rocky Comfort, MO	64861
Rocky Face, GA	30740
Rocky Ford, CO	81067
Rocky Ford, GA	30455
Rocky Gap, VA	24366
Rocky Hill, CT	06067
Rocky Hill, KY	42163
Rocky Hill, NJ	08553
Rocky Mount, MO	65072
Rocky Mount, VA	24151
Rocky Point, NC	28457
Rocky Point, NY	11778
Rocky Ridge, MD	21778
Rocky Ridge, OH	43458
Rocky River, OH	44116
Rocky Top, TN	37769
Rocky, OK	73661
Rodanthe, NC	27968
Rodeo, CA	94572
Rodeo, NM	88056
Roderfield, WV	24881
Rodessa, LA	71069
Rodman, NY	13682
Rodney, IA	51051
Rodney, MI	49342
Roduco, NC	27969
Roe, AR	72134
Roebling, NJ	08554
Roebuck, SC	29376
Roff, OK	74865
Rogers City, MI	49779
Rogers, CT	06263
Rogers, KY	41365
Rogers, MN	55374
Rogers, ND	58479
Rogers, NE	68659
Rogers, NM	88132
Rogers, OH	44455
Rogers, TX	76569
Rogerson, ID	83302
Rogersville, AL	35652
Rogersville, MO	65742
Rogersville, PA	15359
Rogersville, TN	37857
Roggen, CO	80652
Rogue River, OR	97537
Rohrersville, MD	21779
Rohwer, AR	71666
Roland, AR	72135
Roland, IA	50236
Roland, OK	74954
Rolesville, NC	27571
Rolette, ND	58366
Rolfe, IA	50581
Roll, AZ	85347
Rolla, KS	67954
Rolla, ND	58367
Rolling Fork, MS	39159
Rolling Meadows, IL	60008
Rolling Prairie, IN	46371
Rollingbay, WA	98061
Rollingstone, MN	55969
Rollins Fork, VA	22544
Rollins, MT	59931
Rollinsford, NH	03869
Rollinsville, CO	80474
Roma, TX	78584
Romance, AR	72136
Romayor, TX	77368
Rombauer, MO	63962
Rome City, IN	46784
Rome, IA	52642
Rome, IL	61562
Rome, IN	47574
Rome, MS	38768
Rome, OH	44085
Rome, PA	18837
Romeo, CO	81148
Romeo, MI	48065
Romeoville, IL	60446
Romney, IN	47981
Romney, WV	26757
Romulus, MI	48174
Romulus, NY	14541
Ronald, WA	98940
Ronan, MT	59864
Ronceverte, WV	24970
Ronco, PA	15476
Ronda, NC	28670
Ronkonkoma, NY	11779
Ronks, PA	17572
Roodhouse, IL	62082
Roopville, GA	30170
Roosevelt, AZ	85545
Roosevelt, MN	56673
Roosevelt, NJ	08555
Roosevelt, NY	11575
Roosevelt, OK	73564
Roosevelt, TX	76874
Roosevelt, UT	84066
Roosevelt, WA	99356
Rooseveltown, NY	13683
Rootstown, OH	44272
Roper, NC	27970
Ropesville, TX	79358
Rosalia, KS	67132
Rosalia, WA	99170
Rosalie, NE	68055
Rosamond, CA	93560
Rosamond, IL	62083
Rosanky, TX	78953
Rosburg, WA	98643
Roscoe, IL	61073
Roscoe, MN	56371
Roscoe, MO	64781
Roscoe, MT	59071
Roscoe, NY	12776
Roscoe, PA	15477
Roscoe, SD	57471
Roscoe, TX	79545
Roscommon, MI	48653
Rose Bud, AR	72137
Rose City, MI	48654
Rose Creek, MN	55970
Rose Hill, IA	52586
Rose Hill, KS	67133
Rose Hill, MS	39356
Rose Hill, NC	28458
Rose Hill, VA	24281
Rose Lodge, OR	97372
Rose, NY	14542
Rose, OK	74364
Roseau, MN	56751
Roseboom, NY	13450
Roseboro, NC	28382
Rosebud, MO	63091
Rosebud, MT	59347
Rosebud, SD	57570
Rosebud, TX	76570
Rosebush, MI	48878
Rosedale, IN	47874
Rosedale, LA	70772
Rosedale, MD	21237
Rosedale, MS	38769
Rosedale, NY	11422
Rosedale, VA	24280
Rosedale, WV	26636
Roseglen, ND	58775
Roseland, FL	32957
Roseland, LA	70456
Roseland, NE	68973
Roseland, NJ	07068
Roseland, VA	22967
Roselawn, IN	46372
Roselle Park, NJ	07204
Roselle, IL	60172
Roselle, NJ	07203
Rosemont, NJ	08556
Rosemont, WV	26424
Rosemount, MN	55068
Rosenberg, TX	77471
Rosendale, MO	64483
Rosendale, NY	12472
Rosendale, WI	54974
Rosenhayn, NJ	08352
Rosepine, LA	70659
Roseville, IL	61473
Roseville, MI	48066
Roseville, OH	43777
Rosewood, OH	43070
Rosharon, TX	77583
Rosholt, SD	57260
Rosholt, WI	54473
Rosiclare, IL	62982
Rosie, AR	72571
Rosine, KY	42370
Roslindale, MA	02131
Roslyn Heights, NY	11577
Roslyn, NY	11576
Roslyn, SD	57261
Roslyn, WA	98941
Rosman, NC	28772
Ross, CA	94957
Ross, ND	58776
Ross, OH	45061
Ross, TX	76684
Rossburg, OH	45362
Rosser, TX	75157
Rossford, OH	43460
Rossiter, PA	15772
Rosston, AR	71858
Rosston, OK	73855
Rosston, TX	76263
Rossville, GA	30741
Rossville, IL	60963
Rossville, IN	46065
Rossville, KS	66533
Rossville, PA	17358
Rossville, TN	38066
Rotan, TX	79546
Rothbury, MI	49452
Rothsay, MN	56579
Rothschild, WI	54474
Rothville, MO	64676
Rotonda West, FL	33947
Rotterdam Junction, NY	12150
Rougemont, NC	27572
Rough And Ready, CA	95975
Rougon, LA	70773
Roulette, PA	16746
Round Lake, IL	60073
Round Lake, MN	56167
Round Lake, NY	12151
Round Mountain, CA	96084
Round Mountain, NV	89045
Round Mountain, TX	78663
Round O, SC	29474
Round Pond, ME	04564
Round Rock, AZ	86547
Round Top, NY	12473
Round Top, TX	78954
Roundhead, OH	43346
Roundhill, KY	42275
Rouses Point, NY	12979
Rouseville, PA	16344
Rousseau, KY	41366
Rouzerville, PA	17250
Rover, AR	72860
Rowan, IA	50470
Rowdy, KY	41367
Rowe, MA	01367
Rowe, NM	87562
Rowe, VA	24646
Rowena, SD	57056
Rowena, TX	76875
Rowesville, SC	29133
Rowland Heights, CA	91748
Rowland, NC	28383
Rowland, PA	18457
Rowlesburg, WV	26425
Rowley, IA	52329
Rowley, MA	01969
Roxana, IL	62084
Roxana, KY	41848
Roxbury Crossing, MA	02120
Roxbury, CT	06783
Roxbury, KS	67476
Roxbury, MA	02119
Roxbury, ME	04275
Roxbury, NY	12474
Roxbury, PA	17251
Roxbury, VT	05669
Roxie, MS	39661
Roxobel, NC	27872
Roxton, TX	75477
Roy, MT	59471
Roy, NM	87743
Roy, UT	84067
Roy, WA	98580
Royal Center, IN	46978
Royal City, WA	99357
Royal Oak, MD	21662
Royal Palm Beach, FL	33421
Royal, AR	71968
Royal, IA	51357
Royal, IL	61871
Royal, NE	68773
Royalston, MA	01368
Royalton, IL	62983
Royalton, KY	41464
Royalton, MN	56373
Royersford, PA	19468
Royse City, TX	75189
Royston, GA	30662
Rozel, KS	67574
Rozet, WY	82727
Rubicon, WI	53078
Ruby Valley, NV	89833
Ruby, AK	99768
Ruby, LA	71365
Ruby, NY	12475
Ruby, SC	29741
Ruby, VA	22545
Ruckersville, VA	22968
Rudd, IA	50471
Rudolph, OH	43462
Rudolph, WI	54475
Rudy, AR	72952
Rudyard, MI	49780
Rudyard, MT	59540
Rueter, MO	65744
Rufe, OK	74755
Ruffin, NC	27326
Ruffin, SC	29475
Ruffs Dale, PA	15679
Rufus, OR	97050
Rugby, ND	58368
Rugby, TN	37733
Ruidoso Downs, NM	88346
Ruleville, MS	38771
Rulo, NE	68431
Rumely, MI	49826
Rumford, ME	04276
Rumford, RI	02916
Rumney, NH	03266
Rumsey, CA	95679
Rumsey, KY	42371
Rumson, NJ	07760
Runge, TX	78151
Runnells, IA	50237
Runnemede, NJ	08078
Running Springs, CA	92382
Rupert, GA	31081
Rupert, ID	83350
Rupert, VT	05768
Rupert, WV	25984
Rural Retreat, VA	24368
Rural Ridge, PA	15075
Rural Valley, PA	16249
Rush Center, KS	67575
Rush City, MN	55069
Rush Hill, MO	65280
Rush Springs, OK	73082
Rush Valley, UT	84069
Rush, CO	80833
Rush, KY	41168
Rush, NY	14543
Rushford, MN	55971
Rushford, NY	14777
Rushland, PA	18956
Rushmore, MN	56168
Rushsylvania, OH	43347
Rushville, IL	62681
Rushville, IN	46173
Rushville, MO	64484
Rushville, NE	69360
Rushville, NY	14544
Rushville, OH	43150
Rusk, TX	75785
Ruskin, NE	68974
Ruso, ND	58778
Russell Springs, KY	42642
Russell, AR	72139
Russell, IA	50238
Russell, IL	60075
Russell, KS	67665
Russell, KY	41169
Russell, MA	01071
Russell, MN	56169
Russell, NY	13684
Russell, PA	16345
Russells Point, OH	43348
Russellton, PA	15076
Russellville, IN	46175
Russellville, KY	42276
Russellville, MO	65074
Russellville, OH	45168
Russellville, SC	29476
Russellville, TN	37860
Russia, OH	45363
Russian Mission, AK	99657
Russiaville, IN	46979
Rustburg, VA	24588
Ruth, MI	48470
Ruth, MS	39662
Ruth, NV	89319
Ruther Glen, VA	22546
Rutherford College, NC	28671
Rutherford, CA	94573
Rutherford, NJ	07070
Rutherford, TN	38369
Rutherfordton, NC	28139
Ruthton, MN	56170
Ruthven, IA	51358
Ruthville, VA	23147
Rutland, IA	50582
Rutland, IL	61358
Rutland, MA	01543
Rutland, ND	58067
Rutland, OH	45775
Rutland, SD	57057
Rutledge, AL	36071
Rutledge, GA	30663
Rutledge, MO	63563
Rutledge, TN	37861
Ryan, IA	52330
Ryan, OK	73565
Rydal, GA	30171
Ryde, CA	95680
Ryder, ND	58779
Ryderwood, WA	98581
Rye Beach, NH	03871
Rye, CO	81069
Rye, NH	03870
Rye, NY	10580
Rye, TX	77369
Ryegate, MT	59074
Ryland, AL	35767
S Coffeyville, OK	74072
Sabael, NY	12864
Sabattus, ME	04280
Sabetha, KS	66534
Sabillasville, MD	21780
Sabin, MN	56580
Sabina, OH	45169
Sabinal, TX	78881
Sabine Pass, TX	77655
Sabine, WV	25916
Sabinsville, PA	16943
Sabula, IA	52070
Sac City, IA	50583
Sachse, TX	75048
Sackets Harbor, NY	13685
Saco, ME	04072
Saco, MT	59261
Sacramento, KY	42372
Sacramento, NM	88347
Sacramento, PA	17968
Sacred Heart, MN	56285
Sacul, TX	75788
Saddle Brook, NJ	07663
Saddle River, NJ	07458
Saddlestring, WY	82840
Sadieville, KY	40370
Sadler, TX	76264
Sadorus, IL	61872
Sadsburyville, PA	19369
Saegertown, PA	16433
Safety Harbor, FL	34695
Saffell, AR	72572
Safford, AL	36773
Sag Harbor, NY	11963
Sagamore Beach, MA	02562
Sagamore, MA	02561
Sagamore, PA	16250
Sagaponack, NY	11962
Sage, AR	72573
Saginaw, AL	35137
Saginaw, MN	55779
Saginaw, MO	64864
Sagle, ID	83860
Sagola, MI	49881
Saguache, CO	81149
Sahuarita, AZ	85629
Sailor Springs, IL	62879
Saint Agatha, ME	04772
Saint Albans Bay, VT	05481
Saint Albans, ME	04971
Saint Albans, MO	63073
Saint Albans, NY	11412
Saint Albans, VT	05478
Saint Albans, WV	25177
Saint Amant, LA	70774
Saint Ann, MO	63074
Saint Anne, IL	60964
Saint Ansgar, IA	50472
Saint Anthony, IA	50239
Saint Anthony, ID	83445
Saint Anthony, IN	47575
Saint Anthony, ND	58566
Saint Augustine, IL	61474
Saint Benedict, LA	70457
Saint Benedict, OR	97373
Saint Benedict, PA	15773
Saint Bernard, LA	70085
Saint Bernice, IN	47875
Saint Bonaventure, NY	14778
Saint Boniface, PA	16675
Saint Bonifacius, MN	55375
Saint Catharine, KY	40061
Saint Charles, AR	72140
Saint Charles, IA	50240
Saint Charles, ID	83272
Saint Charles, KY	42453
Saint Charles, MI	48655
Saint Charles, MN	55972
Saint Charles, SD	57571
Saint Charles, VA	24282
Saint Clair, MI	48079
Saint Clair, MN	56080
Saint Clair, MO	63077
Saint Clair, PA	17970
Saint Clairsville, OH	43950
Saint Cloud, WI	53079
Saint Croix Falls, WI	54024
Saint Croix, IN	47576
Saint David, AZ	85630
Saint David, IL	61563
Saint David, ME	04773
Saint Donatus, IA	52071
Saint Edward, NE	68660
Saint Elizabeth, MO	65075
Saint Elmo, AL	36568
Saint Elmo, IL	62458
Saint Francis, AR	72464
Saint Francis, KS	67756
Saint Francis, KY	40062
Saint Francis, ME	04774
Saint Francis, MN	55070
Saint Francis, SD	57572
Saint Francis, WI	53235
Saint Francisville, IL	62460
Saint Francisville, LA	70775
Saint Gabriel, LA	70776
Saint George Island, AK	99591
Saint George, GA	31562
Saint George, KS	66535
Saint George, SC	29477
Saint Georges, DE	19733
Saint Germain, WI	54558
Saint Hedwig, TX	78152
Saint Helen, MI	48656
Saint Helena Island, SC	29920
Saint Helena, CA	94574
Saint Helena, NE	68774
Saint Helens, KY	41368
Saint Helens, OR	97051
Saint Henry, OH	45883
Saint Hilaire, MN	56754
Saint Ignace, MI	49781
Saint Ignatius, MT	59865
Saint Inigoes, MD	20684
Saint Jacob, IL	62281
Saint James City, FL	33956
Saint James, LA	70086
Saint James, MD	21781
Saint James, MN	56081
Saint James, MO	65559
Saint James, NY	11780
Saint Jo, TX	76265
Saint Joe, AR	72675
Saint Joe, IN	46785
Saint John, IN	46373
Saint John, ND	58369
Saint John, WA	99171
Saint Johns, AZ	85936
Saint Johns, FL	32259
Saint Johns, MI	48879
Saint Johns, OH	45884
Saint Johns, PA	18247
Saint Johnsbury Center, VT	05863
Saint Johnsbury, VT	05819
Saint Johnsville, NY	13452
Saint Joseph, IL	61873
Saint Joseph, LA	71366
Saint Joseph, MI	49085
Saint Joseph, MN	56374
Saint Joseph, TN	38481
Saint Landry, LA	71367
Saint Lawrence, SD	57373
Saint Leo, FL	33574
Saint Leonard, MD	20685
Saint Libory, IL	62282
Saint Libory, NE	68872
Saint Louis, MI	48880
Saint Louis, OK	74866
Saint Louisville, OH	43071
Saint Lucas, IA	52166
Saint Marie, MT	59231
Saint Maries, ID	83861
Saint Marks, FL	32355
Saint Martin, MN	56376
Saint Martinville, LA	70582
Saint Mary Of The Woods, IN	47876
Saint Mary, KY	40063
Saint Mary, MO	63673
Saint Marys City, MD	20686
Saint Marys, AK	99658
Saint Marys, GA	31558
Saint Marys, IA	50241
Saint Marys, KS	66536
Saint Marys, OH	45885
Saint Marys, PA	15857
Saint Marys, WV	26170
Saint Matthews, SC	29135
Saint Maurice, LA	71471
Saint Meinrad, IN	47577
Saint Michael, AK	99659
Saint Michael, MN	55376
Saint Michael, ND	58370
Saint Michael, PA	15951
Saint Michaels, AZ	86511
Saint Michaels, MD	21663
Saint Nazianz, WI	54232
Saint Olaf, IA	52072
Saint Onge, SD	57779
Saint Paris, OH	43072
Saint Patrick, MO	63466
Saint Paul Island, AK	99660
Saint Paul Park, MN	55071
Saint Paul, AR	72760
Saint Paul, IA	52657
Saint Paul, IN	47272
Saint Paul, KS	66771
Saint Paul, NE	68873
Saint Paul, OR	97137
Saint Paul, VA	24283
Saint Pauls, NC	28384
Saint Peter, IL	62880
Saint Peter, MN	56082
Saint Peters, MO	63376
Saint Peters, PA	19470
Saint Petersburg, PA	16054
Saint Regis Falls, NY	12980
Saint Regis, MT	59866
Saint Robert, MO	65584
Saint Rose, LA	70087
Saint Simons Island, GA	31522
Saint Stephen, MN	56375
Saint Stephen, SC	29479
Saint Stephens Church, VA	23148
Saint Stephens, AL	36569
Saint Stephens, WY	82524
Saint Thomas, MO	65076
Saint Thomas, ND	58276
Saint Thomas, PA	17252
Saint Vincent, MN	56755
Saint Vrain, NM	88133
Saint Xavier, MT	59075
Sainte Genevieve, MO	63670
Sainte Marie, IL	62459
Salado, AR	72575
Salado, TX	76571
Salamanca, NY	14779
Salamonia, IN	47381
Salcha, AK	99714
Sale City, GA	31784
Sale Creek, TN	37373
Salem, AL	36874
Salem, AR	72576
Salem, CT	06420
Salem, FL	32356
Salem, IA	52649
Salem, IL	62881
Salem, IN	47167
Salem, KY	42078
Salem, MI	48175
Salem, MO	65560
Salem, NE	68433
Salem, NH	03079
Salem, NJ	08079
Salem, NM	87941
Salem, NY	12865
Salem, OH	44460
Salem, SC	29676
Salem, SD	57058
Salem, UT	84653
Salem, VA	24153
Salem, WI	53168
Salem, WV	26426
Salemburg, NC	28385
Salesville, OH	43778
Salford, PA	18957
Salfordville, PA	18958
Salida, CA	95368
Salida, CO	81201
Salina, OK	74365
Salina, PA	15680
Salina, UT	84654
Saline, LA	71070
Saline, MI	48176
Salineno, TX	78585
Salineville, OH	43945
Salisbury Center, NY	13454
Salisbury Mills, NY	12577
Salisbury, CT	06068
Salisbury, MA	01952
Salisbury, MO	65281
Salisbury, NH	03268
Salisbury, PA	15558
Salisbury, VT	05769
Salix, IA	51052
Salix, PA	15952
Salkum, WA	98582
Salley, SC	29137
Sallis, MS	39160
Sallisaw, OK	74955
Salmon, ID	83467
Salol, MN	56756
Salome, AZ	85348
Salona, PA	17767
Salsbury Cove, ME	04672
Salt Flat, TX	79847
Salt Lick, KY	40371
Salt Point, NY	12578
Salt Rock, WV	25559
Salter Path, NC	28575
Salters, SC	29590
Saltese, MT	59867
Saltillo, MS	38866
Saltillo, PA	17253
Saltillo, TN	38370
Saltillo, TX	75478
Salton City, CA	92275
Saltsburg, PA	15681
Saltville, VA	24370
Saluda, NC	28773
Saluda, SC	29138
Saluda, VA	23149
Salvisa, KY	40372
Salvo, NC	27972
Salyer, CA	95563
Salyersville, KY	41465
Samantha, AL	35482
Samaria, MI	48177
Samburg, TN	38254
Samnorwood, TX	79077
Samoa, CA	95564
Samson, AL	36477
San Acacia, NM	87831
San Antonio, FL	33576
San Antonio, NM	87832
San Ardo, CA	93450
San Augustine, TX	75972
San Benito, TX	78586
San Bruno, CA	94066
San Carlos, AZ	85550
San Carlos, CA	94070
San Cristobal, NM	87564
San Diego, TX	78384
San Dimas, CA	91773
San Elizario, TX	79849
San Felipe, TX	77473
San Fidel, NM	87049
San Geronimo, CA	94963
San Gregorio, CA	94074
San Isidro, TX	78588
San Joaquin, CA	93660
San Jon, NM	88434
San Jose, IL	62682
San Jose, NM	87565
San Juan Bautista, CA	95045
San Juan, TX	78589
San Lorenzo, CA	94580
San Lucas, CA	93954
San Luis Rey, CA	92068
San Manuel, AZ	85631
San Martin, CA	95046
San Mateo, FL	32187
San Miguel, CA	93451
San Miguel, NM	88058
San Pablo, CA	94806
San Pablo, CO	81153
San Patricio, NM	88348
San Perlita, TX	78590
San Pierre, IN	46374
San Rafael, NM	87051
San Saba, TX	76877
San Simeon, CA	93452
San Simon, AZ	85632
San Ygnacio, TX	78067
San Ysidro, NM	87053
Sanborn, IA	51248
Sanborn, MN	56083
Sanborn, ND	58480
Sanborn, NY	14132
Sanbornton, NH	03269
Sanbornville, NH	03872
Sand Coulee, MT	59472
Sand Creek, MI	49279
Sand Creek, WI	54765
Sand Fork, WV	26430
Sand Lake, MI	49343
Sand Lake, NY	12153
Sand Point, AK	99661
Sand Springs, MT	59077
Sand Springs, OK	74063
Sandborn, IN	47578
Sanders, AZ	86512
Sanders, KY	41083
Sanders, MT	59076
Sanderson, FL	32087
Sanderson, TX	79848
Sandersville, GA	31082
Sandersville, MS	39477
Sandgap, KY	40481
Sandhill, MS	39161
Sandia Park, NM	87047
Sandia, TX	78383
Sandisfield, MA	01255
Sandoval, IL	62882
Sandown, NH	03873
Sandpoint, ID	83864
Sandston, VA	23150
Sandstone, MN	55072
Sandstone, WV	25985
Sandusky, MI	48471
Sandusky, NY	14133
Sandwich, IL	60548
Sandwich, MA	02563
Sandy Creek, NY	13145
Sandy Hook, CT	06482
Sandy Hook, KY	41171
Sandy Hook, MS	39478
Sandy Hook, VA	23153
Sandy Lake, PA	16145
Sandy Level, VA	24161
Sandy Point, ME	04972
Sandy Point, VA	22577
Sandy Ridge, NC	27046
Sandy Ridge, PA	16677
Sandy Spring, MD	20860
Sandy Springs, SC	29677
Sandy, OR	97055
Sandyville, OH	44671
Sandyville, WV	25275
Sanford, CO	81151
Sanford, ME	04073
Sanford, MI	48657
Sanford, TX	79078
Sanford, VA	23426
Sanger, CA	93657
Sanger, TX	76266
Sangerfield, NY	13455
Sangerville, ME	04479
Sanibel, FL	33957
Sanostee, NM	87461
Santa Anna, TX	76878
Santa Clara, NM	88026
Santa Clara, UT	84765
Santa Claus, IN	47579
Santa Cruz, NM	87567
Santa Elena, TX	78591
Santa Fe, MO	65282
Santa Fe, TN	38482
Santa Margarita, CA	93453
Santa Maria, TX	78592
Santa Rita Park, CA	93661
Santa Rosa Beach, FL	32459
Santa Rosa, NM	88435
Santa Rosa, TX	78593
Santa Teresa, NM	88008
Santa Ynez, CA	93460
Santa Ysabel, CA	92070
Santa, ID	83866
Santaquin, UT	84655
Santee, SC	29142
Santiago, MN	55377
Santo Domingo Pueblo, NM	87052
Santo, TX	76472
Sapello, NM	87745
Sapelo Island, GA	31327
Sapphire, NC	28774
Saragosa, TX	79780
Sarah Ann, WV	25644
Sarah, MS	38665
Sarahsville, OH	43779
Saraland, AL	36571
Saranac Lake, NY	12983
Saranac, MI	48881
Saranac, NY	12981
Saratoga Springs, NY	12866
Saratoga Springs, UT	84045
Saratoga, AR	71859
Saratoga, IN	47382
Saratoga, NC	27873
Saratoga, TX	77585
Saratoga, WY	82331
Sarcoxie, MO	64862
Sardinia, NY	14134
Sardinia, OH	45171
Sardinia, SC	29143
Sardis, AL	36775
Sardis, GA	30456
Sardis, MS	38666
Sardis, OH	43946
Sardis, TN	38371
Sarepta, LA	71071
Sargeant, MN	55973
Sargent, GA	30275
Sargent, NE	68874
Sargents, CO	81248
Sargentville, ME	04673
Sarita, TX	78385
Sarles, ND	58372
Sarona, WI	54870
Saronville, NE	68975
Sartell, MN	56377
Sarver, PA	16055
Sasabe, AZ	85633
Sasakwa, OK	74867
Sassafras, KY	41759
Sassamansville, PA	19472
Sasser, GA	39885
Satanta, KS	67870
Satartia, MS	39162
Satellite Beach, FL	32937
Satin, TX	76685
Satsop, WA	98583
Satsuma, AL	36572
Satsuma, FL	32189
Saucier, MS	39574
Saugatuck, MI	49453
Saugerties, NY	12477
Saugus, MA	01906
Sauk Centre, MN	56378
Sauk City, WI	53583
Sauk Rapids, MN	56379
Saukville, WI	53080
Saul, KY	40981
Saulsbury, TN	38067
Saulsville, WV	25876
Sault Sainte Marie, MI	49783
Saunderstown, RI	02874
Saunemin, IL	61769
Sauquoit, NY	13456
Sautee Nacoochee, GA	30571
Savage, MD	20763
Savage, MN	55378
Savage, MT	59262
Savanna, IL	61074
Savanna, OK	74565
Savannah, MO	64485
Savannah, NY	13146
Savannah, OH	44874
Savannah, TN	38372
Saverton, MO	63467
Savery, WY	82332
Savona, NY	14879
Savonburg, KS	66772
Savoonga, AK	99769
Savoy, IL	61874
Savoy, MA	01256
Savoy, TX	75479
Sawyer, KS	67134
Sawyer, MI	49125
Sawyer, MN	55780
Sawyer, ND	58781
Sawyer, OK	74756
Sawyerville, AL	36776
Sawyerville, IL	62085
Saxapahaw, NC	27340
Saxe, VA	23967
Saxeville, WI	54976
Saxis, VA	23427
Saxon, WI	54559
Saxon, WV	25180
Saxonburg, PA	16056
Saxton, PA	16678
Saxtons River, VT	05154
Saybrook, IL	61770
Saylorsburg, PA	18353
Sayner, WI	54560
Sayre, AL	35139
Sayre, OK	73662
Sayre, PA	18840
Sayville, NY	11782
Scales Mound, IL	61075
Scalf, KY	40982
Scaly Mountain, NC	28775
Scammon Bay, AK	99662
Scammon, KS	66773
Scandia, KS	66966
Scandia, MN	55073
Scandinavia, WI	54977
Scappoose, OR	97056
Scarbro, WV	25917
Scarsdale, NY	10583
Scarville, IA	50473
Scenery Hill, PA	15360
Scenic, SD	57780
Schaefferstown, PA	17088
Schaghticoke, NY	12154
Schaller, IA	51053
Schell City, MO	64783
Scheller, IL	62883
Schellsburg, PA	15559
Schenevus, NY	12155
Schenley, PA	15682
Schererville, IN	46375
Schertz, TX	78154
Schiller Park, IL	60176
Schlater, MS	38952
Schleswig, IA	51461
Schley, VA	23154
Schnecksville, PA	18078
Schneider, IN	46376
Schnellville, IN	47580
Schodack Landing, NY	12156
Schoenchen, KS	67667
Schofield Barracks, HI	96857
Schofield, WI	54476
Schoharie, NY	12157
Schoolcraft, MI	49087
Schooleys Mountain, NJ	07870
Schriever, LA	70395
Schroeder, MN	55613
Schroon Lake, NY	12870
Schulenburg, TX	78956
Schulter, OK	74460
Schurz, NV	89427
Schuyler Falls, NY	12985
Schuyler Lake, NY	13457
Schuyler, NE	68661
Schuyler, VA	22969
Schuylerville, NY	12871
Schuylkill Haven, PA	17972
Schwenksville, PA	19473
Schwertner, TX	76573
Science Hill, KY	42553
Scio, NY	14880
Scio, OH	43988
Scio, OR	97374
Sciota, IL	61475
Sciota, PA	18354
Scioto Furnace, OH	45677
Scipio Center, NY	13147
Scipio, IN	47273
Scipio, UT	84656
Scituate, MA	02066
Scobey, MS	38953
Scobey, MT	59263
Scooba, MS	39358
Scotch Plains, NJ	07076
Scotia, CA	95565
Scotia, NE	68875
Scotia, SC	29939
Scotland Neck, NC	27874
Scotland, AR	72141
Scotland, CT	06264
Scotland, GA	31083
Scotland, IN	47457
Scotland, MD	20687
Scotland, PA	17254
Scotland, SD	57059
Scotland, TX	76379
Scotrun, PA	18355
Scott Air Force Base, IL	62225
Scott Bar, CA	96085
Scott City, KS	67871
Scott City, MO	63780
Scott Depot, WV	25560
Scott, AR	72142
Scott, LA	70583
Scott, MS	38772
Scott, OH	45886
Scottdale, GA	30079
Scottdale, PA	15683
Scottown, OH	45678
Scotts Hill, TN	38374
Scotts Mills, OR	97375
Scotts, MI	49088
Scotts, NC	28699
Scottsburg, IN	47170
Scottsburg, NY	14545
Scottsburg, OR	97473
Scottsburg, VA	24589
Scottsmoor, FL	32775
Scottsville, KY	42164
Scottsville, NY	14546
Scottsville, TX	75688
Scottsville, VA	24590
Scottville, IL	62683
Scottville, MI	49454
Scottville, NC	28672
Scranton, AR	72863
Scranton, IA	51462
Scranton, KS	66537
Scranton, NC	27875
Scranton, ND	58653
Scranton, SC	29591
Screven, GA	31560
Scribner, NE	68057
Scroggins, TX	75480
Scuddy, KY	41760
Scurry, TX	75158
Sea Cliff, NY	11579
Sea Girt, NJ	08750
Sea Island, GA	31561
Sea Isle City, NJ	08243
Seabeck, WA	98380
Seaboard, NC	27876
Seabrook, NH	03874
Seabrook, SC	29940
Seabrook, TX	77586
Seadrift, TX	77983
Seaford, DE	19973
Seaford, NY	11783
Seaford, VA	23696
Seaforth, MN	56287
Seagoville, TX	75159
Seagraves, TX	79359
Seagrove, NC	27341
Seahurst, WA	98062
Seal Beach, CA	90740
Seal Cove, ME	04674
Seal Harbor, ME	04675
Seal Rock, OR	97376
Seale, AL	36875
Sealevel, NC	28577
Sealston, VA	22547
Sealy, TX	77474
Seaman, OH	45679
Seanor, PA	15953
Searchlight, NV	89046
Searles, MN	56084
Sears, MI	49679
Searsboro, IA	50242
Searsmont, ME	04973
Searsport, ME	04974
Seaside Heights, NJ	08751
Seaside Park, NJ	08752
Seaside, CA	93955
Seaside, OR	97138
Seaton, IL	61476
Seatonville, IL	61359
Seaview, VA	23429
Seaview, WA	98644
Sebago Lake, ME	04075
Sebago, ME	04029
Sebasco Estates, ME	04565
Sebastian, TX	78594
Sebastopol, MS	39359
Sebec, ME	04481
Sebeka, MN	56477
Sebewaing, MI	48759
Sebree, KY	42455
Sebring, OH	44672
Seco, KY	41849
Second Mesa, AZ	86043
Secondcreek, WV	24974
Secor, IL	61771
Secretary, MD	21664
Section, AL	35771
Sedalia, CO	80135
Sedalia, IN	46067
Sedalia, KY	42079
Sedalia, NC	27342
Sedalia, OH	43151
Sedan, KS	67361
Sedan, NM	88436
Sedgewickville, MO	63781
Sedgwick, AR	72465
Sedgwick, CO	80749
Sedgwick, KS	67135
Sedgwick, ME	04676
Sedley, VA	23878
Sedro Woolley, WA	98284
Seekonk, MA	02771
Seeley Lake, MT	59868
Seeley, CA	92273
Seelyville, IN	47878
Seiad Valley, CA	96086
Seibert, CO	80834
Seiling, OK	73663
Sekiu, WA	98381
Selah, WA	98942
Selawik, AK	99770
Selby, SD	57472
Selbyville, DE	19975
Selbyville, WV	26236
Selden, KS	67757
Selden, NY	11784
Seldovia, AK	99663
Selfridge, ND	58568
Seligman, AZ	86337
Seligman, MO	65745
Selinsgrove, PA	17870
Selkirk, NY	12158
Sellers, SC	29592
Sellersburg, IN	47172
Sellersville, PA	18960
Sells, AZ	85634
Selma, CA	93662
Selma, IA	52588
Selma, IN	47383
Selma, NC	27576
Selma, OR	97538
Selma, VA	24474
Selman City, TX	75689
Selmer, TN	38375
Seltzer, PA	17974
Seminary, MS	39479
Seminole, AL	36574
Seminole, PA	16253
Seminole, TX	79360
Semmes, AL	36575
Semora, NC	27343
Senath, MO	63876
Senatobia, MS	38668
Seneca Castle, NY	14547
Seneca Falls, NY	13148
Seneca Rocks, WV	26884
Seneca, IL	61360
Seneca, KS	66538
Seneca, MO	64865
Seneca, NE	69161
Seneca, OR	97873
Seneca, PA	16346
Seneca, SD	57473
Seneca, WI	54654
Senecaville, OH	43780
Seney, MI	49883
Senoia, GA	30276
Sentinel Butte, ND	58654
Sentinel, OK	73664
Sequatchie, TN	37374
Sequim, WA	98382
Sequoia National Park, CA	93262
Serafina, NM	87569
Serena, IL	60549
Sergeant Bluff, IA	51054
Sergeantsville, NJ	08557
Servia, IN	46980
Sesser, IL	62884
Seth, WV	25181
Seven Mile, OH	45062
Seven Springs, NC	28578
Seven Valleys, PA	17360
Severance, CO	80546
Severance, NY	12872
Severn, MD	21144
Severn, NC	27877
Severn, VA	23155
Severna Park, MD	21146
Severy, KS	67137
Sevier, UT	84766
Seville, FL	32190
Seville, GA	31084
Seville, OH	44273
Seward, AK	99664
Seward, IL	61077
Seward, NE	68434
Seward, PA	15954
Sewaren, NJ	07077
Sewell, NJ	08080
Sewickley, PA	15143
Sextons Creek, KY	40983
Sextonville, WI	53584
Seymour, CT	06483
Seymour, IA	52590
Seymour, IL	61875
Seymour, IN	47274
Seymour, MO	65746
Seymour, TN	37865
Seymour, TX	76380
Seymour, WI	54165
Shabbona, IL	60550
Shacklefords, VA	23156
Shade Gap, PA	17255
Shade, OH	45776
Shady Cove, OR	97539
Shady Dale, GA	31085
Shady Grove, FL	32357
Shady Grove, PA	17256
Shady Point, OK	74956
Shady Side, MD	20764
Shady Spring, WV	25918
Shady Valley, TN	37688
Shadyside, OH	43947
Shafer, MN	55074
Shafter, CA	93263
Shaftsburg, MI	48882
Shaftsbury, VT	05262
Shageluk, AK	99665
Shakopee, MN	55379
Shaktoolik, AK	99771
Shalimar, FL	32579
Shallowater, TX	79363
Shambaugh, IA	51651
Shamokin Dam, PA	17876
Shamokin, PA	17872
Shamrock, OK	74068
Shamrock, TX	79079
Shandaken, NY	12480
Shandon, CA	93461
Shandon, OH	45063
Shaniko, OR	97057
Shanks, WV	26761
Shanksville, PA	15560
Shannock, RI	02875
Shannon City, IA	50861
Shannon, AL	35142
Shannon, GA	30172
Shannon, IL	61078
Shannon, MS	38868
Shannon, NC	28386
Shapleigh, ME	04076
Sharon Center, OH	44274
Sharon Grove, KY	42280
Sharon Hill, PA	19079
Sharon Springs, KS	67758
Sharon Springs, NY	13459
Sharon, CT	06069
Sharon, GA	30664
Sharon, KS	67138
Sharon, MA	02067
Sharon, MS	39163
Sharon, ND	58277
Sharon, OK	73857
Sharon, PA	16146
Sharon, SC	29742
Sharon, TN	38255
Sharon, VT	05065
Sharon, WI	53585
Sharpes, FL	32959
Sharples, WV	25183
Sharps Chapel, TN	37866
Sharps, VA	22548
Sharpsburg, GA	30277
Sharpsburg, IA	50862
Sharpsburg, KY	40374
Sharpsburg, MD	21782
Sharpsburg, NC	27878
Sharpsburg, OH	45777
Sharpsville, IN	46068
Sharpsville, PA	16150
Sharptown, MD	21861
Shartlesville, PA	19554
Shasta, CA	96087
Shattuck, OK	73858
Shauck, OH	43349
Shaver Lake, CA	93664
Shavertown, PA	18708
Shaw AFB, SC	29152
Shaw Island, WA	98286
Shaw, MS	38773
Shawanee, TN	37867
Shawanese, PA	18654
Shawano, WI	54166
Shawboro, NC	27973
Shawmut, ME	04975
Shawmut, MT	59078
Shawnee Mission, KS	66279
Shawnee On Delaware, PA	18356
Shawnee, CO	80475
Shawnee, OH	43782
Shawnee, WY	82229
Shawneetown, IL	62984
Shawsville, VA	24162
Shawville, PA	16873
Sheakleyville, PA	16151
Sheboygan Falls, WI	53085
Shedd, OR	97377
Sheep Springs, NM	87364
Sheffield Lake, OH	44054
Sheffield, AL	35660
Sheffield, IA	50475
Sheffield, IL	61361
Sheffield, MA	01257
Sheffield, PA	16347
Sheffield, TX	79781
Sheffield, VT	05866
Shelbiana, KY	41562
Shelbina, MO	63468
Shelburn, IN	47879
Shelburne Falls, MA	01370
Shelburne, VT	05482
Shelby Gap, KY	41563
Shelby, AL	35143
Shelby, IA	51570
Shelby, IN	46377
Shelby, MI	49455
Shelby, MS	38774
Shelby, MT	59474
Shelby, NE	68662
Shelby, OH	44875
Shelbyville, IL	62565
Shelbyville, IN	46176
Shelbyville, MI	49344
Shelbyville, MO	63469
Shelbyville, TX	75973
Sheldahl, IA	50243
Sheldon Springs, VT	05485
Sheldon, IA	51201
Sheldon, IL	60966
Sheldon, MO	64784
Sheldon, ND	58068
Sheldon, SC	29941
Sheldon, VT	05483
Sheldon, WI	54766
Sheldonville, MA	02070
Shell Knob, MO	65747
Shell Lake, WI	54871
Shell Rock, IA	50670
Shell, WY	82441
Shelley, ID	83274
Shellman, GA	39886
Shellsburg, IA	52332
Shelly, MN	56581
Shelocta, PA	15774
Shelter Island Heights, NY	11965
Shelter Island, NY	11964
Shelton, CT	06484
Shelton, NE	68876
Shelton, WA	98584
Shenandoah Junction, WV	25442
Shenandoah, PA	17976
Shenandoah, VA	22849
Shenorock, NY	10587
Shepardsville, IN	47880
Shepherd, MI	48883
Shepherd, MT	59079
Shepherd, TX	77371
Shepherdstown, WV	25443
Sheppard AFB, TX	76311
Sheppton, PA	18248
Sherard, MS	38669
Sherborn, MA	01770
Sherburn, MN	56171
Sherburne, NY	13460
Sheridan Lake, CO	81071
Sheridan, AR	72150
Sheridan, CA	95681
Sheridan, IL	60551
Sheridan, IN	46069
Sheridan, ME	04775
Sheridan, MI	48884
Sheridan, MO	64486
Sheridan, MT	59749
Sheridan, NY	14135
Sheridan, OR	97378
Sheridan, TX	77475
Sheridan, WY	82801
Sherman, CT	06784
Sherman, IL	62684
Sherman, ME	04776
Sherman, MS	38869
Sherman, NY	14781
Shermans Dale, PA	17090
Sherrard, IL	61281
Sherrill, AR	72152
Sherrill, IA	52073
Sherrill, NY	13461
Sherrills Ford, NC	28673
Sherrodsville, OH	44675
Sherwood, AR	72120
Sherwood, MD	21665
Sherwood, MI	49089
Sherwood, ND	58782
Sherwood, OH	43556
Sherwood, OR	97140
Sherwood, TN	37376
Sherwood, WI	54169
Shevlin, MN	56676
Sheyenne, ND	58374
Shickley, NE	68436
Shickshinny, PA	18655
Shidler, OK	74652
Shields, ND	58569
Shiloh, GA	31826
Shiloh, NC	27974
Shiloh, NJ	08353
Shiloh, OH	44878
Shiloh, TN	38376
Shiner, TX	77984
Shingle Springs, CA	95682
Shinglehouse, PA	16748
Shingleton, MI	49884
Shingletown, CA	96088
Shinhopple, NY	13837
Shinnston, WV	26431
Shiocton, WI	54170
Shipman, IL	62685
Shipman, VA	22971
Shippensburg, PA	17257
Shippenville, PA	16254
Shippingport, PA	15077
Shiprock, NM	87420
Shipshewana, IN	46565
Shirland, IL	61079
Shirley Basin, WY	82615
Shirley Mills, ME	04485
Shirley, AR	72153
Shirley, IL	61772
Shirley, IN	47384
Shirley, MA	01464
Shirley, NY	11967
Shirley, WV	26434
Shirleysburg, PA	17260
Shiro, TX	77876
Shishmaref, AK	99772
Shoals, IN	47581
Shoals, WV	25562
Shobonier, IL	62885
Shock, WV	26638
Shoemakersville, PA	19555
Shohola, PA	18458
Shokan, NY	12481
Shongaloo, LA	71072
Shonto, AZ	86054
Shook, MO	63963
Shoreham, NY	11786
Shoreham, VT	05770
Shorewood, IL	60404
Short Creek, WV	26058
Short Hills, NJ	07078
Shorter, AL	36075
Shorterville, AL	36373
Shortsville, NY	14548
Shortt Gap, VA	24647
Shoshone, CA	92384
Shoshone, ID	83352
Shoshoni, WY	82649
Shoup, ID	83469
Showell, MD	21862
Shreve, OH	44676
Shrewsbury, NJ	07702
Shrewsbury, PA	17361
Shrub Oak, NY	10588
Shubert, NE	68437
Shubuta, MS	39360
Shullsburg, WI	53586
Shumway, IL	62461
Shungnak, AK	99773
Shunk, PA	17768
Shuqualak, MS	39361
Shushan, NY	12873
Shutesbury, MA	01072
Siasconset, MA	02564
Sibley, IA	51249
Sibley, IL	61773
Sibley, LA	71073
Sibley, MO	64088
Sibley, MS	39165
Sicily Island, LA	71368
Sicklerville, NJ	08081
Side Lake, MN	55781
Sidell, IL	61876
Sidman, PA	15955
Sidnaw, MI	49961
Sidney Center, NY	13839
Sidney, AR	72577
Sidney, IA	51652
Sidney, IL	61877
Sidney, KY	41564
Sidney, MI	48885
Sidney, MT	59270
Sidney, NY	13838
Sidney, TX	76474
Sidon, MS	38954
Sieper, LA	71472
Sierra Blanca, TX	79851
Sierra City, CA	96125
Sierraville, CA	96126
Sigel, IL	62462
Sigel, PA	15860
Signal Hill, CA	90755
Signal Mountain, TN	37377
Sigourney, IA	52591
Sigurd, UT	84657
Sikes, LA	71473
Sikeston, MO	63801
Silas, AL	36919
Siler City, NC	27344
Siler, KY	40763
Silerton, TN	38377
Siletz, OR	97380
Silex, MO	63377
Siloam Springs, AR	72761
Siloam, GA	30665
Siloam, NC	27047
Silsbee, TX	77656
Silt, CO	81652
Siluria, AL	35144
Silva, MO	63964
Silvana, WA	98287
Silver Bay, MN	55614
Silver Bay, NY	12874
Silver Beach, MA	02565
Silver City, IA	51571
Silver City, MS	39166
Silver City, NV	89428
Silver Creek, GA	30173
Silver Creek, MN	55380
Silver Creek, MS	39663
Silver Creek, NE	68663
Silver Creek, NY	14136
Silver Creek, WA	98585
Silver Gate, MT	59081
Silver Grove, KY	41085
Silver Lake, IN	46982
Silver Lake, KS	66539
Silver Lake, MN	55381
Silver Lake, NH	03875
Silver Lake, NY	14549
Silver Lake, OR	97638
Silver Plume, CO	80476
Silver Point, TN	38582
Silver Spring, PA	17575
Silver Springs, NV	89429
Silver Springs, NY	14550
Silver Star, MT	59751
Silver, TX	76949
Silverado, CA	92676
Silverdale, PA	18962
Silverhill, AL	36576
Silverlake, WA	98645
Silverpeak, NV	89047
Silverstreet, SC	29145
Silverton, CO	81433
Silverton, ID	83867
Silverton, OR	97381
Silverton, TX	79257
Silverwood, MI	48760
Silvis, IL	61282
Simla, CO	80835
Simmesport, LA	71369
Simms, MT	59477
Simms, TX	75574
Simon, WV	24882
Simonton, TX	77476
Simpson, IL	62985
Simpson, KS	67478
Simpson, LA	71474
Simpson, NC	27879
Simpson, WV	26435
Simpsonville, KY	40067
Simpsonville, MD	21150
Sims, AR	71969
Sims, IL	62886
Sims, NC	27880
Simsboro, LA	71275
Simsbury, CT	06070
Sinai, SD	57061
Sinclair, ME	04779
Sinclair, WY	82334
Sinclairville, NY	14782
Singer, LA	70660
Singers Glen, VA	22850
Sinking Spring, OH	45172
Sinks Grove, WV	24976
Sinnamahoning, PA	15861
Sinsinawa, WI	53824
Sinton, TX	78387
Sioux Center, IA	51250
Sioux Rapids, IA	50585
Sipesville, PA	15561
Sipsey, AL	35584
Siren, WI	54872
Sisseton, SD	57262
Sister Bay, WI	54234
Sisters, OR	97759
Sistersville, WV	26175
Sitka, AK	99835
Sitka, KY	41255
Six Lakes, MI	48886
Six Mile Run, PA	16679
Six Mile, SC	29682
Sixes, OR	97476
Sizerock, KY	41762
Skagway, AK	99840
Skamokawa, WA	98647
Skandia, MI	49885
Skaneateles Falls, NY	13153
Skaneateles, NY	13152
Skanee, MI	49962
Skellytown, TX	79080
Skelton, WV	25919
Skiatook, OK	74070
Skidmore, MO	64487
Skidmore, TX	78389
Skillman, NJ	08558
Skippack, PA	19474
Skippers, VA	23879
Skipperville, AL	36374
Skipwith, VA	23968
Skowhegan, ME	04976
Skull Valley, AZ	86338
Skwentna, AK	99667
Skyforest, CA	92385
Skykomish, WA	98288
Skyland, NC	28776
Skytop, PA	18357
Slab Fork, WV	25920
Slade, KY	40376
Slagle, LA	71475
Slanesville, WV	25444
Slate Hill, NY	10973
Slate Run, PA	17769
Slate Spring, MS	38955
Slatedale, PA	18079
Slater, CO	81653
Slater, IA	50244
Slater, MO	65349
Slater, SC	29683
Slatersville, RI	02876
Slaterville Springs, NY	14881
Slatington, PA	18080
Slaton, TX	79364
Slatyfork, WV	26291
Slaughter, LA	70777
Slaughters, KY	42456
Slayden, TN	37165
Slayton, MN	56172
Sleepy Eye, MN	56085
Sleetmute, AK	99668
Slemp, KY	41763
Slick, OK	74071
Slickville, PA	15684
Slidell, TX	76267
Sligo, PA	16255
Slinger, WI	53086
Slingerlands, NY	12159
Slippery Rock, PA	16057
Sloan, IA	51055
Sloan, NV	89054
Sloansville, NY	12160
Sloatsburg, NY	10974
Slocomb, AL	36375
Slocum, RI	02877
Sloughhouse, CA	95683
Slovan, PA	15078
Smackover, AR	71762
Smallwood, NY	12778
Smarr, GA	31086
Smartsville, CA	95977
Smartt, TN	37378
Smelterville, ID	83868
Smethport, PA	16749
Smicksburg, PA	16256
Smilax, KY	41764
Smiley, TX	78159
Smith Center, KS	66967
Smith Lake, NM	87365
Smith Mills, KY	42457
Smith River, CA	95567
Smith, NV	89430
Smithboro, IL	62284
Smithboro, NY	13840
Smithburg, WV	26436
Smithdale, MS	39664
Smithers, WV	25186
Smithfield, IL	61477
Smithfield, KY	40068
Smithfield, ME	04978
Smithfield, NC	27577
Smithfield, NE	68976
Smithfield, OH	43948
Smithfield, PA	15478
Smithfield, RI	02917
Smithfield, UT	84335
Smithfield, WV	26437
Smithland, IA	51056
Smithland, KY	42081
Smithmill, PA	16680
Smiths Creek, MI	48074
Smiths Grove, KY	42171
Smiths Station, AL	36877
Smithsburg, MD	21783
Smithshire, IL	61478
Smithton, IL	62285
Smithton, MO	65350
Smithton, PA	15479
Smithtown, NY	11787
Smithville Flats, NY	13841
Smithville, AR	72466
Smithville, GA	31787
Smithville, IN	47458
Smithville, MO	64089
Smithville, MS	38870
Smithville, OH	44677
Smithville, OK	74957
Smithville, TN	37166
Smithville, TX	78957
Smithville, WV	26178
Smithwick, SD	57782
Smoaks, SC	29481
Smock, PA	15480
Smokerun, PA	16681
Smoketown, PA	17576
Smoot, WV	24977
Smoot, WY	83126
Smyer, TX	79367
Smyrna Mills, ME	04780
Smyrna, DE	19977
Smyrna, MI	48887
Smyrna, NC	28579
Smyrna, NY	13464
Smyrna, SC	29743
Smyrna, TN	37167
Sneads Ferry, NC	28460
Sneads, FL	32460
Sneedville, TN	37869
Snelling, CA	95369
Snook, TX	77878
Snoqualmie Pass, WA	98068
Snoqualmie, WA	98065
Snover, MI	48472
Snow Camp, NC	27349
Snow Hill, MD	21863
Snow Hill, NC	28580
Snow Lake, AR	72379
Snow Shoe, PA	16874
Snow, OK	74567
Snowflake, AZ	85937
Snowmass Village, CO	81615
Snowmass, CO	81654
Snowshoe, WV	26209
Snowville, UT	84336
Snyder, CO	80750
Snyder, NE	68664
Snyder, OK	73566
Snydersburg, PA	16257
Snydertown, PA	17877
Soap Lake, WA	98851
Sobieski, WI	54171
Social Circle, GA	30025
Society Hill, SC	29593
Socorro, NM	87801
Sod, WV	25564
Soda Springs, CA	95728
Soda Springs, ID	83276
Sodus Point, NY	14555
Sodus, MI	49126
Sodus, NY	14551
Solana Beach, CA	92075
Solano, NM	87746
Soldier, IA	51572
Soldier, KS	66540
Soldier, KY	41173
Soldiers Grove, WI	54655
Soldotna, AK	99669
Solebury, PA	18963
Soledad, CA	93960
Solen, ND	58570
Solgohachia, AR	72156
Solo, MO	65564
Solomon, AZ	85551
Solomon, KS	67480
Solomons, MD	20688
Solon Springs, WI	54873
Solon, IA	52333
Solon, ME	04979
Solon, OH	44139
Solsberry, IN	47459
Solsville, NY	13465
Solway, MN	56678
Somerdale, NJ	08083
Somerdale, OH	44678
Somers Point, NJ	08244
Somers, CT	06071
Somers, IA	50586
Somers, MT	59932
Somers, NY	10589
Somers, WI	53171
Somerset Center, MI	49282
Somerset, CA	95684
Somerset, CO	81434
Somerset, IN	46984
Somerset, MI	49281
Somerset, OH	43783
Somerset, TX	78069
Somerset, VA	22972
Somerset, WI	54025
Somersville, CT	06072
Somersworth, NH	03878
Somerton, AZ	85350
Somerville, AL	35670
Somerville, IN	47683
Somerville, NJ	08876
Somerville, OH	45064
Somerville, TN	38068
Somerville, TX	77879
Somerville, VA	22739
Somes Bar, CA	95568
Somis, CA	93066
Somonauk, IL	60552
Sondheimer, LA	71276
Sonoita, AZ	85637
Sonoma, CA	95476
Sonora, CA	95370
Sonora, KY	42776
Sonora, TX	76950
Sontag, MS	39665
Sonyea, NY	14556
Sopchoppy, FL	32358
Soper, OK	74759
Soperton, GA	30457
Sophia, NC	27350
Sophia, WV	25921
Soquel, CA	95073
Sorento, IL	62086
Sorrento, FL	32776
Sorrento, LA	70778
Sorrento, ME	04677
Soso, MS	39480
Soudan, MN	55782
Souderton, PA	18964
Soulsbyville, CA	95372
Sound Beach, NY	11789
Sour Lake, TX	77659
Souris, ND	58783
South Acworth, NH	03607
South Amana, IA	52334
South Amboy, NJ	08879
South Barre, MA	01074
South Barre, VT	05670
South Bay, FL	33493
South Beach, OR	97366
South Beloit, IL	61080
South Bend, NE	68058
South Bend, TX	76481
South Bend, WA	98586
South Berwick, ME	03908
South Bethlehem, NY	12161
South Bloomingville, OH	43152
South Boardman, MI	49680
South Boston, MA	02127
South Boston, VA	24592
South Bound Brook, NJ	08880
South Branch, MI	48761
South Bristol, ME	04568
South Britain, CT	06487
South Butler, NY	13154
South Byron, NY	14557
South Cairo, NY	12482
South Canaan, PA	18459
South Carrollton, KY	42374
South Carver, MA	02366
South Casco, ME	04077
South Charleston, OH	45368
South Chatham, MA	02659
South China, ME	04358
South Cle Elum, WA	98943
South Colby, WA	98384
South Colton, NY	13687
South Dartmouth, MA	02748
South Dayton, NY	14138
South Deerfield, MA	01373
South Dennis, MA	02660
South Dennis, NJ	08245
South Dos Palos, CA	93665
South Easton, MA	02375
South Egremont, MA	01258
South El Monte, CA	91733
South Elgin, IL	60177
South English, IA	52335
South Fallsburg, NY	12779
South Fork, CO	81154
South Fork, MO	65776
South Fork, PA	15956
South Freeport, ME	04078
South Fulton, TN	38257
South Gardiner, ME	04359
South Gate, CA	90280
South Gibson, PA	18842
South Glastonbury, CT	06073
South Glens Falls, NY	12803
South Grafton, MA	01560
South Greenfield, MO	65752
South Hackensack, NJ	07606
South Hadley, MA	01075
South Hamilton, MA	01982
South Harwich, MA	02661
South Haven, KS	67140
South Haven, MI	49090
South Haven, MN	55382
South Heart, ND	58655
South Heights, PA	15081
South Hero, VT	05486
South Hill, VA	23970
South Holland, IL	60473
South Houston, TX	77587
South Hutchinson, KS	67505
South International Falls, MN	56679
South Jamesport, NY	11970
South Kent, CT	06785
South Kortright, NY	13842
South Lancaster, MA	01561
South Lebanon, OH	45065
South Lee, MA	01260
South Lima, NY	14558
South Londonderry, VT	05155
South Lyme, CT	06376
South Lyon, MI	48178
South Milford, IN	46786
South Mills, NC	27976
South Milwaukee, WI	53172
South Montrose, PA	18843
South Mountain, PA	17261
South Naknek, AK	99670
South New Berlin, NY	13843
South Newbury, NH	03272
South Newfane, VT	05351
South Orange, NJ	07079
South Orleans, MA	02662
South Otselic, NY	13155
South Ozone Park, NY	11420
South Padre Island, TX	78597
South Paris, ME	04281
South Park, PA	15129
South Pekin, IL	61564
South Pittsburg, TN	37380
South Plainfield, NJ	07080
South Plains, TX	79258
South Plymouth, NY	13844
South Point, OH	45680
South Pomfret, VT	05067
South Portsmouth, KY	41174
South Prairie, WA	98385
South Range, MI	49963
South Range, WI	54874
South Richmond Hill, NY	11419
South River, NJ	08882
South Rockwood, MI	48179
South Roxana, IL	62087
South Royalton, VT	05068
South Ryegate, VT	05069
South Saint Paul, MN	55075
South Salem, NY	10590
South Salem, OH	45681
South Seaville, NJ	08246
South Shore, KY	41175
South Shore, SD	57263
South Sioux City, NE	68776
South Solon, OH	43153
South Sterling, PA	18460
South Strafford, VT	05070
South Sutton, NH	03273
South Tamworth, NH	03883
South Thomaston, ME	04858
South Union, KY	42283
South Vienna, OH	45369
South Wales, NY	14139
South Walpole, MA	02071
South Wayne, WI	53587
South Webster, OH	45682
South Wellfleet, MA	02663
South West City, MO	64863
South Weymouth, MA	02190
South Whitley, IN	46787
South Williamson, KY	41503
South Willington, CT	06265
South Wilmington, IL	60474
South Windham, CT	06266
South Windham, ME	04082
South Windsor, CT	06074
South Woodstock, CT	06267
South Woodstock, VT	05071
South Yarmouth, MA	02664
Southampton, MA	01073
Southampton, PA	18966
Southard, OK	73770
Southborough, MA	01772
Southbridge, MA	01550
Southbury, CT	06488
Southfield, MA	01259
Southfields, NY	10975
Southgate, MI	48195
Southington, CT	06489
Southington, OH	44470
Southlake, TX	76092
Southmayd, TX	76268
Southmont, NC	27351
Southold, NY	11971
Southport, CT	06890
Southport, ME	04576
Southport, NC	28461
Southside, TN	37171
Southside, WV	25187
Southview, PA	15361
Southwest Harbor, ME	04679
Southwest, PA	15685
Southwick, MA	01077
Southworth, WA	98386
Spaceport City, NM	87654
Spade, TX	79369
Spalding, MI	49886
Spalding, NE	68665
Spanaway, WA	98387
Spangle, WA	99031
Spangler, PA	15775
Spanish Fork, UT	84660
Spanish Fort, AL	36577
Spanishburg, WV	25922
Sparkill, NY	10976
Sparkman, AR	71763
Sparks Glencoe, MD	21152
Sparks, GA	31647
Sparks, NE	69220
Sparks, OK	74869
Sparland, IL	61565
Sparr, FL	32192
Sparrow Bush, NY	12780
Sparrows Point, MD	21219
Sparta, GA	31087
Sparta, IL	62286
Sparta, KY	41086
Sparta, MI	49345
Sparta, MO	65753
Sparta, NC	28675
Sparta, NJ	07871
Sparta, OH	43350
Sparta, TN	38583
Sparta, VA	22552
Sparta, WI	54656
Spartansburg, PA	16434
Spavinaw, OK	74366
Spearman, TX	79081
Spearsville, LA	71277
Spearville, KS	67876
Speculator, NY	12164
Speed, NC	27881
Speedwell, TN	37870
Speedwell, VA	24374
Speer, IL	61479
Spelter, WV	26438
Spencer, IA	51301
Spencer, ID	83446
Spencer, IN	47460
Spencer, MA	01562
Spencer, NC	28159
Spencer, NE	68777
Spencer, NY	14883
Spencer, OH	44275
Spencer, OK	73084
Spencer, SD	57374
Spencer, TN	38585
Spencer, VA	24165
Spencer, WI	54479
Spencer, WV	25276
Spencerport, NY	14559
Spencertown, NY	12165
Spencerville, IN	46788
Spencerville, MD	20868
Spencerville, OH	45887
Spencerville, OK	74760
Speonk, NY	11972
Sperry, IA	52650
Sperry, OK	74073
Sperryville, VA	22740
Spiceland, IN	47385
Spicer, MN	56288
Spicewood, TX	78669
Spickard, MO	64679
Spillville, IA	52168
Spindale, NC	28160
Spinnerstown, PA	18968
Spirit Lake, IA	51360
Spirit Lake, ID	83869
Spiritwood, ND	58481
Spiro, OK	74959
Spivey, KS	67142
Splendora, TX	77372
Spofford, NH	03462
Spokane, MO	65754
Spooner, WI	54801
Spotswood, NJ	08884
Spottsville, KY	42458
Spout Spring, VA	24593
Spraggs, PA	15362
Sprague River, OR	97639
Sprague, NE	68438
Sprague, WA	99032
Spragueville, IA	52074
Sprakers, NY	12166
Sprankle Mills, PA	15776
Spray, OR	97874
Spreckels, CA	93962
Spring Arbor, MI	49283
Spring Branch, TX	78070
Spring Brook, NY	14140
Spring Church, PA	15686
Spring City, PA	19475
Spring City, TN	37381
Spring City, UT	84662
Spring Creek, NV	89815
Spring Creek, PA	16436
Spring Creek, TN	38378
Spring Dale, WV	25986
Spring Gap, MD	21560
Spring Garden, AL	36275
Spring Glen, NY	12483
Spring Glen, PA	17978
Spring Green, WI	53588
Spring Grove, IL	60081
Spring Grove, MN	55974
Spring Grove, PA	17362
Spring Grove, VA	23881
Spring Hill, KS	66083
Spring Hill, TN	37174
Spring Hope, NC	27882
Spring House, PA	19477
Spring Lake, MI	49456
Spring Lake, MN	56680
Spring Lake, NC	28390
Spring Lake, NJ	07762
Spring Mills, PA	16875
Spring Mount, PA	19478
Spring Park, MN	55384
Spring Run, PA	17262
Spring Valley, IL	61362
Spring Valley, MN	55975
Spring Valley, NY	10977
Spring Valley, OH	45370
Spring Valley, WI	54767
Springboro, OH	45066
Springboro, PA	16435
Springbrook, IA	52075
Springbrook, WI	54875
Springdale, MT	59082
Springdale, PA	15144
Springdale, UT	84767
Springdale, WA	99173
Springer, NM	87747
Springer, OK	73458
Springerton, IL	62887
Springerville, AZ	85938
Springfield Center, NY	13468
Springfield Gardens, NY	11413
Springfield, AR	72157
Springfield, CO	81073
Springfield, GA	31329
Springfield, ID	83277
Springfield, KY	40069
Springfield, LA	70462
Springfield, ME	04487
Springfield, MN	56087
Springfield, NE	68059
Springfield, NH	03284
Springfield, NJ	07081
Springfield, PA	19064
Springfield, SC	29146
Springfield, SD	57062
Springfield, TN	37172
Springfield, VT	05156
Springfield, WI	53176
Springfield, WV	26763
Springhill, LA	71075
Springlake, TX	79082
Springport, IN	47386
Springport, MI	49284
Springs, PA	15562
Springtown, PA	18081
Springtown, TX	76082
Springvale, ME	04083
Springview, NE	68778
Springville, AL	35146
Springville, CA	93265
Springville, IA	52336
Springville, IN	47462
Springville, NY	14141
Springville, PA	18844
Springville, TN	38256
Springville, UT	84663
Springwater, NY	14560
Sproul, PA	16682
Spruce Creek, PA	16683
Spruce Head, ME	04859
Spruce Pine, AL	35585
Spruce Pine, NC	28777
Spruce, MI	48762
Spur, TX	79370
Spurgeon, IN	47584
Spurger, TX	77660
Spurlockville, WV	25565
Squaw Lake, MN	56681
Squaw Valley, CA	93675
Squire, WV	24884
Squires, MO	65755
Squirrel Island, ME	04570
St Columbans, NE	68056
St John, KS	67576
Staatsburg, NY	12580
Stacy, NC	28581
Stacyville, IA	50476
Stacyville, ME	04777
Stafford Springs, CT	06076
Stafford, CT	06075
Stafford, KS	67578
Stafford, NY	14143
Stafford, OH	43786
Staffordsville, KY	41256
Staffordsville, VA	24167
Staffordville, CT	06077
Stahlstown, PA	15687
Staley, NC	27355
Stambaugh, KY	41257
Stambaugh, MI	49964
Stamford, NE	68977
Stamford, NY	12167
Stamford, TX	79553
Stamford, VT	05352
Stamping Ground, KY	40379
Stamps, AR	71860
Stanaford, WV	25927
Stanardsville, VA	22973
Stanberry, MO	64489
Stanchfield, MN	55080
Standard, CA	95373
Standard, IL	61363
Standish, CA	96128
Standish, ME	04084
Standish, MI	48658
Stanfield, NC	28163
Stanfield, OR	97875
Stanford, CA	94305
Stanford, IL	61774
Stanford, IN	47463
Stanford, KY	40484
Stanford, MT	59479
Stanfordville, NY	12581
Stanhope, IA	50246
Stanhope, NJ	07874
Stanley, IA	50671
Stanley, ID	83278
Stanley, KY	42375
Stanley, NC	28164
Stanley, ND	58784
Stanley, NM	87056
Stanley, NY	14561
Stanley, VA	22851
Stanley, WI	54768
Stanleytown, VA	24168
Stanton, AL	36790
Stanton, CA	90680
Stanton, IA	51573
Stanton, KY	40380
Stanton, MI	48888
Stanton, MO	63079
Stanton, ND	58571
Stanton, NE	68779
Stanton, NJ	08885
Stanton, TN	38069
Stanton, TX	79782
Stantonsburg, NC	27883
Stantonville, TN	38379
Stanville, KY	41659
Stanwood, IA	52337
Stanwood, MI	49346
Stanwood, WA	98292
Staplehurst, NE	68439
Staples, MN	56479
Staples, TX	78670
Stapleton, AL	36578
Stapleton, GA	30823
Stapleton, NE	69163
Star City, AR	71667
Star City, IN	46985
Star Junction, PA	15482
Star Lake, NY	13690
Star Lake, WI	54561
Star Prairie, WI	54026
Star Tannery, VA	22654
Star, ID	83669
Star, MS	39167
Star, NC	27356
Star, TX	76880
Starbuck, MN	56381
Starbuck, WA	99359
Starford, PA	15777
Stark City, MO	64866
Stark, KS	66775
Starke, FL	32091
Starks, LA	70661
Starksboro, VT	05487
Starkweather, ND	58377
Starlight, PA	18461
Starr, SC	29684
Starrucca, PA	18462
Start, LA	71279
Startex, SC	29377
Startup, WA	98293
State Center, IA	50247
State Farm, VA	23160
State Line, IN	47982
State Line, MS	39362
State Line, PA	17263
State Park, SC	29147
State Road, NC	28676
State University, AR	72467
Stateline, NV	89449
Statenville, GA	31648
Statham, GA	30666
Staunton, IL	62088
Staunton, IN	47881
Stayton, OR	97383
Steamboat Rock, IA	50672
Steamburg, NY	14783
Stearns, KY	42647
Stebbins, AK	99671
Stedman, NC	28391
Steedman, MO	65077
Steele City, NE	68440
Steele, AL	35987
Steele, KY	41566
Steele, MO	63877
Steele, ND	58482
Steeles Tavern, VA	24476
Steeleville, IL	62288
Steelville, MO	65565
Steen, MN	56173
Steens, MS	39766
Steep Falls, ME	04085
Steger, IL	60475
Stehekin, WA	98852
Steilacoom, WA	98388
Steinauer, NE	68441
Steinhatchee, FL	32359
Stella Niagara, NY	14144
Stella, MO	64867
Stella, NC	28582
Stella, NE	68442
Stem, NC	27581
Stendal, IN	47585
Stephan, SD	57346
Stephen, MN	56757
Stephens City, VA	22655
Stephens, AR	71764
Stephens, GA	30667
Stephenson, MI	49887
Stephenson, VA	22656
Stephenson, WV	25928
Stephensport, KY	40170
Steptoe, WA	99174
Sterling City, TX	76951
Sterling Forest, NY	10979
Sterling, AK	99672
Sterling, CO	80751
Sterling, CT	06377
Sterling, IL	61081
Sterling, KS	67579
Sterling, MA	01564
Sterling, MI	48659
Sterling, ND	58572
Sterling, NE	68443
Sterling, NY	13156
Sterling, OH	44276
Sterling, OK	73567
Sterling, PA	18463
Sterling, UT	84665
Sterlington, LA	71280
Sterrett, AL	35147
Stet, MO	64680
Stetson, ME	04488
Stetsonville, WI	54480
Steuben, ME	04680
Steuben, WI	54657
Stevens Village, AK	99774
Stevens, PA	17578
Stevensburg, VA	22741
Stevenson Ranch, CA	91381
Stevenson, AL	35772
Stevenson, CT	06491
Stevenson, MD	21153
Stevenson, WA	98648
Stevensville, MD	21666
Stevensville, MI	49127
Stevensville, MT	59870
Stevensville, PA	18845
Stevensville, VA	23161
Stevinson, CA	95374
Steward, IL	60553
Stewardson, IL	62463
Stewart, MN	55385
Stewart, MS	39767
Stewart, OH	45778
Stewart, TN	37175
Stewarts Point, CA	95480
Stewartstown, PA	17363
Stewartsville, MO	64490
Stewartsville, NJ	08886
Stewartville, MN	55976
Stickney, SD	57375
Stidham, OK	74461
Stigler, OK	74462
Stilesville, IN	46180
Still Pond, MD	21667
Still River, MA	01467
Stillman Valley, IL	61084
Stillmore, GA	30464
Stillwater, ME	04489
Stillwater, NJ	07875
Stillwater, NY	12170
Stillwater, OH	44679
Stillwater, PA	17878
Stilwell, KS	66085
Stilwell, OK	74960
Stinesville, IN	47464
Stinnett, KY	40868
Stinnett, TX	79083
Stinson Beach, CA	94970
Stinson Lake, NH	03274
Stirling City, CA	95978
Stirling, NJ	07980
Stirum, ND	58069
Stites, ID	83552
Stittville, NY	13469
Stitzer, WI	53825
Stockbridge, GA	30281
Stockbridge, MI	49285
Stockbridge, VT	05772
Stockbridge, WI	53088
Stockdale, OH	45683
Stockdale, PA	15483
Stockdale, TX	78160
Stockertown, PA	18083
Stockett, MT	59480
Stockholm, ME	04783
Stockholm, NJ	07460
Stockholm, SD	57264
Stockholm, WI	54769
Stockland, IL	60967
Stockport, IA	52651
Stockport, OH	43787
Stockton Springs, ME	04981
Stockton, AL	36579
Stockton, GA	31649
Stockton, IA	52769
Stockton, IL	61085
Stockton, KS	67669
Stockton, MD	21864
Stockton, MN	55988
Stockton, MO	65785
Stockton, NJ	08559
Stockton, NY	14784
Stockton, UT	84071
Stockville, NE	69042
Stockwell, IN	47983
Stoddard, NH	03464
Stoddard, WI	54658
Stokes, NC	27884
Stokesdale, NC	27357
Stollings, WV	25646
Stone Creek, OH	43840
Stone Harbor, NJ	08247
Stone Lake, WI	54876
Stone Park, IL	60165
Stone Ridge, NY	12484
Stone, KY	41567
Stoneboro, PA	16153
Stonefort, IL	62987
Stoneham, CO	80754
Stoneham, MA	02180
Stoneham, ME	04231
Stoneville, MS	38776
Stoneville, NC	27048
Stonewall, LA	71078
Stonewall, MS	39363
Stonewall, NC	28583
Stonewall, OK	74871
Stonewall, TX	78671
Stoney Fork, KY	40988
Stonington, CO	81075
Stonington, CT	06378
Stonington, IL	62567
Stonington, ME	04681
Stony Creek, NY	12878
Stony Creek, VA	23882
Stony Point, NC	28678
Stony Point, NY	10980
Stony Ridge, OH	43463
Stonyford, CA	95979
Stopover, KY	41568
Storden, MN	56174
Storm Lake, IA	50588
Stormville, NY	12582
Storrie, CA	95980
Story City, IA	50248
Story, AR	71970
Story, WY	82842
Stotts City, MO	65756
Stottville, NY	12172
Stoughton, MA	02072
Stoughton, WI	53589
Stout, IA	50673
Stout, OH	45684
Stoutland, MO	65567
Stoutsville, MO	65283
Stoutsville, OH	43154
Stovall, NC	27582
Stover, MO	65078
Stow, MA	01775
Stow, NY	14785
Stow, OH	44224
Stowe, VT	05672
Stowell, TX	77661
Stoy, IL	62464
Stoystown, PA	15563
Strabane, PA	15363
Strafford, MO	65757
Strafford, NH	03884
Strafford, VT	05072
Strandburg, SD	57265
Strandquist, MN	56758
Strang, NE	68444
Strang, OK	74367
Strasburg, CO	80136
Strasburg, IL	62465
Strasburg, MO	64090
Strasburg, ND	58573
Strasburg, OH	44680
Strasburg, PA	17579
Stratford, CA	93266
Stratford, IA	50249
Stratford, NJ	08084
Stratford, NY	13470
Stratford, OK	74872
Stratford, SD	57474
Stratford, TX	79084
Stratford, VA	22558
Stratford, WA	98853
Stratford, WI	54484
Stratham, NH	03885
Strathcona, MN	56759
Strathmere, NJ	08248
Strathmore, CA	93267
Strattanville, PA	16258
Stratton, CO	80836
Stratton, ME	04982
Stratton, NE	69043
Stratton, OH	43961
Straughn, IN	47387
Strausstown, PA	19559
Strawberry Plains, TN	37871
Strawberry Point, IA	52076
Strawberry Valley, CA	95981
Strawberry, AR	72469
Strawberry, CA	95375
Strawn, IL	61775
Strawn, TX	76475
Streamwood, IL	60107
Streator, IL	61364
Street, MD	21154
Streeter, ND	58483
Streetman, TX	75859
Streetsboro, OH	44241
Stringer, MS	39481
Stringtown, OK	74569
Stroh, IN	46789
Stromsburg, NE	68666
Strong City, KS	66869
Strong, AR	71765
Strong, ME	04983
Stronghurst, IL	61480
Strongstown, PA	15957
Stroud, OK	74079
Stroudsburg, PA	18360
Strum, WI	54770
Strunk, KY	42649
Struthers, OH	44471
Stryker, MT	59933
Stryker, OH	43557
Strykersville, NY	14145
Stuart, IA	50250
Stuart, NE	68780
Stuart, OK	74570
Stuart, VA	24171
Stuarts Draft, VA	24477
Studley, VA	23162
Stump Creek, PA	15863
Stumpy Point, NC	27978
Sturbridge, MA	01566
Sturdivant, MO	63782
Sturgeon Bay, WI	54235
Sturgeon Lake, MN	55783
Sturgeon, MO	65284
Sturgeon, PA	15082
Sturgis, KY	42459
Sturgis, MI	49091
Sturgis, MS	39769
Sturgis, SD	57785
Sturkie, AR	72578
Sturtevant, WI	53177
Stuttgart, AR	72160
Stuyvesant Falls, NY	12174
Stuyvesant, NY	12173
Suamico, WI	54173
Subiaco, AR	72865
Sublette, IL	61367
Sublette, KS	67877
Sublime, TX	77986
Sublimity, OR	97385
Suburb Maryland Fac, MD	20897
Succasunna, NJ	07876
Success, AR	72470
Success, MO	65570
Suches, GA	30572
Sudan, TX	79371
Sudbury, MA	01776
Sudlersville, MD	21668
Suffern, NY	10901
Sugar City, CO	81076
Sugar City, ID	83448
Sugar Grove, IL	60554
Sugar Grove, NC	28679
Sugar Grove, OH	43155
Sugar Grove, PA	16350
Sugar Grove, VA	24375
Sugar Grove, WV	26815
Sugar Hill, NH	03586
Sugar Loaf, NY	10981
Sugar Run, PA	18846
Sugar Tree, TN	38380
Sugar Valley, GA	30746
Sugarcreek, OH	44681
Sugarloaf, CA	92386
Sugarloaf, PA	18249
Sugartown, LA	70662
Suisun City, CA	94585
Sula, MT	59871
Sulligent, AL	35586
Sullivan City, TX	78595
Sullivan, IL	61951
Sullivan, KY	42460
Sullivan, ME	04664
Sullivan, MO	63080
Sullivan, NH	03445
Sullivan, OH	44880
Sullivan, WI	53178
Sullivans Island, SC	29482
Sully, IA	50251
Sulphur Bluff, TX	75481
Sulphur Rock, AR	72579
Sulphur Springs, AR	72768
Sulphur Springs, IN	47388
Sulphur Springs, OH	44881
Sulphur, IN	47174
Sulphur, KY	40070
Sulphur, OK	73086
Sultan, WA	98294
Sultana, CA	93666
Sumas, WA	98295
Sumatra, FL	32335
Sumatra, MT	59083
Sumava Resorts, IN	46379
Sumerco, WV	25567
Sumerduck, VA	22742
Sumiton, AL	35148
Summer Lake, OR	97640
Summer Shade, KY	42166
Summerdale, AL	36580
Summerdale, PA	17093
Summerfield, IL	62289
Summerfield, KS	66541
Summerfield, LA	71079
Summerfield, NC	27358
Summerfield, OH	43788
Summerfield, TX	79085
Summerhill, PA	15958
Summerland Key, FL	33042
Summerland, CA	93067
Summers, AR	72769
Summersville, KY	42782
Summersville, MO	65571
Summersville, WV	26651
Summerton, SC	29148
Summertown, TN	38483
Summerville, GA	30747
Summerville, OR	97876
Summerville, PA	15864
Summit Argo, IL	60501
Summit Hill, PA	18250
Summit Lake, WI	54485
Summit Point, WV	25446
Summit Station, OH	43073
Summit Station, PA	17979
Summit, AR	72677
Summit, MS	39666
Summit, NY	12175
Summit, SD	57266
Summit, UT	84772
Summitville, IN	46070
Summitville, NY	12781
Summitville, OH	43962
Summitville, TN	37382
Sumner, GA	31789
Sumner, IA	50674
Sumner, IL	62466
Sumner, ME	04292
Sumner, MI	48889
Sumner, MO	64681
Sumner, MS	38957
Sumner, NE	68878
Sumner, TX	75486
Sumneytown, PA	18084
Sumpter, OR	97877
Sumrall, MS	39482
Sumterville, FL	33585
Sun City, FL	33586
Sun City, KS	67143
Sun River, MT	59483
Sun Valley, AZ	86029
Sun Valley, NV	89433
Sun, LA	70463
Sunapee, NH	03782
Sunbright, TN	37872
Sunburg, MN	56289
Sunburst, MT	59482
Sunbury, NC	27979
Sunbury, OH	43074
Sunbury, PA	17801
Suncook, NH	03275
Sundance, WY	82729
Sunderland, MA	01375
Sunderland, MD	20689
Sundown, TX	79372
Sunfield, MI	48890
Sunflower, AL	36581
Sunflower, MS	38778
Sunland Park, NM	88063
Sunman, IN	47041
Sunny Side, GA	30284
Sunnyside, NY	11104
Sunnyside, UT	84539
Sunnyside, WA	98944
Sunnyvale, TX	75182
Sunol, CA	94586
Sunray, TX	79086
Sunrise Beach, MO	65079
Sunset Beach, CA	90742
Sunset Beach, NC	28468
Sunset, LA	70584
Sunset, ME	04683
Sunset, SC	29685
Sunset, TX	76270
Sunshine, LA	70780
Sunspot, NM	88349
Supai, AZ	86435
Superior, IA	51363
Superior, MT	59872
Superior, NE	68978
Superior, WI	54880
Superior, WY	82945
Suplee, PA	19371
Supply, NC	28462
Suquamish, WA	98392
Surfside, CA	90743
Surgoinsville, TN	37873
Suring, WI	54174
Surprise, NE	68667
Surprise, NY	12176
Surrency, GA	31563
Surrey, ND	58785
Surry, ME	04684
Surry, VA	23883
Surveyor, WV	25932
Susan, VA	23163
Susquehanna, PA	18847
Sussex, NJ	07461
Sussex, VA	23884
Sussex, WI	53089
Sutersville, PA	15083
Sutherland Springs, TX	78161
Sutherland, IA	51058
Sutherland, NE	69165
Sutherland, VA	23885
Sutherlin, OR	97479
Sutherlin, VA	24594
Sutter Creek, CA	95685
Sutter, CA	95982
Sutter, IL	62373
Sutton, AK	99674
Sutton, MA	01590
Sutton, ND	58484
Sutton, NE	68979
Sutton, VT	05867
Sutton, WV	26601
Suttons Bay, MI	49682
Suwanee, GA	30024
Suwannee, FL	32692
Swain, NY	14884
Swainsboro, GA	30401
Swaledale, IA	50477
Swampscott, MA	01907
Swan Lake, MS	38958
Swan Lake, NY	12783
Swan River, MN	55784
Swan Valley, ID	83449
Swan, IA	50252
Swanlake, ID	83281
Swannanoa, NC	28778
Swanquarter, NC	27885
Swans Island, ME	04685
Swansboro, NC	28584
Swansea, MA	02777
Swansea, SC	29160
Swanton, MD	21561
Swanton, NE	68445
Swanton, OH	43558
Swanton, VT	05488
Swanville, MN	56382
Swanzey, NH	03446
Swarthmore, PA	19081
Swartswood, NJ	07877
Swartz Creek, MI	48473
Swartz, LA	71281
Swatara, MN	55785
Swayzee, IN	46986
Swea City, IA	50590
Swedesboro, NJ	08085
Swedesburg, IA	52652
Sweeden, KY	42285
Sweeny, TX	77480
Sweet Briar, VA	24595
Sweet Grass, MT	59484
Sweet Home, AR	72164
Sweet Home, OR	97386
Sweet Home, TX	77987
Sweet Springs, MO	65351
Sweet Valley, PA	18656
Sweet Water, AL	36782
Sweet, ID	83670
Sweetser, IN	46987
Sweetwater, OK	73666
Sweetwater, TN	37874
Sweetwater, TX	79556
Swengel, PA	17880
Swepsonville, NC	27359
Swift, MN	56682
Swifton, AR	72471
Swiftown, MS	38959
Swiftwater, PA	18370
Swink, CO	81077
Swink, OK	74761
Swisher, IA	52338
Swiss, WV	26690
Swisshome, OR	97480
Switchback, WV	24887
Switz City, IN	47465
Switzer, WV	25647
Swoope, VA	24479
Swords Creek, VA	24649
Sybertsville, PA	18251
Sycamore Valley, OH	43789
Sycamore, AL	35149
Sycamore, GA	31790
Sycamore, IL	60178
Sycamore, KS	67363
Sycamore, OH	44882
Sycamore, PA	15364
Sycamore, SC	29846
Sydney, FL	33587
Sykeston, ND	58486
Sykesville, MD	21784
Sykesville, PA	15865
Sylva, NC	28779
Sylvan Beach, MI	49463
Sylvan Beach, NY	13157
Sylvan Grove, KS	67481
Sylvania, AL	35988
Sylvania, GA	30467
Sylvania, OH	43560
Sylvania, PA	16945
Sylvester, GA	31791
Sylvester, TX	79560
Sylvester, WV	25193
Sylvia, KS	67581
Symsonia, KY	42082
Syosset, NY	11791
Syracuse, IN	46567
Syracuse, KS	67878
Syracuse, MO	65354
Syracuse, NE	68446
Syracuse, OH	45779
Syracuse, UT	84075
Syria, VA	22743
Taberg, NY	13471
Tabernash, CO	80478
Tabiona, UT	84072
Table Grove, IL	61482
Table Rock, NE	68447
Tabor City, NC	28463
Tabor, IA	51653
Tabor, SD	57063
Tacna, AZ	85352
Taconic, CT	06079
Taconite, MN	55786
Tad, WV	25201
Taft, CA	93268
Taft, OK	74463
Taft, TN	38488
Taft, TX	78390
Tafton, PA	18464
Taftsville, VT	05073
Taftville, CT	06380
Tahoe City, CA	96145
Tahoe Vista, CA	96148
Tahoka, TX	79373
Taholah, WA	98587
Tahoma, CA	96142
Tahuya, WA	98588
Taiban, NM	88134
Takotna, AK	99675
Talala, OK	74080
Talbot, IN	47984
Talbott, TN	37877
Talbotton, GA	31827
Talco, TX	75487
Talcott, WV	24981
Talent, OR	97540
Talihina, OK	74571
Talisheek, LA	70464
Talkeetna, AK	99676
Talking Rock, GA	30175
Tall Timbers, MD	20690
Tallapoosa, GA	30176
Tallapoosa, MO	63878
Tallassee, AL	36078
Tallassee, TN	37878
Tallevast, FL	34270
Tallmadge, OH	44278
Tallman, NY	10982
Tallmansville, WV	26237
Tallula, IL	62688
Tallulah Falls, GA	30573
Talmage, CA	95481
Talmage, KS	67482
Talmage, NE	68448
Talmage, PA	17580
Talmage, UT	84073
Talmo, GA	30575
Talmoon, MN	56637
Taloga, OK	73667
Talpa, TX	76882
Tama, IA	52339
Tamaqua, PA	18252
Tamarack, MN	55787
Tamaroa, IL	62888
Tamassee, SC	29686
Tamiment, PA	18371
Tamms, IL	62988
Tampa, KS	67483
Tampico, IL	61283
Tamworth, NH	03886
Tanacross, AK	99776
Tanana, AK	99777
Taneytown, MD	21787
Taneyville, MO	65759
Tangent, OR	97389
Tangerine, FL	32777
Tangier, VA	23440
Tangipahoa, LA	70465
Tanner, AL	35671
Tannersville, NY	12485
Tannersville, PA	18372
Tannersville, VA	24377
Taopi, MN	55977
Taos Ski Valley, NM	87525
Taos, NM	87571
Tappahannock, VA	22560
Tappan, NY	10983
Tappen, ND	58487
Tar Heel, NC	28392
Tarawa Terrace, NC	28543
Tarboro, NC	27886
Tarentum, PA	15084
Tariffville, CT	06081
Tarkio, MO	64491
Tarlton, OH	43156
Tarpley, TX	78883
Tarrs, PA	15688
Tarrytown, GA	30470
Tarrytown, NY	10591
Tarzan, TX	79783
Tasley, VA	23441
Taswell, IN	47175
Tatamy, PA	18085
Tate, GA	30177
Tateville, KY	42558
Tatitlek, AK	99677
Tatum, NM	88267
Tatum, SC	29594
Tatum, TX	75691
Tatums, OK	73487
Taunton, MN	56291
Tavares, FL	32778
Tavernier, FL	33070
Taylor Ridge, IL	61284
Taylor Springs, IL	62089
Taylor, AR	71861
Taylor, AZ	85939
Taylor, LA	71080
Taylor, MI	48180
Taylor, MO	63471
Taylor, MS	38673
Taylor, ND	58656
Taylor, NE	68879
Taylor, PA	18517
Taylor, TX	76574
Taylor, WI	54659
Taylors Falls, MN	55084
Taylors Island, MD	21669
Taylors, SC	29687
Taylorstown, PA	15365
Taylorsville, CA	95983
Taylorsville, GA	30178
Taylorsville, IN	47280
Taylorsville, KY	40071
Taylorsville, MS	39168
Taylorsville, NC	28681
Taylorville, IL	62568
Tazewell, TN	37879
Tazewell, VA	24651
Tchula, MS	39169
Tea, SD	57064
Teaberry, KY	41660
Teachey, NC	28464
Teague, TX	75860
Teaneck, NJ	07666
Teasdale, UT	84773
Teays, WV	25569
Tebbetts, MO	65080
Techny, IL	60082
Tecopa, CA	92389
Tecumseh, KS	66542
Tecumseh, MI	49286
Tecumseh, MO	65760
Tecumseh, NE	68450
Tecumseh, OK	74873
Teec Nos Pos, AZ	86514
Teeds Grove, IA	52771
Tefft, IN	46380
Tehama, CA	96090
Tehuacana, TX	76686
Teigen, MT	59084
Tekamah, NE	68061
Tekoa, WA	99033
Tekonsha, MI	49092
Telegraph, TX	76883
Telephone, TX	75488
Telferner, TX	77988
Telford, PA	18969
Telford, TN	37690
Tell City, IN	47586
Tell, TX	79259
Teller, AK	99778
Tellico Plains, TN	37385
Telluride, CO	81435
Telogia, FL	32360
Temperance, MI	48182
Temperanceville, VA	23442
Temple Bar Marina, AZ	86443
Temple City, CA	91780
Temple, GA	30179
Temple, ME	04984
Temple, NH	03084
Temple, OK	73568
Temple, PA	19560
Templeton, CA	93465
Templeton, IA	51463
Templeton, IN	47986
Templeton, MA	01468
Templeton, PA	16259
Templeville, MD	21670
Ten Mile, TN	37880
Ten Sleep, WY	82442
Tenafly, NJ	07670
Tenaha, TX	75974
Tenakee Springs, AK	99841
Tenants Harbor, ME	04860
Tendoy, ID	83468
Tenino, WA	98589
Tenmile, OR	97481
Tennent, NJ	07763
Tennessee Ridge, TN	37178
Tennessee, IL	62374
Tennga, GA	30751
Tennille, GA	31089
Tennyson, IN	47637
Tennyson, TX	76953
Tensed, ID	83870
Tenstrike, MN	56683
Tererro, NM	87573
Terlingua, TX	79852
Terlton, OK	74081
Termo, CA	96132
Terra Alta, WV	26764
Terra Bella, CA	93270
Terra Ceia, FL	34250
Terrace Park, OH	45174
Terral, OK	73569
Terre Hill, PA	17581
Terrebonne, OR	97760
Terrell, NC	28682
Terreton, ID	83450
Terril, IA	51364
Terry, MS	39170
Terry, MT	59349
Terryville, CT	06786
Tescott, KS	67484
Tesuque, NM	87574
Teton Village, WY	83025
Teton, ID	83451
Tetonia, ID	83452
Teutopolis, IL	62467
Tewksbury, MA	01876
Texarkana, AR	71854
Texhoma, OK	73949
Texhoma, TX	73960
Texico, IL	62889
Texico, NM	88135
Texline, TX	79087
Texola, OK	73668
Thackerville, OK	73459
Thatcher, AZ	85552
Thatcher, ID	83283
Thawville, IL	60968
Thaxton, MS	38871
Thaxton, VA	24174
Thayer, IA	50254
Thayer, IL	62689
Thayer, IN	46381
Thayer, KS	66776
Thayer, MO	65791
Thayne, WY	83127
The Colony, TX	75056
The Dalles, OR	97058
The Plains, OH	45780
The Plains, VA	20198
The Rock, GA	30285
The Sea Ranch, CA	95497
Thebes, IL	62990
Thedford, NE	69166
Thelma, KY	41260
Thendara, NY	13472
Theodosia, MO	65761
Theresa, NY	13691
Theresa, WI	53091
Theriot, LA	70397
Thermal, CA	92274
Thermopolis, WY	82443
Thetford Center, VT	05075
Thetford, VT	05074
Thicket, TX	77374
Thida, AR	72165
Thief River Falls, MN	56701
Thiells, NY	10984
Thomas, OK	73669
Thomas, WV	26292
Thomasboro, IL	61878
Thomaston, AL	36783
Thomaston, CT	06787
Thomaston, GA	30286
Thomaston, ME	04861
Thomaston, TX	77989
Thomastown, MS	39171
Thomasville, AL	36784
Thomasville, PA	17364
Thompson Falls, MT	59873
Thompson Ridge, NY	10985
Thompson, CT	06277
Thompson, IA	50478
Thompson, MO	65285
Thompson, ND	58278
Thompson, OH	44086
Thompson, PA	18465
Thompson, UT	84540
Thompsons Station, TN	37179
Thompsons, TX	77481
Thompsontown, PA	17094
Thompsonville, IL	62890
Thompsonville, MI	49683
Thompsonville, NY	12784
Thomson, GA	30824
Thomson, IL	61285
Thonotosassa, FL	33592
Thor, IA	50591
Thoreau, NM	87323
Thorn Hill, TN	37881
Thornburg, IA	50255
Thornburg, VA	22565
Thorndale, PA	19372
Thorndale, TX	76577
Thorndike, MA	01079
Thorndike, ME	04986
Thorne Bay, AK	99919
Thornfield, MO	65762
Thornton, AR	71766
Thornton, CA	95686
Thornton, CO	80241
Thornton, IA	50479
Thornton, IL	60476
Thornton, KY	41855
Thornton, NH	03285
Thornton, PA	19373
Thornton, TX	76687
Thornton, WA	99176
Thornton, WV	26440
Thorntown, IN	46071
Thornville, OH	43076
Thornwood, NY	10594
Thorofare, NJ	08086
Thorp, WA	98946
Thorp, WI	54771
Thorpe, WV	24888
Thorsby, AL	35171
Thousand Island Park, NY	13692
Thousand Palms, CA	92276
Thousandsticks, KY	41766
Thrall, TX	76578
Three Bridges, NJ	08887
Three Forks, MT	59752
Three Lakes, WI	54562
Three Mile Bay, NY	13693
Three Oaks, MI	49128
Three Rivers, CA	93271
Three Rivers, MA	01080
Three Rivers, MI	49093
Three Rivers, TX	78071
Three Springs, PA	17264
Throckmorton, TX	76483
Thurman, IA	51654
Thurman, OH	45685
Thurmond, NC	28683
Thurmond, WV	25936
Thurmont, MD	21788
Thurston, NE	68062
Thurston, OH	43157
Thurston, OR	97482
Tibbie, AL	36583
Tichnor, AR	72166
Tickfaw, LA	70466
Ticonderoga, NY	12883
Tidewater, OR	97390
Tidioute, PA	16351
Tie Plant, MS	38960
Tie Siding, WY	82084
Tierra Amarilla, NM	87575
Tieton, WA	98947
Tiff City, MO	64868
Tiff, MO	63674
Tiffin, IA	52340
Tiffin, OH	44883
Tiger, GA	30576
Tigerton, WI	54486
Tigerville, SC	29688
Tignall, GA	30668
Tigrett, TN	38070
Tijeras, NM	87059
Tilden, IL	62292
Tilden, NE	68781
Tilden, TX	78072
Tilghman, MD	21671
Tiline, KY	42083
Tillamook, OR	97141
Tillar, AR	71670
Tillatoba, MS	38961
Tilleda, WI	54978
Tiller, OR	97484
Tillery, NC	27887
Tillman, SC	29943
Tillson, NY	12486
Tilly, AR	72679
Tilton, IL	61833
Tiltonsville, OH	43963
Timber Lake, SD	57656
Timber, OR	97144
Timberlake, NC	27583
Timberon, NM	88350
Timberville, VA	22853
Timblin, PA	15778
Timewell, IL	62375
Timmonsville, SC	29161
Timnath, CO	80547
Timpson, TX	75975
Tina, MO	64682
Tingley, IA	50863
Tinnie, NM	88351
Tinsley, MS	39173
Tintah, MN	56583
Tioga Center, NY	13845
Tioga, LA	71477
Tioga, ND	58852
Tioga, PA	16946
Tioga, TX	76271
Tioga, WV	26691
Tiona, PA	16352
Tionesta, PA	16353
Tiplersville, MS	38674
Tipp City, OH	45371
Tippecanoe, IN	46570
Tippecanoe, OH	44699
Tippo, MS	38962
Tipton, CA	93272
Tipton, IA	52772
Tipton, IN	46072
Tipton, KS	67485
Tipton, MI	49287
Tipton, MO	65081
Tipton, OK	73570
Tipton, PA	16684
Tipton, TN	38071
Tiptonville, TN	38079
Tire Hill, PA	15959
Tiro, OH	44887
Tisch Mills, WI	54240
Tishomingo, MS	38873
Tishomingo, OK	73460
Tiskilwa, IL	61368
Titonka, IA	50480
Titus, AL	36080
Titusville, NJ	08560
Titusville, PA	16354
Tiverton, RI	02878
Tivoli, NY	12583
Tivoli, TX	77990
Toano, VA	23168
Toast, NC	27049
Tobaccoville, NC	27050
Tobias, NE	68453
Tobyhanna, PA	18466
Toccoa Falls, GA	30598
Toccoa, GA	30577
Toccopola, MS	38874
Todd, NC	28684
Todd, PA	16685
Toddville, IA	52341
Toddville, MD	21672
Toeterville, IA	50481
Tofte, MN	55615
Togiak, AK	99678
Tohatchi, NM	87325
Toivola, MI	49965
Tokeland, WA	98590
Tokio, ND	58379
Tokio, TX	79376
Toksook Bay, AK	99637
Tolar, TX	76476
Toledo, IA	52342
Toledo, IL	62468
Toledo, OR	97391
Toledo, WA	98591
Tolland, CT	06084
Tollesboro, KY	41189
Tolleson, AZ	85353
Tolley, ND	58787
Tollhouse, CA	93667
Tolna, ND	58380
Tolono, IL	61880
Tolovana Park, OR	97145
Tolstoy, SD	57475
Tolu, KY	42084
Toluca Lake, CA	91610
Toluca, IL	61369
Tom Bean, TX	75489
Tomah, WI	54660
Tomahawk, KY	41262
Tomahawk, WI	54487
Tomales, CA	94971
Tombstone, AZ	85638
Tome, NM	87060
Tomkins Cove, NY	10986
Tompkinsville, KY	42167
Toms Brook, VA	22660
Tonalea, AZ	86044
Tonasket, WA	98855
Toney, AL	35773
Tonganoxie, KS	66086
Tonica, IL	61370
Tonkawa, OK	74653
Tonopah, AZ	85354
Tonopah, NV	89049
Tontitown, AR	72770
Tonto Basin, AZ	85553
Tontogany, OH	43565
Tony, WI	54563
Tooele, UT	84074
Toomsboro, GA	31090
Toomsuba, MS	39364
Toone, TN	38381
Topanga, CA	90290
Topawa, AZ	85639
Topaz, CA	96133
Topeka, IL	61567
Topeka, IN	46571
Topinabee, MI	49791
Topmost, KY	41862
Topock, AZ	86436
Toponas, CO	80479
Toppenish, WA	98948
Topping, VA	23169
Topsfield, MA	01983
Topsfield, ME	04490
Topsham, ME	04086
Topsham, VT	05076
Topton, NC	28781
Topton, PA	19562
Toquerville, UT	84774
Tornado, WV	25202
Tornillo, TX	79853
Toronto, KS	66777
Toronto, OH	43964
Toronto, SD	57268
Torrance, PA	15779
Torreon, NM	87061
Torrey, UT	84775
Torrington, WY	82240
Tortilla Flat, AZ	85190
Toston, MT	59643
Totz, KY	40870
Touchet, WA	99360
Tougaloo, MS	39174
Toughkenamon, PA	19374
Toulon, IL	61483
Toutle, WA	98649
Tovey, IL	62570
Tow, TX	78672
Towaco, NJ	07082
Towanda, IL	61776
Towanda, KS	67144
Towanda, PA	18848
Towaoc, CO	81334
Tower City, ND	58071
Tower City, PA	17980
Tower Hill, IL	62571
Tower, MI	49792
Tower, MN	55790
Town Creek, AL	35672
Towner, ND	58788
Townley, AL	35587
Townsend, DE	19734
Townsend, GA	31331
Townsend, MA	01469
Townsend, MT	59644
Townsend, TN	37882
Townsend, VA	23443
Townsend, WI	54175
Townshend, VT	05353
Township Of Washington, NJ	07676
Townsville, NC	27584
Townville, PA	16360
Townville, SC	29689
Toxey, AL	36921
Toyah, TX	79785
Toyahvale, TX	79786
Tracy City, TN	37387
Tracy, IA	50256
Tracy, MN	56175
Tracys Landing, MD	20779
Tracyton, WA	98393
Trade, TN	37691
Traer, IA	50675
Trafalgar, IN	46181
Trafford, AL	35172
Trafford, PA	15085
Trail City, SD	57657
Trail, MN	56684
Trail, OR	97541
Tram, KY	41663
Trampas, NM	87576
Tranquility, NJ	07879
Tranquillity, CA	93668
Transfer, PA	16154
Transylvania, LA	71286
Traphill, NC	28685
Trappe, MD	21673
Trapper Creek, AK	99683
Traskwood, AR	72167
Travelers Rest, SC	29690
Traver, CA	93673
Travis AFB, CA	94535
Treadwell, NY	13846
Trebloc, MS	38875
Treece, KS	66778
Trego, MT	59934
Trego, WI	54888
Treichlers, PA	18086
Treloar, MO	63378
Trementina, NM	88439
Tremont City, OH	45372
Tremont, IL	61568
Tremont, MS	38876
Tremont, PA	17981
Tremonton, UT	84337
Trempealeau, WI	54661
Trenary, MI	49891
Trent, SD	57065
Trent, TX	79561
Trenton, AL	35774
Trenton, FL	32693
Trenton, GA	30752
Trenton, IL	62293
Trenton, KY	42286
Trenton, MI	48183
Trenton, MO	64683
Trenton, NC	28585
Trenton, ND	58853
Trenton, NE	69044
Trenton, OH	45067
Trenton, SC	29847
Trenton, TN	38382
Trenton, TX	75490
Trenton, UT	84338
Tres Piedras, NM	87577
Tres Pinos, CA	95075
Tresckow, PA	18254
Trevett, ME	04571
Trevilians, VA	23170
Trevor, WI	53179
Trevorton, PA	17881
Trexlertown, PA	18087
Treynor, IA	51575
Trezevant, TN	38258
Triadelphia, WV	26059
Triangle, VA	22172
Tribes Hill, NY	12177
Tribune, KS	67879
Tridell, UT	84076
Trilby, FL	33593
Trilla, IL	62469
Trimble, MO	64492
Trimble, OH	45782
Trimble, TN	38259
Trimont, MN	56176
Trinchera, CO	81081
Trinidad, CA	95570
Trinidad, CO	81082
Trinidad, TX	75163
Trinity Center, CA	96091
Trinity, AL	35673
Trinity, NC	27370
Trinity, TX	75862
Trinway, OH	43842
Trion, GA	30753
Tripler Army Medical Center, HI	96859
Triplett, MO	65286
Tripoli, IA	50676
Tripoli, WI	54564
Tripp, SD	57376
Triumph, IL	61371
Trivoli, IL	61569
Tropic, UT	84776
Trosky, MN	56177
Trosper, KY	40995
Troup, TX	75789
Troupsburg, NY	14885
Trout Creek, MI	49967
Trout Creek, MT	59874
Trout Creek, NY	13847
Trout Lake, MI	49793
Trout Lake, WA	98650
Trout Run, PA	17771
Trout, LA	71371
Troutdale, OR	97060
Troutdale, VA	24378
Troutman, NC	28166
Troutville, PA	15866
Troutville, VA	24175
Troxelville, PA	17882
Troy Grove, IL	61372
Troy Mills, IA	52344
Troy, ID	83871
Troy, IL	62294
Troy, IN	47588
Troy, KS	66087
Troy, ME	04987
Troy, MO	63379
Troy, MT	59935
Troy, NC	27371
Troy, NH	03465
Troy, PA	16947
Troy, SC	29848
Troy, TN	38260
Troy, TX	76579
Troy, VA	22974
Troy, VT	05868
Troy, WV	26443
Truchas, NM	87578
Truesdale, IA	50592
Truesdale, MO	63380
Trufant, MI	49347
Truman, MN	56088
Trumann, AR	72472
Trumansburg, NY	14886
Trumbauersville, PA	18970
Trumbull, CT	06611
Trumbull, NE	68980
Truro, IA	50257
Truro, MA	02666
Trussville, AL	35173
Truth Or Consequences, NM	87901
Truxton, MO	63381
Truxton, NY	13158
Tryon, NC	28782
Tryon, NE	69167
Tryon, OK	74875
Tsaile, AZ	86556
Tualatin, OR	97062
Tuba City, AZ	86045
Tubac, AZ	85646
Tuckahoe, NJ	08250
Tuckahoe, NY	10707
Tuckasegee, NC	28783
Tucker, AR	72168
Tuckerman, AR	72473
Tuckerton, NJ	08087
Tucumcari, NM	88401
Tulare, SD	57476
Tularosa, NM	88352
Tulelake, CA	96134
Tuleta, TX	78162
Tulia, TX	79088
Tullahoma, TN	37388
Tullos, LA	71479
Tully, NY	13159
Tuluksak, AK	99679
Tumacacori, AZ	85640
Tumbling Shoals, AR	72581
Tumtum, WA	99034
Tumwater, WA	98511
Tunas, MO	65764
Tunbridge, VT	05077
Tunica, LA	70782
Tunica, MS	38676
Tunkhannock, PA	18657
Tunnel City, WI	54662
Tunnel Hill, GA	30755
Tunnel, NY	13848
Tunnelton, IN	47467
Tunnelton, WV	26444
Tuntutuliak, AK	99680
Tununak, AK	99681
Tuolumne, CA	95379
Tupelo, AR	72169
Tupelo, OK	74572
Tupman, CA	93276
Tupper Lake, NY	12986
Tuppers Plains, OH	45783
Turbeville, SC	29162
Turbotville, PA	17772
Turin, GA	30289
Turin, NY	13473
Turkey City, PA	16058
Turkey Creek, LA	70585
Turkey, NC	28393
Turkey, TX	79261
Turner, AR	72383
Turner, ME	04282
Turner, MI	48765
Turner, MT	59542
Turner, OR	97392
Turners Falls, MA	01376
Turners Station, KY	40075
Turners, MO	65765
Turnersburg, NC	28688
Turnerville, GA	30580
Turney, MO	64493
Turon, KS	67583
Turpin, OK	73950
Turrell, AR	72384
Turtle Creek, PA	15145
Turtle Creek, WV	25203
Turtle Lake, ND	58575
Turtle Lake, WI	54889
Turtlepoint, PA	16750
Turtletown, TN	37391
Turton, SD	57477
Tuscarawas, OH	44682
Tuscarora, MD	21790
Tuscarora, NV	89834
Tuscarora, PA	17982
Tuscola, IL	61953
Tuscola, TX	79562
Tuscumbia, AL	35674
Tuscumbia, MO	65082
Tuskahoma, OK	74574
Tuskegee, AL	36083
Tussy, OK	73488
Tustin, MI	49688
Tuthill, SD	57574
Tutor Key, KY	41263
Tuttle, ND	58488
Tuttle, OK	73089
Tutwiler, MS	38963
Tuxedo Park, NY	10987
Tuxedo, NC	28784
Twain Harte, CA	95383
Twain, CA	95984
Twelve Mile, IN	46988
Twig, MN	55791
Twilight, WV	25204
Twin Bridges, CA	95735
Twin Bridges, MT	59754
Twin Brooks, SD	57269
Twin City, GA	30471
Twin Lake, MI	49457
Twin Lakes, CO	81251
Twin Lakes, MN	56089
Twin Lakes, WI	53181
Twin Mountain, NH	03595
Twin Oaks, OK	74368
Twin Peaks, CA	92391
Twin Rocks, PA	15960
Twin Valley, MN	56584
Twining, MI	48766
Twinsburg, OH	44087
Twisp, WA	98856
Two Buttes, CO	81084
Two Dot, MT	59085
Two Harbors, MN	55616
Two Rivers, AK	99716
Two Rivers, WI	54241
Ty Ty, GA	31795
Tyaskin, MD	21865
Tybee Island, GA	31328
Tye, TX	79563
Tygh Valley, OR	97063
Tyler Hill, PA	18469
Tyler, AL	36785
Tyler, MN	56178
Tylersburg, PA	16361
Tylersport, PA	18971
Tylersville, PA	17773
Tylerton, MD	21866
Tylertown, MS	39667
Tynan, TX	78391
Tyndall, SD	57066
Tyner, IN	46572
Tyner, KY	40486
Tyner, NC	27980
Tyngsboro, MA	01879
Tyonek, AK	99682
Tyringham, MA	01264
Tyro, KS	67364
Tyro, VA	22976
Tyrone, GA	30290
Tyrone, NM	88065
Tyrone, NY	14887
Tyrone, OK	73951
Tyrone, PA	16686
Tyronza, AR	72386
Ubly, MI	48475
Ucon, ID	83454
Udall, KS	67146
Udall, MO	65766
Udell, IA	52593
Uehling, NE	68063
Uhrichsville, OH	44683
Ukiah, CA	95482
Ukiah, OR	97880
Uledi, PA	15484
Ulen, MN	56585
Ullin, IL	62992
Ulm, AR	72170
Ulm, MT	59485
Ulman, MO	65083
Ulmer, SC	29849
Ulster Park, NY	12487
Ulster, PA	18850
Ulysses, KS	67880
Ulysses, KY	41264
Ulysses, NE	68669
Ulysses, PA	16948
Umatilla, FL	32784
Umatilla, OR	97882
Umbarger, TX	79091
Umpire, AR	71971
Umpqua, OR	97486
Una, SC	29378
Unadilla, GA	31091
Unadilla, NE	68454
Unadilla, NY	13849
Unalakleet, AK	99684
Unalaska, AK	99685
Uncasville, CT	06382
Uncle Sam, LA	70792
Underhill Center, VT	05490
Underhill, VT	05489
Underwood, IA	51576
Underwood, IN	47177
Underwood, MN	56586
Underwood, ND	58576
Underwood, WA	98651
Uneeda, WV	25205
Unicoi, TN	37692
Union Bridge, MD	21791
Union Center, SD	57787
Union Center, WI	53962
Union Church, MS	39668
Union City, CA	94587
Union City, GA	30291
Union City, IN	47390
Union City, MI	49094
Union City, NJ	07087
Union City, OH	45390
Union City, OK	73090
Union City, PA	16438
Union Dale, PA	18470
Union Furnace, OH	43158
Union Grove, AL	35175
Union Grove, NC	28689
Union Grove, WI	53182
Union Hall, VA	24176
Union Hill, IL	60969
Union Hill, NY	14563
Union Lake, MI	48387
Union Mills, IN	46382
Union Mills, NC	28167
Union Pier, MI	49129
Union Point, GA	30669
Union Springs, AL	36089
Union Springs, NY	13160
Union Star, KY	40171
Union Star, MO	64494
Union, IA	50258
Union, IL	60180
Union, KY	41091
Union, ME	04862
Union, MI	49130
Union, MO	63084
Union, MS	39365
Union, NE	68455
Union, NH	03887
Union, NJ	07083
Union, OR	97883
Union, SC	29379
Union, WA	98592
Union, WV	24983
Uniondale, IN	46791
Uniontown, AL	36786
Uniontown, AR	72955
Uniontown, KS	66779
Uniontown, KY	42461
Uniontown, MO	63783
Uniontown, OH	44685
Uniontown, PA	15401
Uniontown, WA	99179
Unionville Center, OH	43077
Unionville, IA	52594
Unionville, IN	47468
Unionville, MD	21792
Unionville, MI	48767
Unionville, MO	63565
Unionville, NY	10988
Unionville, OH	44088
Unionville, PA	19375
Unionville, TN	37180
Unionville, VA	22567
Uniopolis, OH	45888
United, PA	15689
Unity House, PA	18373
Unity, IL	62993
Unity, ME	04988
Unity, OR	97884
Unity, WI	54488
Unityville, PA	17774
Universal City, CA	91608
Universal City, TX	78148
Universal, IN	47884
University Center, MI	48710
University Park, IA	52595
University Park, IL	60484
University Park, PA	16802
University Place, WA	98467
University, MS	38677
Upatoi, GA	31829
Upham, ND	58789
Upland, IN	46989
Upland, NE	68981
Upper Black Eddy, PA	18972
Upper Darby, PA	19082
Upper Fairmount, MD	21867
Upper Falls, MD	21156
Upper Jay, NY	12987
Upper Lake, CA	95485
Upper Sandusky, OH	43351
Upper Tract, WV	26866
Upperco, MD	21155
Upperglade, WV	26266
Upperstrasburg, PA	17265
Upsala, MN	56384
Upson, WI	54565
Upton, KY	42784
Upton, MA	01568
Upton, NY	11973
Upton, WY	82730
Urania, LA	71480
Urbana, IA	52345
Urbana, IN	46990
Urbana, MO	65767
Urbana, OH	43078
Urbanna, VA	23175
Urich, MO	64788
Ursa, IL	62376
Ursina, PA	15485
Usk, WA	99180
Ute Park, NM	87749
Ute, IA	51060
Utica, IL	61373
Utica, KS	67584
Utica, KY	42376
Utica, MN	55979
Utica, MO	64686
Utica, MS	39175
Utica, NE	68456
Utica, OH	43080
Utica, PA	16362
Utica, SD	57067
Utopia, TX	78884
Uvalda, GA	30473
Uwchland, PA	19480
Uxbridge, MA	01569
Vacherie, LA	70090
Vader, WA	98593
Vadito, NM	87579
Vado, NM	88072
Vaiden, MS	39176
Vail, AZ	85641
Vail, IA	51465
Vails Gate, NY	12584
Valatie, NY	12184
Valders, WI	54245
Valdese, NC	28690
Valdez, AK	99686
Valdez, NM	87580
Vale, NC	28168
Vale, OR	97918
Vale, SD	57788
Valencia, PA	16059
Valentine, AZ	86437
Valentine, NE	69201
Valentine, TX	79854
Valentines, VA	23887
Valera, TX	76884
Valhalla, NY	10595
Valhermoso Springs, AL	35775
Valier, IL	62891
Valier, MT	59486
Valier, PA	15780
Valle Crucis, NC	28691
Vallecito, CA	95251
Vallecitos, NM	87581
Valles Mines, MO	63087
Valley Bend, WV	26293
Valley Center, CA	92082
Valley Center, KS	67147
Valley City, ND	58072
Valley City, OH	44280
Valley Cottage, NY	10989
Valley Falls, KS	66088
Valley Falls, NY	12185
Valley Ford, CA	94972
Valley Grove, WV	26060
Valley Head, AL	35989
Valley Head, WV	26294
Valley Lee, MD	20692
Valley Mills, TX	76689
Valley Park, MO	63088
Valley Park, MS	39177
Valley Spring, TX	76885
Valley Springs, AR	72682
Valley Springs, CA	95252
Valley Springs, SD	57068
Valley View, PA	17983
Valley View, TX	76272
Valley, NE	68064
Valley, WA	99181
Valleyford, WA	99036
Valliant, OK	74764
Vallonia, IN	47281
Valmeyer, IL	62295
Valmora, NM	87750
Valmy, NV	89438
Valparaiso, FL	32580
Valparaiso, NE	68065
Valyermo, CA	93563
Van Alstyne, TX	75495
Van Buren Point, NY	14166
Van Buren, IN	46991
Van Buren, ME	04785
Van Buren, MO	63965
Van Buren, OH	45889
Van Dyne, WI	54979
Van Etten, NY	14889
Van Horn, TX	79855
Van Horne, IA	52346
Van Hornesville, NY	13475
Van Lear, KY	41265
Van Meter, IA	50261
Van Orin, IL	61374
Van Tassell, WY	82242
Van Vleck, TX	77482
Van Vleet, MS	38877
Van Voorhis, PA	15366
Van Wert, IA	50262
Van Wert, OH	45891
Van Wyck, SC	29744
Van, TX	75790
Van, WV	25206
Vance, AL	35490
Vance, MS	38964
Vance, SC	29163
Vanceboro, ME	04491
Vanceboro, NC	28586
Vanceburg, KY	41179
Vancleave, MS	39565
Vancleve, KY	41385
Vancourt, TX	76955
Vandalia, IL	62471
Vandalia, MI	49095
Vandalia, MO	63382
Vandalia, MT	59273
Vandalia, OH	45377
Vandemere, NC	28587
Vanderbilt, MI	49795
Vanderbilt, PA	15486
Vanderbilt, TX	77991
Vandergrift, PA	15690
Vanderpool, TX	78885
Vandervoort, AR	71972
Vanderwagen, NM	87326
Vandiver, AL	35176
Vanduser, MO	63784
Vanleer, TN	37181
Vanlue, OH	45890
Vanndale, AR	72387
Vansant, VA	24656
Vantage, WA	98950
Vanzant, MO	65768
Vardaman, MS	38878
Varina, IA	50593
Varna, IL	61375
Varnado, LA	70467
Varnell, GA	30756
Varney, KY	41571
Varney, WV	25696
Varnville, SC	29944
Varysburg, NY	14167
Vashon, WA	98070
Vass, NC	28394
Vassalboro, ME	04989
Vassar, KS	66543
Vaucluse, SC	29850
Vaughan, MS	39179
Vaughan, NC	27586
Vaughn, MT	59487
Vaughn, NM	88353
Vaughn, WA	98394
Vaughnsville, OH	45893
Vauxhall, NJ	07088
Veblen, SD	57270
Veedersburg, IN	47987
Vega, TX	79092
Veguita, NM	87062
Velarde, NM	87582
Velma, OK	73491
Velpen, IN	47590
Velva, ND	58790
Venango, NE	69168
Venango, PA	16440
Vendor, AR	72683
Venedocia, OH	45894
Veneta, OR	97487
Venetia, PA	15367
Venetie, AK	99781
Venice, IL	62090
Venice, LA	70091
Ventnor City, NJ	08406
Ventress, LA	70783
Ventura, IA	50482
Venus, FL	33960
Venus, PA	16364
Venus, TX	76084
Vera, OK	74082
Veradale, WA	99037
Verbank, NY	12585
Verbena, AL	36091
Verden, OK	73092
Verdi, NV	89439
Verdigre, NE	68783
Verdon, NE	68457
Verdugo City, CA	91046
Verdunville, WV	25649
Vergas, MN	56587
Vergennes, IL	62994
Vergennes, VT	05491
Veribest, TX	76886
Vermilion, IL	61955
Vermilion, OH	44089
Vermillion, KS	66544
Vermillion, MN	55085
Vermillion, SD	57069
Vermont, IL	61484
Vermontville, MI	49096
Vermontville, NY	12989
Vernalis, CA	95385
Verndale, MN	56481
Verner, WV	25650
Vernon Center, MN	56090
Vernon Center, NY	13477
Vernon Hill, VA	24597
Vernon Hills, IL	60061
Vernon Rockville, CT	06066
Vernon, AL	35592
Vernon, AZ	85940
Vernon, CO	80755
Vernon, FL	32462
Vernon, IL	62892
Vernon, IN	47282
Vernon, MI	48476
Vernon, NJ	07462
Vernon, NY	13476
Vernon, UT	84080
Vernon, VT	05354
Vernonia, OR	97064
Verona Beach, NY	13162
Verona, IL	60479
Verona, KY	41092
Verona, MO	65769
Verona, MS	38879
Verona, ND	58490
Verona, NJ	07044
Verona, NY	13478
Verona, OH	45378
Verona, PA	15147
Verona, VA	24482
Verona, WI	53593
Verplanck, NY	10596
Versailles, CT	06383
Versailles, IL	62378
Versailles, IN	47042
Versailles, MO	65084
Versailles, NY	14168
Versailles, OH	45380
Vershire, VT	05079
Vesper, WI	54489
Vest, KY	41772
Vesta, MN	56292
Vesta, VA	24177
Vestaburg, MI	48891
Vestaburg, PA	15368
Vesuvius, VA	24483
Veteran, WY	82243
Vevay, IN	47043
Veyo, UT	84782
Vian, OK	74962
Viborg, SD	57070
Viburnum, MO	65566
Vicco, KY	41773
Vichy, MO	65580
Vici, OK	73859
Vickery, OH	43464
Vicksburg, MI	49097
Vicksburg, PA	17883
Victor, CA	95253
Victor, CO	80860
Victor, IA	52347
Victor, ID	83455
Victor, MT	59875
Victor, NY	14564
Victor, WV	25938
Victoria, IL	61485
Victoria, KS	67671
Victoria, MN	55386
Victoria, MS	38679
Victoria, VA	23974
Victory Mills, NY	12884
Vida, MT	59274
Vida, OR	97488
Vidal, CA	92280
Vidalia, LA	71373
Vienna, GA	31092
Vienna, IL	62995
Vienna, MD	21869
Vienna, ME	04360
Vienna, MO	65582
Vienna, NJ	07880
Vienna, OH	44473
Vienna, SD	57271
Vienna, WV	26105
Viewtown, VA	22746
Viking, MN	56760
Vilas, CO	81087
Vilas, NC	28692
Villa Grande, CA	95486
Villa Grove, CO	81155
Villa Grove, IL	61956
Villa Maria, PA	16155
Villa Park, CA	92861
Villa Park, IL	60181
Villa Rica, GA	30180
Villa Ridge, IL	62996
Villa Ridge, MO	63089
Village Mills, TX	77663
Village, VA	22570
Villamont, VA	24178
Villanova, PA	19085
Villanueva, NM	87583
Villard, MN	56385
Villas, NJ	08251
Ville Platte, LA	70586
Villisca, IA	50864
Vilonia, AR	72173
Vina, AL	35593
Vina, CA	96092
Vinalhaven, ME	04863
Vincennes, IN	47591
Vincent, AL	35178
Vincent, IA	50594
Vincent, KY	41386
Vincent, OH	45784
Vincentown, NJ	08088
Vine Grove, KY	40175
Vineburg, CA	95487
Vinegar Bend, AL	36584
Vinemont, AL	35179
Vineyard Haven, MA	02568
Vineyard, UT	84059
Vining, IA	52348
Vining, MN	56588
Vinita, OK	74301
Vinson, OK	73571
Vinton, CA	96135
Vinton, IA	52349
Vinton, LA	70668
Vinton, OH	45686
Vinton, VA	24179
Vintondale, PA	15961
Viola, AR	72583
Viola, DE	19979
Viola, IA	52350
Viola, ID	83872
Viola, IL	61486
Viola, KS	67149
Viola, TN	37394
Viola, WI	54664
Violet Hill, AR	72584
Violet, LA	70092
Viper, KY	41774
Virden, IL	62690
Virgie, KY	41572
Virgil, KS	66870
Virgil, SD	57379
Virgilina, VA	24598
Virgin, UT	84779
Virginia City, MT	59755
Virginia City, NV	89440
Virginia State University, VA	23806
Virginia, IL	62691
Virginia, NE	68458
Virginville, PA	19564
Viroqua, WI	54665
Vivian, LA	71082
Vivian, SD	57576
Voca, TX	76887
Volant, PA	16156
Volborg, MT	59351
Volcano, CA	95689
Volcano, HI	96785
Volga, IA	52077
Volga, SD	57071
Volga, WV	26238
Volin, SD	57072
Voltaire, ND	58792
Voluntown, CT	06384
Von Ormy, TX	78073
Vona, CO	80861
Vonore, TN	37885
Voorhees, NJ	08043
Voorheesville, NY	12186
Voss, TX	76888
Vossburg, MS	39366
Votaw, TX	77376
Vowinckel, PA	16260
Vredenburgh, AL	36481
Vulcan, MI	49892
Vulcan, MO	63675
Waban, MA	02468
Wabash, AR	72389
Wabash, IN	46992
Wabasha, MN	55981
Wabasso, FL	32970
Wabasso, MN	56293
Wabbaseka, AR	72175
Wabeno, WI	54566
Waccabuc, NY	10597
Wachapreague, VA	23480
Wacissa, FL	32361
Waco, GA	30182
Waco, KY	40385
Waco, MO	64869
Waco, NC	28169
Waco, NE	68460
Waconia, MN	55387
Waddell, AZ	85355
Waddington, NY	13694
Waddy, KY	40076
Wade, NC	28395
Wadena, IA	52169
Wadena, MN	56482
Wadesboro, NC	28170
Wadesville, IN	47638
Wading River, NY	11792
Wadley, AL	36276
Wadley, GA	30477
Wadmalaw Island, SC	29487
Wadsworth, IL	60083
Wadsworth, NV	89442
Wadsworth, TX	77483
Waelder, TX	78959
Wagarville, AL	36585
Wagener, SC	29164
Waggoner, IL	62572
Wagner, SD	57380
Wagon Mound, NM	87752
Wagontown, PA	19376
Wagram, NC	28396
Wahiawa, HI	96786
Wahkiacus, WA	98670
Wahkon, MN	56386
Wahoo, NE	68066
Waialua, HI	96791
Waianae, HI	96792
Waikoloa, HI	96738
Wailuku, HI	96793
Waimanalo, HI	96795
Waimea, HI	96796
Wainscott, NY	11975
Wainwright, AK	99782
Wainwright, OK	74468
Waipahu, HI	96797
Waite Park, MN	56387
Waite, ME	04492
Waiteville, WV	24984
Waitsburg, WA	99361
Waitsfield, VT	05673
Waka, TX	79093
Wakarusa, IN	46573
Wakarusa, KS	66546
Wake Island, HI	96898
Wake, VA	23176
Wakeeney, KS	67672
Wakefield, KS	67487
Wakefield, LA	70784
Wakefield, MA	01880
Wakefield, MI	49968
Wakefield, NE	68784
Wakefield, OH	45687
Wakefield, VA	23888
Wakeman, OH	44889
Wakita, OK	73771
Wakonda, SD	57073
Wakpala, SD	57658
Walbridge, OH	43465
Walburg, TX	78673
Walcott, AR	72474
Walcott, IA	52773
Walcott, ND	58077
Walcott, WY	82335
Walden, CO	80480
Walden, NY	12586
Waldenburg, AR	72475
Waldo, AR	71770
Waldo, FL	32694
Waldo, KS	67673
Waldo, OH	43356
Waldo, WI	53093
Waldoboro, ME	04572
Waldorf, MN	56091
Waldport, OR	97394
Waldron, AR	72958
Waldron, IN	46182
Waldron, KS	67150
Waldron, MI	49288
Waldron, MO	64092
Waldron, WA	98297
Waldwick, NJ	07463
Wales Center, NY	14169
Wales, AK	99783
Wales, MA	01081
Wales, ND	58281
Wales, UT	84667
Wales, WI	53183
Waleska, GA	30183
Walford, IA	52351
Walhalla, MI	49458
Walhalla, ND	58282
Walhalla, SC	29691
Walhonding, OH	43843
Walker Valley, NY	12588
Walker, IA	52352
Walker, KS	67674
Walker, KY	40997
Walker, LA	70785
Walker, MN	56484
Walker, MO	64790
Walker, SD	57659
Walker, WV	26180
Walkersville, MD	21793
Walkersville, WV	26447
Walkerton, IN	46574
Walkerton, VA	23177
Walkertown, NC	27051
Walkerville, MI	49459
Wall Lake, IA	51466
Wall, SD	57790
Wall, TX	76957
Walla Walla, WA	99362
Wallace, CA	95254
Wallace, ID	83873
Wallace, IN	47988
Wallace, KS	67761
Wallace, MI	49893
Wallace, NC	28466
Wallace, NE	69169
Wallace, SC	29596
Wallace, SD	57272
Wallace, WV	26448
Wallaceton, PA	16876
Wallagrass, ME	04781
Walland, TN	37886
Wallback, WV	25285
Wallburg, NC	27373
Waller, TX	77484
Walling, TN	38587
Wallingford, IA	51365
Wallingford, KY	41093
Wallingford, PA	19086
Wallingford, VT	05773
Wallington, NJ	07057
Wallins Creek, KY	40873
Wallis, TX	77485
Wallisville, TX	77597
Wallkill, NY	12589
Walloon Lake, MI	49796
Wallops Island, VA	23337
Wallowa, OR	97885
Wallpack Center, NJ	07881
Wallsburg, UT	84082
Wallula, WA	99363
Walnut Bottom, PA	17266
Walnut Cove, NC	27052
Walnut Creek, OH	44687
Walnut Grove, AL	35990
Walnut Grove, CA	95690
Walnut Grove, MN	56180
Walnut Grove, MO	65770
Walnut Grove, MS	39189
Walnut Hill, IL	62893
Walnut Ridge, AR	72476
Walnut Shade, MO	65771
Walnut Springs, TX	76690
Walnut, IA	51577
Walnut, IL	61376
Walnut, KS	66780
Walnut, MS	38683
Walnutport, PA	18088
Walpole, MA	02081
Walpole, ME	04573
Walpole, NH	03608
Walsenburg, CO	81089
Walsh, CO	81090
Walsh, IL	62297
Walshville, IL	62091
Walston, PA	15781
Walstonburg, NC	27888
Walterboro, SC	29488
Walters, OK	73572
Waltersburg, PA	15488
Walterville, OR	97489
Walthall, MS	39771
Waltham, MN	55982
Walthill, NE	68067
Walthourville, GA	31333
Walton, IN	46994
Walton, KS	67151
Walton, KY	41094
Walton, NE	68461
Walton, NY	13856
Walton, OR	97490
Walton, WV	25286
Waltonville, IL	62894
Walworth, NY	14568
Walworth, WI	53184
Wamego, KS	66547
Wampsville, NY	13163
Wampum, PA	16157
Wamsutter, WY	82336
Wana, WV	26590
Wanakena, NY	13695
Wanamingo, MN	55983
Wanaque, NJ	07465
Wanatah, IN	46390
Wanblee, SD	57577
Wanchese, NC	27981
Wanda, MN	56294
Waneta, KY	40488
Wanette, OK	74878
Wann, OK	74083
Wannaska, MN	56761
Wantagh, NY	11793
Wapakoneta, OH	45895
Wapanucka, OK	73461
Wapato, WA	98951
Wapella, IL	61777
Wapello, IA	52653
Wapiti, WY	82450
Wappapello, MO	63966
Wappingers Falls, NY	12590
Wapwallopen, PA	18660
War, WV	24892
Warba, MN	55793
Warbranch, KY	40874
Ward Cove, AK	99928
Ward, AL	36922
Ward, AR	72176
Ward, CO	80481
Ward, SC	29166
Warda, TX	78960
Wardell, MO	63879
Warden, WA	98857
Wardensville, WV	26851
Wardsboro, VT	05355
Wardtown, VA	23482
Wardville, OK	74576
Ware Neck, VA	23178
Ware Shoals, SC	29692
Ware, MA	01082
Wareham, MA	02571
Waresboro, GA	31564
Waretown, NJ	08758
Warfield, KY	41267
Warfield, VA	23889
Warfordsburg, PA	17267
Waring, TX	78074
Warm Springs, AR	72478
Warm Springs, GA	31830
Warm Springs, MT	59756
Warm Springs, OR	97761
Warm Springs, VA	24484
Warne, NC	28909
Warner Springs, CA	92086
Warner, NH	03278
Warner, OK	74469
Warner, SD	57479
Warners, NY	13164
Warnerville, NY	12187
Warnock, OH	43967
Warren Center, PA	18851
Warren, AR	71671
Warren, ID	83671
Warren, IL	61087
Warren, IN	46792
Warren, MA	01083
Warren, ME	04864
Warren, MN	56762
Warren, NH	03279
Warren, NJ	07059
Warren, OR	97053
Warren, RI	02885
Warren, TX	77664
Warren, VT	05674
Warrens, WI	54666
Warrensburg, IL	62573
Warrensburg, MO	64093
Warrensburg, NY	12885
Warrensville, NC	28693
Warrenton, GA	30828
Warrenton, MO	63383
Warrenton, NC	27589
Warrenton, OR	97146
Warrenton, TX	78961
Warrenville, IL	60555
Warrenville, SC	29851
Warrington, PA	18976
Warrior, AL	35180
Warriormine, WV	24894
Warriors Mark, PA	16877
Warroad, MN	56763
Warsaw, IL	62379
Warsaw, KY	41095
Warsaw, MN	55087
Warsaw, MO	65355
Warsaw, NC	28398
Warsaw, NY	14569
Warsaw, OH	43844
Warsaw, VA	22572
Wartburg, TN	37887
Warthen, GA	31094
Wartrace, TN	37183
Warwick, GA	31796
Warwick, MA	01378
Warwick, MD	21912
Warwick, ND	58381
Warwick, NY	10990
Wasco, CA	93280
Wasco, IL	60183
Wasco, OR	97065
Wascott, WI	54890
Waseca, MN	56093
Washburn, IL	61570
Washburn, ME	04786
Washburn, MO	65772
Washburn, ND	58577
Washburn, TN	37888
Washburn, WI	54891
Washington Boro, PA	17582
Washington Court House, OH	43160
Washington Crossing, PA	18977
Washington Depot, CT	06794
Washington Grove, MD	20880
Washington Island, WI	54246
Washington Mills, NY	13479
Washington, AR	71862
Washington, CA	95986
Washington, CT	06793
Washington, GA	30673
Washington, IA	52353
Washington, IL	61571
Washington, IN	47501
Washington, KS	66968
Washington, KY	41096
Washington, LA	70589
Washington, ME	04574
Washington, MO	63090
Washington, MS	39190
Washington, NC	27889
Washington, NE	68068
Washington, NH	03280
Washington, NJ	07882
Washington, OK	73093
Washington, PA	15301
Washington, TX	77880
Washington, UT	84780
Washington, VA	22747
Washington, VT	05675
Washington, WV	26181
Washingtonville, NY	10992
Washingtonville, OH	44490
Washingtonville, PA	17884
Washita, OK	73094
Washoe Valley, NV	89704
Washougal, WA	98671
Washta, IA	51061
Washtucna, WA	99371
Waskish, MN	56685
Waskom, TX	75692
Wasola, MO	65773
Wassaic, NY	12592
Wasta, SD	57791
Wataga, IL	61488
Watauga, SD	57660
Watauga, TN	37694
Watchung, NJ	07069
Water Mill, NY	11976
Water Valley, KY	42085
Water Valley, MS	38965
Water Valley, TX	76958
Water View, VA	23180
Waterboro, ME	04087
Waterbury Center, VT	05677
Waterbury, NE	68785
Waterfall, PA	16689
Waterflow, NM	87421
Waterford Works, NJ	08089
Waterford, CA	95386
Waterford, ME	04088
Waterford, MS	38685
Waterford, NY	12188
Waterford, OH	45786
Waterford, PA	16441
Waterford, VA	20197
Waterford, WI	53185
Waterloo, AL	35677
Waterloo, IL	62298
Waterloo, IN	46793
Waterloo, NE	68069
Waterloo, NY	13165
Waterloo, OH	45688
Waterloo, SC	29384
Waterloo, WI	53594
Waterman, IL	60556
Waterport, NY	14571
Waterproof, LA	71375
Waters, MI	49797
Watersmeet, MI	49969
Watertown, CT	06795
Watertown, MN	55388
Watertown, OH	45787
Watertown, SD	57201
Watertown, TN	37184
Waterville Valley, NH	03215
Waterville, IA	52170
Waterville, KS	66548
Waterville, MN	56096
Waterville, NY	13480
Waterville, OH	43566
Waterville, PA	17776
Waterville, VT	05492
Waterville, WA	98858
Watervliet, MI	49098
Watervliet, NY	12189
Watford City, ND	58854
Wathena, KS	66090
Watkins Glen, NY	14891
Watkins, CO	80137
Watkins, IA	52354
Watkins, MN	55389
Watkinsville, GA	30677
Watonga, OK	73772
Watrous, NM	87753
Watseka, IL	60970
Watson, AL	35181
Watson, AR	71674
Watson, IL	62473
Watson, LA	70786
Watson, MN	56295
Watson, MO	64496
Watson, OK	74963
Watsontown, PA	17777
Watton, MI	49970
Watts, OK	74964
Wattsburg, PA	16442
Wattsville, AL	35182
Wattsville, VA	23483
Waubay, SD	57273
Waubun, MN	56589
Wauchula, FL	33873
Waucoma, IA	52171
Wauconda, IL	60084
Wauconda, WA	98859
Waukau, WI	54980
Waukee, IA	50263
Waukena, CA	93282
Waukomis, OK	73773
Waukon, IA	52172
Wauna, WA	98395
Waunakee, WI	53597
Wauneta, NE	69045
Waupaca, WI	54981
Waupun, WI	53963
Wauregan, CT	06387
Waurika, OK	73573
Wausa, NE	68786
Wausau, FL	32463
Wausaukee, WI	54177
Wauseon, OH	43567
Wautoma, WI	54982
Wauzeka, WI	53826
Waveland, IN	47989
Waveland, MS	39576
Waverley, MA	02479
Waverly Hall, GA	31831
Waverly, AL	36879
Waverly, FL	33877
Waverly, GA	31565
Waverly, IA	50677
Waverly, IL	62692
Waverly, KS	66871
Waverly, KY	42462
Waverly, MN	55390
Waverly, MO	64096
Waverly, NE	68462
Waverly, NY	14892
Waverly, OH	45690
Waverly, PA	18471
Waverly, TN	37185
Waverly, WA	99039
Waverly, WV	26184
Waves, NC	27982
Wawaka, IN	46794
Wawarsing, NY	12489
Waxhaw, NC	28173
Wayan, ID	83285
Wayland, IA	52654
Wayland, KY	41666
Wayland, MA	01778
Wayland, MI	49348
Wayland, MO	63472
Wayland, NY	14572
Wayland, OH	44285
Waymart, PA	18472
Wayne City, IL	62895
Wayne, IL	60184
Wayne, ME	04284
Wayne, MI	48184
Wayne, NE	68787
Wayne, NY	14893
Wayne, OH	43466
Wayne, OK	73095
Wayne, WV	25570
Waynesboro, GA	30830
Waynesboro, MS	39367
Waynesboro, PA	17268
Waynesboro, TN	38485
Waynesboro, VA	22980
Waynesburg, KY	40489
Waynesburg, OH	44688
Waynesburg, PA	15370
Waynesfield, OH	45896
Waynesville, GA	31566
Waynesville, IL	61778
Waynesville, MO	65583
Waynesville, OH	45068
Waynetown, IN	47990
Waynoka, OK	73860
Wayside, MS	38780
Wayside, TX	79094
Wayside, WV	24985
Wayzata, MN	55391
Weare, NH	03281
Weatherby, MO	64497
Weatherford, OK	73096
Weatherly, PA	18255
Weatogue, CT	06089
Weaubleau, MO	65774
Weaver, AL	36277
Weaverville, CA	96093
Weaverville, NC	28787
Webb City, MO	64870
Webb, AL	36376
Webb, IA	51366
Webb, MS	38966
Webber, KS	66970
Webbers Falls, OK	74470
Webberville, MI	48892
Webbville, KY	41180
Weber City, VA	24290
Webster City, IA	50595
Webster Springs, WV	26288
Webster, FL	33597
Webster, IA	52355
Webster, IN	47392
Webster, KY	40176
Webster, MA	01570
Webster, MN	55088
Webster, NC	28788
Webster, ND	58382
Webster, NY	14580
Webster, PA	15087
Webster, SD	57274
Webster, TX	77598
Webster, WI	54893
Websterville, VT	05678
Wedderburn, OR	97491
Wedgefield, SC	29168
Wedowee, AL	36278
Wedron, IL	60557
Weed, CA	96094
Weed, NM	88354
Weedsport, NY	13166
Weedville, PA	15868
Weehawken, NJ	07086
Weeksbury, KY	41667
Weems, VA	22576
Weeping Water, NE	68463
Weesatche, TX	77993
Weidman, MI	48893
Weikert, PA	17885
Weimar, CA	95736
Weimar, TX	78962
Weiner, AR	72479
Weinert, TX	76388
Weippe, ID	83553
Weir, KS	66781
Weir, MS	39772
Weir, TX	78674
Weirsdale, FL	32195
Weirton, WV	26062
Weiser, ID	83672
Welaka, FL	32193
Welch, MN	55089
Welch, OK	74369
Welch, TX	79377
Welch, WV	24801
Welches, OR	97067
Welchs Creek, KY	42287
Welcome, MD	20693
Welcome, MN	56181
Welcome, NC	27374
Weld, ME	04285
Welda, KS	66091
Weldon, CA	93283
Weldon, IA	50264
Weldon, IL	61882
Weldon, NC	27890
Weldona, CO	80653
Weleetka, OK	74880
Wellborn, FL	32094
Wellborn, TX	77881
Wellersburg, PA	15564
Wellesley Hills, MA	02481
Wellesley Island, NY	13640
Wellesley, MA	02482
Wellfleet, MA	02667
Wellfleet, NE	69170
Wellford, SC	29385
Welling, OK	74471
Wellington, AL	36279
Wellington, CO	80549
Wellington, FL	33414
Wellington, IL	60973
Wellington, KS	67152
Wellington, KY	40387
Wellington, MO	64097
Wellington, NV	89444
Wellington, OH	44090
Wellington, TX	79095
Wellington, UT	84542
Wellman, IA	52356
Wellman, TX	79378
Wellpinit, WA	99040
Wells Bridge, NY	13859
Wells River, VT	05081
Wells Tannery, PA	16691
Wells, ME	04090
Wells, MI	49894
Wells, MN	56097
Wells, NV	89835
Wells, NY	12190
Wells, TX	75976
Wells, VT	05774
Wellsboro, PA	16901
Wellsburg, IA	50680
Wellsburg, NY	14894
Wellsburg, WV	26070
Wellston, MI	49689
Wellston, OH	45692
Wellston, OK	74881
Wellsville, KS	66092
Wellsville, MO	63384
Wellsville, NY	14895
Wellsville, OH	43968
Wellsville, PA	17365
Wellsville, UT	84339
Wellton, AZ	85356
Welsh, LA	70591
Welton, IA	52774
Wendel, CA	96136
Wendel, PA	15691
Wendell Depot, MA	01380
Wendell, ID	83355
Wendell, MA	01379
Wendell, MN	56590
Wendell, NC	27591
Wenden, AZ	85357
Wendover, KY	41775
Wendover, UT	84083
Wenham, MA	01984
Wenona, IL	61377
Wenonah, NJ	08090
Wentworth, MO	64873
Wentworth, NC	27375
Wentworth, NH	03282
Wentworth, SD	57075
Wentzville, MO	63385
Weogufka, AL	35183
Weott, CA	95571
Wernersville, PA	19565
Wesco, MO	65586
Weskan, KS	67762
Wesley, AR	72773
Wesley, IA	50483
Wesley, ME	04686
Wessington Springs, SD	57382
Wessington, SD	57381
Wesson, MS	39191
West Alexander, PA	15376
West Alexandria, OH	45381
West Alton, MO	63386
West Augusta, VA	24485
West Baden Springs, IN	47469
West Baldwin, ME	04091
West Barnstable, MA	02668
West Bend, IA	50597
West Berlin, NJ	08091
West Bethel, ME	04286
West Blocton, AL	35184
West Bloomfield, NY	14585
West Boothbay Harbor, ME	04575
West Boxford, MA	01885
West Boylston, MA	01583
West Branch, IA	52358
West Branch, MI	48661
West Bridgewater, MA	02379
West Brookfield, MA	01585
West Brooklyn, IL	61378
West Burke, VT	05871
West Burlington, IA	52655
West Burlington, NY	13482
West Camp, NY	12490
West Charleston, VT	05872
West Chatham, MA	02669
West Chazy, NY	12992
West Chester, IA	52359
West Chesterfield, MA	01084
West Chesterfield, NH	03466
West Chop, MA	02573
West Clarksville, NY	14786
West College Corner, IN	47003
West Columbia, TX	77486
West Columbia, WV	25287
West Concord, MN	55985
West Copake, NY	12593
West Cornwall, CT	06796
West Coxsackie, NY	12192
West Creek, NJ	08092
West Danville, VT	05873
West Davenport, NY	13860
West Decatur, PA	16878
West Dennis, MA	02670
West Dover, VT	05356
West Dummerston, VT	05357
West Eaton, NY	13484
West Edmeston, NY	13485
West Elizabeth, PA	15088
West Elkton, OH	45070
West End, NC	27376
West Enfield, ME	04493
West Fairlee, VT	05083
West Falls, NY	14170
West Falmouth, MA	02574
West Fargo, ND	58078
West Farmington, ME	04992
West Farmington, OH	44491
West Finley, PA	15377
West Fork, AR	72774
West Forks, ME	04985
West Frankfort, IL	62896
West Friendship, MD	21794
West Fulton, NY	12194
West Glacier, MT	59936
West Granby, CT	06090
West Green, GA	31567
West Greene, AL	35491
West Greenwich, RI	02817
West Groton, MA	01472
West Grove, IA	52538
West Grove, PA	19390
West Halifax, VT	05358
West Hamlin, WV	25571
West Harrison, IN	47060
West Harrison, NY	10604
West Hartford, VT	05084
West Hartland, CT	06091
West Harwich, MA	02671
West Hatfield, MA	01088
West Haven, CT	06516
West Haverstraw, NY	10993
West Helena, AR	72390
West Hempstead, NY	11552
West Henrietta, NY	14586
West Hickory, PA	16370
West Hollywood, CA	90069
West Hurley, NY	12491
West Hyannisport, MA	02672
West Islip, NY	11795
West Jefferson, NC	28694
West Jefferson, OH	43162
West Kennebunk, ME	04094
West Kill, NY	12492
West Kingston, RI	02892
West Lafayette, OH	43845
West Lebanon, IN	47991
West Lebanon, NH	03784
West Lebanon, NY	12195
West Lebanon, PA	15783
West Leisenring, PA	15489
West Leyden, NY	13489
West Liberty, IA	52776
West Liberty, IL	62475
West Liberty, KY	41472
West Liberty, OH	43357
West Liberty, WV	26074
West Linn, OR	97068
West Long Branch, NJ	07764
West Louisville, KY	42377
West Manchester, OH	45382
West Mansfield, OH	43358
West Mclean, VA	22103
West Medford, MA	02156
West Middlesex, PA	16159
West Middleton, IN	46995
West Middletown, PA	15379
West Milford, NJ	07480
West Milford, WV	26451
West Millbury, MA	01586
West Millgrove, OH	43467
West Milton, OH	45383
West Milton, PA	17886
West Mineral, KS	66782
West Minot, ME	04288
West Monroe, NY	13167
West Mystic, CT	06388
West New York, NJ	07093
West Newbury, MA	01985
West Newbury, VT	05085
West Newfield, ME	04095
West Newton, IN	46183
West Newton, MA	02465
West Newton, PA	15089
West Nottingham, NH	03291
West Nyack, NY	10994
West Olive, MI	49460
West Oneonta, NY	13861
West Orange, NJ	07052
West Ossipee, NH	03890
West Paducah, KY	42086
West Paris, ME	04289
West Park, NY	12493
West Pawlet, VT	05775
West Peterborough, NH	03468
West Pittsburg, PA	16160
West Plains, MO	65775
West Point, AR	72178
West Point, CA	95255
West Point, GA	31833
West Point, IA	52656
West Point, IL	62380
West Point, KY	40177
West Point, MS	39773
West Point, NE	68788
West Point, OH	44492
West Point, PA	19486
West Point, TX	78963
West Point, VA	23181
West Poland, ME	04291
West Portsmouth, OH	45663
West Richland, WA	99353
West Ridge, AR	72391
West River, MD	20778
West Rockport, ME	04865
West Roxbury, MA	02132
West Rupert, VT	05776
West Rushville, OH	43163
West Rutland, VT	05777
West Salem, IL	62476
West Salem, OH	44287
West Salem, WI	54669
West Salisbury, PA	15565
West Sand Lake, NY	12196
West Sayville, NY	11796
West Shokan, NY	12494
West Simsbury, CT	06092
West Somerset, KY	42564
West Springfield, PA	16443
West Stewartstown, NH	03597
West Stockbridge, MA	01266
West Stockholm, NY	13696
West Suffield, CT	06093
West Sunbury, PA	16061
West Swanzey, NH	03469
West Terre Haute, IN	47885
West Tisbury, MA	02575
West Topsham, VT	05086
West Townsend, MA	01474
West Townshend, VT	05359
West Union, IA	52175
West Union, IL	62477
West Union, MN	56389
West Union, OH	45693
West Union, SC	29696
West Union, WV	26456
West Unity, OH	43570
West Valley, NY	14171
West Van Lear, KY	41268
West Wardsboro, VT	05360
West Wareham, MA	02576
West Warren, MA	01092
West Warwick, RI	02893
West Wendover, NV	89883
West Willow, PA	17583
West Winfield, NY	13491
West Yarmouth, MA	02673
West Yellowstone, MT	59758
West York, IL	62478
West, MS	39192
West, TX	76691
Westboro, MO	64498
Westboro, WI	54490
Westbrook, CT	06498
Westbrook, MN	56183
Westbrook, TX	79565
Westbrookville, NY	12785
Westby, MT	59275
Westby, WI	54667
Westchester, IL	60154
Westcliffe, CO	81252
Westdale, NY	13483
Westerlo, NY	12193
Westerly, RI	02891
Western Grove, AR	72685
Western Springs, IL	60558
Western, NE	68464
Westernport, MD	21562
Westernville, NY	13486
Westerville, NE	68881
Westfall, OR	97920
Westfield Center, OH	44251
Westfield, IA	51062
Westfield, IL	62474
Westfield, IN	46074
Westfield, ME	04787
Westfield, NC	27053
Westfield, NY	14787
Westfield, PA	16950
Westfield, VT	05874
Westfield, WI	53964
Westfir, OR	97492
Westford, MA	01886
Westford, NY	13488
Westford, VT	05494
Westgate, IA	50681
Westhampton Beach, NY	11978
Westhampton, NY	11977
Westhoff, TX	77994
Westhope, ND	58793
Westlake, LA	70669
Westlake, OH	44145
Westlake, OR	97493
Westland, PA	15378
Westley, CA	95387
Westminster Station, VT	05159
Westminster, SC	29693
Westminster, TX	75485
Westminster, VT	05158
Westmont, IL	60559
Westmoreland City, PA	15692
Westmoreland, KS	66549
Westmoreland, NH	03467
Westmoreland, NY	13490
Westmoreland, TN	37186
Westmorland, CA	92281
Weston, CO	81091
Weston, CT	06883
Weston, GA	31832
Weston, ID	83286
Weston, MA	02493
Weston, MI	49289
Weston, MO	64098
Weston, NE	68070
Weston, OH	43569
Weston, OR	97886
Weston, PA	18256
Weston, TX	75097
Weston, VT	05161
Weston, WV	26452
Weston, WY	82731
Westons Mills, NY	14788
Westover, AL	35185
Westover, PA	16692
Westphalia, IA	51578
Westphalia, IN	47596
Westphalia, KS	66093
Westphalia, MI	48894
Westphalia, MO	65085
Westpoint, IN	47992
Westpoint, TN	38486
Westport Point, MA	02791
Westport, CA	95488
Westport, IN	47283
Westport, KY	40077
Westport, MA	02790
Westport, NY	12993
Westport, PA	17778
Westport, SD	57481
Westport, TN	38387
Westport, WA	98595
Westside, IA	51467
Westtown, NY	10998
Westtown, PA	19395
Westview, KY	40178
Westville, FL	32464
Westville, IL	61883
Westville, IN	46391
Westville, NJ	08093
Westville, OH	43083
Westville, OK	74965
Westville, SC	29175
Westwood, CA	96137
Westwood, MA	02090
Westwood, NJ	07675
Wetmore, CO	81253
Wetmore, KS	66550
Wetmore, MI	49895
Wetumka, OK	74883
Wever, IA	52658
Wevertown, NY	12886
Wewoka, OK	74884
Wexford, PA	15090
Weyanoke, LA	70787
Weyauwega, WI	54983
Weyerhaeuser, WI	54895
Weyers Cave, VA	24486
Weymouth, MA	02188
Whaleyville, MD	21872
Wharncliffe, WV	25651
Wharton, NJ	07885
Wharton, OH	43359
Wharton, TX	77488
Wharton, WV	25208
What Cheer, IA	50268
Whately, MA	01093
Whatley, AL	36482
Wheatcroft, KY	42463
Wheatfield, IN	46392
Wheatland, CA	95692
Wheatland, IA	52777
Wheatland, IN	47597
Wheatland, MO	65779
Wheatland, ND	58079
Wheatland, OK	73097
Wheatland, PA	16161
Wheatland, WY	82201
Wheatley, AR	72392
Wheaton, MN	56296
Wheaton, MO	64874
Wheeler Army Airfield, HI	96854
Wheeler, IL	62479
Wheeler, IN	46393
Wheeler, MI	48662
Wheeler, MS	38880
Wheeler, OR	97147
Wheeler, TX	79096
Wheeler, WI	54772
Wheelersburg, OH	45694
Wheeling, IL	60090
Wheeling, MO	64688
Wheeling, WV	26003
Wheelock, TX	77882
Wheelwright, KY	41669
Wheelwright, MA	01094
Whelen Springs, AR	71772
Whick, KY	41390
Whigham, GA	39897
Whipple, OH	45788
Whippleville, NY	12995
Whiskeytown, CA	96095
Whitakers, NC	27891
White Bird, ID	83554
White Bluff, TN	37187
White Castle, LA	70788
White City, KS	66872
White City, OR	97503
White Cloud, KS	66094
White Cloud, MI	49349
White Cottage, OH	43791
White Deer, PA	17887
White Deer, TX	79097
White Earth, MN	56591
White Earth, ND	58794
White Hall, IL	62092
White Hall, MD	21161
White Hall, VA	22987
White Haven, PA	18661
White Heath, IL	61884
White Horse Beach, MA	02381
White House, TN	37188
White Lake, NY	12786
White Lake, SD	57383
White Lake, WI	54491
White Marsh, MD	21162
White Marsh, VA	23183
White Mills, KY	42788
White Mills, PA	18473
White Mountain Lake, AZ	85912
White Mountain, AK	99784
White Oak, GA	31568
White Oak, NC	28399
White Oak, TX	75693
White Oak, WV	25989
White Owl, SD	57792
White Pigeon, MI	49099
White Pine, MI	49971
White Pine, TN	37890
White Plains, GA	30678
White Plains, KY	42464
White Plains, MD	20695
White Plains, VA	23893
White Post, VA	22663
White River, SD	57579
White Rock, NM	87547
White Rock, SC	29177
White Salmon, WA	98672
White Sands Missile Range, NM	88002
White Springs, FL	32096
White Stone, SC	29386
White Stone, VA	22578
White Sulphur Springs, MT	59645
White Sulphur Springs, NY	12787
White Swan, WA	98952
White, GA	30184
White, PA	15490
White, SD	57276
Whiteclay, NE	69365
Whiteface, TX	79379
Whitefield, ME	04353
Whitefield, NH	03598
Whitefield, OK	74472
Whitefish, MT	59937
Whiteford, MD	21160
Whitehall, MI	49461
Whitehall, MT	59759
Whitehall, NY	12887
Whitehall, PA	18052
Whitehall, WI	54773
Whitehorse, SD	57661
Whitehouse Station, NJ	08889
Whitehouse, NJ	08888
Whitehouse, OH	43571
Whitehouse, TX	75791
Whiteland, IN	46184
Whitelaw, WI	54247
Whiteman Air Force Base, MO	65305
Whiteoak, MO	63880
Whiteriver, AZ	85941
Whiterocks, UT	84085
Whites City, NM	88268
Whites Creek, TN	37189
Whitesboro, NJ	08252
Whitesboro, NY	13492
Whitesboro, OK	74577
Whitesboro, TX	76273
Whitesburg, GA	30185
Whitesburg, KY	41858
Whitesburg, TN	37891
Whiteside, MO	63387
Whiteside, TN	37396
Whitestone, NY	11357
Whitestown, IN	46075
Whitesville, KY	42378
Whitesville, NY	14897
Whitesville, WV	25209
Whitetail, MT	59276
Whitethorn, CA	95589
Whitetop, VA	24292
Whiteville, NC	28472
Whiteville, TN	38075
Whitewater, CA	92282
Whitewater, CO	81527
Whitewater, KS	67154
Whitewater, MO	63785
Whitewater, MT	59544
Whitewater, WI	53190
Whitewood, SD	57793
Whitewood, VA	24657
Whitewright, TX	75491
Whitfield, MS	39193
Whitharral, TX	79380
Whiting, IA	51063
Whiting, IN	46394
Whiting, KS	66552
Whiting, ME	04691
Whiting, VT	05778
Whitingham, VT	05361
Whitinsville, MA	01588
Whitlash, MT	59545
Whitley City, KY	42653
Whitleyville, TN	38588
Whitman, MA	02382
Whitman, NE	69366
Whitman, WV	25652
Whitmer, WV	26296
Whitmire, SC	29178
Whitmore Lake, MI	48189
Whitmore, CA	96096
Whitney Point, NY	13862
Whitney, NE	69367
Whitney, PA	15693
Whitney, TX	76692
Whitsett, NC	27377
Whitsett, TX	78075
Whitt, TX	76490
Whittaker, MI	48190
Whittemore, IA	50598
Whittemore, MI	48770
Whitten, IA	50269
Whittier, AK	99693
Whittier, NC	28789
Whittington, IL	62897
Whitwell, TN	37397
Wibaux, MT	59353
Wickatunk, NJ	07765
Wickes, AR	71973
Wickett, TX	79788
Wickhaven, PA	15492
Wickliffe, KY	42087
Wickliffe, OH	44092
Wicomico Church, VA	22579
Wicomico, VA	23184
Wiconisco, PA	17097
Wideman, AR	72585
Widen, WV	25211
Widener, AR	72394
Widnoon, PA	16261
Wiergate, TX	75977
Wiggins, CO	80654
Wiggins, MS	39577
Wikieup, AZ	85360
Wilber, NE	68465
Wilberforce, OH	45384
Wilbraham, MA	01095
Wilbur, OR	97494
Wilbur, WA	99185
Wilburn, AR	72179
Wilburton, OK	74578
Wilburton, PA	17888
Wilcoe, WV	24895
Wilcox, NE	68982
Wilcox, PA	15870
Wild Horse, CO	80862
Wild Rose, WI	54984
Wilder, ID	83676
Wilder, TN	38589
Wilder, VT	05088
Wildersville, TN	38388
Wilderville, OR	97543
Wildie, KY	40492
Wildomar, CA	92595
Wildorado, TX	79098
Wildrose, ND	58795
Wildsville, LA	71377
Wildwood, FL	34785
Wildwood, GA	30757
Wildwood, NJ	08260
Wildwood, PA	15091
Wiley Ford, WV	26767
Wiley, CO	81092
Wiley, GA	30581
Wilkesboro, NC	28697
Wilkeson, WA	98396
Wilkesville, OH	45695
Wilkinson, IN	46186
Wilkinson, WV	25653
Willacoochee, GA	31650
Willamina, OR	97396
Willard, KY	41181
Willard, MO	65781
Willard, MT	59354
Willard, NC	28478
Willard, NM	87063
Willard, NY	14588
Willard, UT	84340
Willard, WI	54493
Willards, MD	21874
Willernie, MN	55090
Willet, NY	13863
Williams Bay, WI	53191
Williams, AZ	86046
Williams, CA	95987
Williams, IA	50271
Williams, IN	47470
Williams, MN	56686
Williams, OR	97544
Williams, SC	29493
Williamsburg, IA	52361
Williamsburg, IN	47393
Williamsburg, KS	66095
Williamsburg, KY	40769
Williamsburg, MA	01096
Williamsburg, MI	49690
Williamsburg, MO	63388
Williamsburg, NM	87942
Williamsburg, OH	45176
Williamsburg, PA	16693
Williamsburg, WV	24991
Williamsfield, IL	61489
Williamsfield, OH	44093
Williamson, GA	30292
Williamson, IA	50272
Williamson, NY	14589
Williamson, PA	17270
Williamson, WV	25661
Williamsport, IN	47993
Williamsport, KY	41271
Williamsport, MD	21795
Williamsport, OH	43164
Williamsport, TN	38487
Williamston, MI	48895
Williamston, NC	27892
Williamston, SC	29697
Williamstown, KY	41097
Williamstown, MA	01267
Williamstown, MO	63473
Williamstown, NJ	08094
Williamstown, NY	13493
Williamstown, OH	45897
Williamstown, PA	17098
Williamstown, VT	05679
Williamstown, WV	26187
Williamsville, IL	62693
Williamsville, MO	63967
Williamsville, VA	24487
Williamsville, VT	05362
Williford, AR	72482
Willimantic, CT	06226
Willingboro, NJ	08046
Willington, CT	06279
Willis Wharf, VA	23486
Willis, MI	48191
Willis, VA	24380
Willisburg, KY	40078
Williston Park, NY	11596
Williston, FL	32696
Williston, NC	28589
Williston, OH	43468
Williston, SC	29853
Williston, TN	38076
Williston, VT	05495
Willisville, AR	71864
Willisville, IL	62997
Willits, CA	95490
Willmar, MN	56201
Willow Beach, AZ	86445
Willow City, ND	58384
Willow City, TX	78675
Willow Creek, CA	95573
Willow Creek, MT	59760
Willow Grove, PA	19090
Willow Hill, IL	62480
Willow Hill, PA	17271
Willow Island, NE	69171
Willow Lake, SD	57278
Willow River, MN	55795
Willow Spring, NC	27592
Willow Springs, IL	60480
Willow Springs, MO	65793
Willow Street, PA	17584
Willow Wood, OH	45696
Willow, AK	99688
Willow, NY	12495
Willow, OK	73673
Willowbrook, IL	60527
Willows, CA	95988
Wills Point, TX	75169
Willsboro, NY	12996
Willseyville, NY	13864
Willshire, OH	45898
Wilmar, AR	71675
Wilmer, AL	36587
Wilmer, TX	75172
Wilmerding, PA	15148
Wilmette, IL	60091
Wilmington, IL	60481
Wilmington, MA	01887
Wilmington, NY	12997
Wilmington, OH	45177
Wilmington, VT	05363
Wilmont, MN	56185
Wilmore, KS	67155
Wilmore, KY	40390
Wilmore, PA	15962
Wilmot, AR	71676
Wilmot, NH	03287
Wilmot, OH	44689
Wilmot, SD	57279
Wilmot, WI	53192
Wilsall, MT	59086
Wilsey, KS	66873
Wilseyville, CA	95257
Wilson Creek, WA	98860
Wilson, AR	72395
Wilson, KS	67490
Wilson, LA	70789
Wilson, MI	49896
Wilson, NY	14172
Wilson, OK	73463
Wilson, TX	79381
Wilson, WI	54027
Wilson, WY	83014
Wilsonburg, WV	26461
Wilsondale, WV	25699
Wilsons Mills, NC	27593
Wilsons, VA	23894
Wilsonville, AL	35186
Wilsonville, IL	62093
Wilsonville, NE	69046
Wilsonville, OR	97070
Wilton, AL	35187
Wilton, AR	71865
Wilton, CA	95693
Wilton, CT	06897
Wilton, IA	52778
Wilton, ME	04294
Wilton, MN	56687
Wilton, ND	58579
Wilton, NH	03086
Wilton, WI	54670
Wimauma, FL	33598
Wimberley, TX	78676
Wimbledon, ND	58492
Winamac, IN	46996
Winburne, PA	16879
Winchendon Springs, MA	01477
Winchendon, MA	01475
Winchester Center, CT	06094
Winchester, AR	71677
Winchester, CA	92596
Winchester, ID	83555
Winchester, IL	62694
Winchester, IN	47394
Winchester, KS	66097
Winchester, MA	01890
Winchester, NH	03470
Winchester, OH	45697
Winchester, OR	97495
Winchester, TN	37398
Wind Gap, PA	18091
Wind Ridge, PA	15380
Windber, PA	15963
Winder, GA	30680
Windermere, FL	34786
Windfall, IN	46076
Windham, CT	06280
Windham, ME	04062
Windham, NH	03087
Windham, NY	12496
Windham, OH	44288
Windom, KS	67491
Windom, MN	56101
Windom, TX	75492
Window Rock, AZ	86515
Windsor Heights, IA	50324
Windsor Heights, WV	26075
Windsor Locks, CT	06096
Windsor Mill, MD	21244
Windsor, CA	95492
Windsor, IL	61957
Windsor, KY	42565
Windsor, MA	01270
Windsor, ME	04363
Windsor, MO	65360
Windsor, NC	27983
Windsor, NJ	08561
Windsor, NY	13865
Windsor, OH	44099
Windsor, PA	17366
Windsor, SC	29856
Windsor, VA	23487
Windsor, VT	05089
Windsor, WI	53598
Windthorst, TX	76389
Windyville, MO	65783
Winesburg, OH	44690
Winfall, NC	27985
Winfield, AL	35594
Winfield, IA	52659
Winfield, IL	60190
Winfield, KS	67156
Winfield, MO	63389
Winfield, PA	17889
Winfield, TN	37892
Winfield, TX	75493
Winfield, WV	25213
Winfred, SD	57076
Wing, AL	36483
Wing, ND	58494
Wingate, IN	47994
Wingate, MD	21675
Wingate, NC	28174
Wingate, TX	79566
Wingdale, NY	12594
Winger, MN	56592
Wingett Run, OH	45789
Wingina, VA	24599
Wingo, KY	42088
Winifred, MT	59489
Winifrede, WV	25214
Winigan, MO	63566
Wink, TX	79789
Winlock, WA	98596
Winn, ME	04495
Winn, MI	48896
Winnabow, NC	28479
Winnebago, IL	61088
Winnebago, MN	56098
Winnebago, NE	68071
Winnebago, WI	54985
Winneconne, WI	54986
Winner, SD	57580
Winnetka, IL	60093
Winnetoon, NE	68789
Winnett, MT	59087
Winnfield, LA	71483
Winnie, TX	77665
Winnisquam, NH	03289
Winnsboro, LA	71295
Winnsboro, SC	29180
Winnsboro, TX	75494
Winona Lake, IN	46590
Winona, KS	67764
Winona, MN	55987
Winona, MO	65588
Winona, MS	38967
Winona, OH	44493
Winona, TX	75792
Winona, WV	25942
Winooski, VT	05404
Winside, NE	68790
Winslow, AR	72959
Winslow, AZ	86047
Winslow, IL	61089
Winslow, IN	47598
Winslow, NE	68072
Winslow, NJ	08095
Winsted, CT	06098
Winsted, MN	55395
Winston, GA	30187
Winston, KY	40495
Winston, MO	64689
Winston, MT	59647
Winston, NM	87943
Winston, OR	97496
Winstonville, MS	38781
Winter Beach, FL	32971
Winter Harbor, ME	04693
Winter Park, CO	80482
Winter, WI	54896
Winterhaven, CA	92283
Winterport, ME	04496
Winters, CA	95694
Winters, TX	79567
Winterset, IA	50273
Winterthur, DE	19735
Winterville, GA	30683
Winterville, MS	38782
Winterville, NC	28590
Winthrop Harbor, IL	60096
Winthrop, AR	71866
Winthrop, IA	50682
Winthrop, MA	02152
Winthrop, ME	04364
Winthrop, MN	55396
Winthrop, NY	13697
Winthrop, WA	98862
Winton, CA	95388
Winton, MN	55796
Winton, NC	27986
Wiota, IA	50274
Wirt, MN	56688
Wirtz, VA	24184
Wiscasset, ME	04578
Wisconsin Dells, WI	53965
Wisdom, MT	59761
Wise River, MT	59762
Wise, NC	27594
Wise, VA	24293
Wiseman, AR	72587
Wishek, ND	58495
Wishon, CA	93669
Wishram, WA	98673
Wisner, LA	71378
Wisner, NE	68791
Wister, OK	74966
Withams, VA	23488
Withee, WI	54498
Witherbee, NY	12998
Witmer, PA	17585
Witt, IL	62094
Witten, SD	57584
Wittenberg, WI	54499
Wittensville, KY	41274
Witter Springs, CA	95493
Witter, AR	72776
Wittman, MD	21676
Wittmann, AZ	85361
Witts Springs, AR	72686
Wixom, MI	48393
Woden, IA	50484
Woden, TX	75978
Wofford Heights, CA	93285
Wolbach, NE	68882
Wolcott, CO	81655
Wolcott, CT	06716
Wolcott, IN	47995
Wolcott, NY	14590
Wolcott, VT	05680
Wolcottville, IN	46795
Wolf Creek, MT	59648
Wolf Creek, OR	97497
Wolf Island, MO	63881
Wolf Lake, IL	62998
Wolf Lake, MN	56593
Wolf Point, MT	59201
Wolf Run, OH	43970
Wolf, WY	82844
Wolfcreek, WV	24993
Wolfe City, TX	75496
Wolfe, WV	24751
Wolfeboro Falls, NH	03896
Wolfeboro, NH	03894
Wolfforth, TX	79382
Wolflake, IN	46796
Wolford, ND	58385
Wolford, VA	24658
Wolftown, VA	22748
Wolsey, SD	57384
Wolverine, MI	49799
Wolverton, MN	56594
Womelsdorf, PA	19567
Wonalancet, NH	03897
Wonder Lake, IL	60097
Wonewoc, WI	53968
Wood Lake, MN	56297
Wood Lake, NE	69221
Wood Ridge, NJ	07075
Wood River Junction, RI	02894
Wood River, IL	62095
Wood River, NE	68883
Wood, PA	16694
Wood, SD	57585
Woodacre, CA	94973
Woodberry Forest, VA	22989
Woodbine, GA	31569
Woodbine, IA	51579
Woodbine, KS	67492
Woodbine, KY	40771
Woodbine, MD	21797
Woodbine, NJ	08270
Woodbourne, NY	12788
Woodbridge, CA	95258
Woodbridge, CT	06525
Woodbridge, NJ	07095
Woodburn, IA	50275
Woodburn, IN	46797
Woodburn, KY	42170
Woodburn, OR	97071
Woodbury Heights, NJ	08097
Woodbury, CT	06798
Woodbury, GA	30293
Woodbury, KY	42288
Woodbury, NJ	08096
Woodbury, NY	11797
Woodbury, PA	16695
Woodbury, TN	37190
Woodbury, VT	05681
Woodcliff Lake, NJ	07677
Woodford, VA	22580
Woodford, WI	53599
Woodgate, NY	13494
Woodhaven, NY	11421
Woodhull, IL	61490
Woodhull, NY	14898
Woodlake, CA	93286
Woodlake, TX	75865
Woodland Mills, TN	38271
Woodland, AL	36280
Woodland, GA	31836
Woodland, IL	60974
Woodland, MI	48897
Woodland, MS	39776
Woodland, NC	27897
Woodland, PA	16881
Woodland, WA	98674
Woodland, WI	53099
Woodlawn, IL	62898
Woodlawn, TN	37191
Woodlawn, TX	75694
Woodlawn, VA	24381
Woodleaf, NC	27054
Woodlyn, PA	19094
Woodman, WI	53827
Woodmere, NY	11598
Woodridge, IL	60517
Woodridge, NY	12789
Woodrow, CO	80757
Woodruff, AZ	85942
Woodruff, SC	29388
Woodruff, UT	84086
Woodruff, WI	54568
Woods Cross Roads, VA	23190
Woods Cross, UT	84087
Woods Hole, MA	02543
Woodsboro, MD	21798
Woodsboro, TX	78393
Woodsfield, OH	43793
Woodside, DE	19980
Woodside, NY	11377
Woodson, AR	72180
Woodson, IL	62695
Woodson, TX	76491
Woodstock Valley, CT	06282
Woodstock, AL	35188
Woodstock, CT	06281
Woodstock, IL	60098
Woodstock, MD	21163
Woodstock, MN	56186
Woodstock, NH	03293
Woodstock, NY	12498
Woodstock, OH	43084
Woodstock, VA	22664
Woodstock, VT	05091
Woodston, KS	67675
Woodstown, NJ	08098
Woodsville, NH	03785
Woodville, AL	35776
Woodville, FL	32362
Woodville, MA	01784
Woodville, MS	39669
Woodville, OH	43469
Woodville, VA	22749
Woodville, WI	54028
Woodville, WV	25572
Woodward, IA	50276
Woodward, PA	16882
Woodway, TX	76712
Woodworth, LA	71485
Woodworth, ND	58496
Woodworth, WI	53194
Woody Creek, CO	81656
Woody, CA	93287
Wooldridge, MO	65287
Woolford, MD	21677
Woollum, KY	40999
Woolrich, PA	17779
Woolstock, IA	50599
Woolwich, ME	04579
Woolwine, VA	24185
Woonsocket, RI	02895
Woonsocket, SD	57385
Wooster, AR	72181
Wooster, OH	44691
Woosung, IL	61091
Wooton, KY	41776
Worcester, NY	12197
Worcester, PA	19490
Worcester, VT	05682
Worden, IL	62097
Worden, MT	59088
Worland, WY	82401
Worley, ID	83876
Woronoco, MA	01097
Worth, IL	60482
Worth, MO	64499
Wortham, TX	76693
Worthing, SD	57077
Worthington Springs, FL	32697
Worthington, IA	52078
Worthington, IN	47471
Worthington, KY	41183
Worthington, MA	01098
Worthington, MN	56187
Worthington, MO	63567
Worthington, PA	16262
Worthington, WV	26591
Worthville, KY	41098
Worthville, PA	15784
Worton, MD	21678
Wounded Knee, SD	57794
Woxall, PA	18979
Wrangell, AK	99929
Wray, CO	80758
Wray, GA	31798
Wren, OH	45899
Wrens, GA	30833
Wrenshall, MN	55797
Wrentham, MA	02093
Wright City, MO	63390
Wright City, OK	74766
Wright, AR	72182
Wright, KS	67882
Wright, MN	55798
Wright, WY	82732
Wrights, IL	62098
Wrightsboro, TX	78677
Wrightstown, NJ	08562
Wrightstown, WI	54180
Wrightsville Beach, NC	28480
Wrightsville, AR	72183
Wrightsville, GA	31096
Wrightsville, PA	17368
Wrightwood, CA	92397
Wrigley, KY	41477
Wurtsboro, NY	12790
Wyaconda, MO	63474
Wyalusing, PA	18853
Wyandanch, NY	11798
Wyandotte, MI	48192
Wyandotte, OK	74370
Wyanet, IL	61379
Wyano, PA	15695
Wyarno, WY	82845
Wyatt, IN	46595
Wyatt, MO	63882
Wyatt, WV	26463
Wyckoff, NJ	07481
Wyco, WV	25943
Wycombe, PA	18980
Wye Mills, MD	21679
Wykoff, MN	55990
Wylie, TX	75098
Wylliesburg, VA	23976
Wymore, NE	68466
Wynantskill, NY	12198
Wyncote, PA	19095
Wyndmere, ND	58081
Wynnburg, TN	38077
Wynne, AR	72396
Wynnewood, OK	73098
Wynnewood, PA	19096
Wynona, OK	74084
Wynot, NE	68792
Wyocena, WI	53969
Wyola, MT	59089
Wyoming, IA	52362
Wyoming, IL	61491
Wyoming, MN	55092
Wyoming, NY	14591
Wyoming, PA	18644
Wyoming, RI	02898
Wyoming, WV	24898
Wysox, PA	18854
Wytheville, VA	24382
Wytopitlock, ME	04497
Xenia, IL	62899
Xenia, OH	45385
Yachats, OR	97498
Yacolt, WA	98675
Yadkinville, NC	27055
Yakutat, AK	99689
Yalaha, FL	34797
Yale, IA	50277
Yale, IL	62481
Yale, MI	48097
Yale, OK	74085
Yale, SD	57386
Yale, VA	23897
Yamhill, OR	97148
Yampa, CO	80483
Yancey, TX	78886
Yanceyville, NC	27379
Yankeetown, FL	34498
Yantic, CT	06389
Yantis, TX	75497
Yaphank, NY	11980
Yarmouth Port, MA	02675
Yarmouth, IA	52660
Yarmouth, ME	04096
Yarnell, AZ	85362
Yatahey, NM	87375
Yates Center, KS	66783
Yates City, IL	61572
Yatesboro, PA	16263
Yatesville, GA	31097
Yawkey, WV	25573
Yazoo City, MS	39194
Yeaddiss, KY	41777
Yeagertown, PA	17099
Yellow Jacket, CO	81335
Yellow Pine, ID	83677
Yellow Spring, WV	26865
Yellow Springs, OH	45387
Yellowstone National Park, WY	82190
Yellville, AR	72687
Yelm, WA	98597
Yemassee, SC	29945
Yeoman, IN	47997
Yerington, NV	89447
Yerkes, KY	41778
Yermo, CA	92398
Yeso, NM	88136
Yettem, CA	93670
Yoakum, TX	77995
Yoder, CO	80864
Yoder, IN	46798
Yoder, KS	67585
Yoder, WY	82244
Yolo, CA	95697
Yolyn, WV	25654
Yoncalla, OR	97499
York Beach, ME	03910
York Harbor, ME	03911
York Haven, PA	17370
York New Salem, PA	17371
York Springs, PA	17372
York, AL	36925
York, ME	03909
York, ND	58386
York, NE	68467
York, NY	14592
York, SC	29745
Yorklyn, DE	19736
Yorkshire, NY	14173
Yorkshire, OH	45388
Yorktown Heights, NY	10598
Yorktown, AR	71678
Yorktown, IA	51656
Yorktown, IN	47396
Yorktown, TX	78164
Yorkville, CA	95494
Yorkville, IL	60560
Yorkville, NY	13495
Yorkville, OH	43971
Yorkville, TN	38389
Yosemite National Park, CA	95389
Yosemite, KY	42566
Young America, IN	46998
Young Harris, GA	30582
Young, AZ	85554
Youngstown, FL	32466
Youngstown, NY	14174
Youngstown, PA	15696
Youngsville, LA	70592
Youngsville, NC	27596
Youngsville, NM	87064
Youngsville, NY	12791
Youngsville, PA	16371
Youngtown, AZ	85363
Youngwood, PA	15697
Yountville, CA	94599
Ypsilanti, ND	58497
Yreka, CA	96097
Yucaipa, CA	92399
Yucca, AZ	86438
Yukon, MO	65589
Yukon, PA	15698
Yulan, NY	12792
Yuma, CO	80759
Yuma, TN	38390
Yutan, NE	68073
Zacata, VA	22581
Zachary, LA	70791
Zachow, WI	54182
Zahl, ND	58856
Zaleski, OH	45698
Zalma, MO	63787
Zamora, CA	95698
Zanesfield, OH	43360
Zanesville, IN	46799
Zanoni, MO	65784
Zap, ND	58580
Zapata, TX	78076
Zarephath, NJ	08890
Zavalla, TX	75980
Zearing, IA	50278
Zebulon, GA	30295
Zebulon, NC	27597
Zeeland, MI	49464
Zeeland, ND	58581
Zeigler, IL	62999
Zelienople, PA	16063
Zellwood, FL	32798
Zenda, KS	67159
Zenda, WI	53195
Zenia, CA	95595
Zephyr Cove, NV	89448
Zephyr, TX	76890
Zieglerville, PA	19492
Zillah, WA	98953
Zimmerman, MN	55398
Zion Grove, PA	17985
Zion, IL	60099
Zionhill, PA	18981
Zionsville, IN	46077
Zionsville, PA	18092
Zionville, NC	28698
Zirconia, NC	28790
Zoar, OH	44697
Zoe, KY	41397
Zolfo Springs, FL	33890
Zortman, MT	59546
Zullinger, PA	17272
Zumbro Falls, MN	55991
Zumbrota, MN	55992
Zuni, NM	87327
Zuni, VA	23898
Zurich, MT	59547
Zwingle, IA	52079
Zwolle, LA	71486
